<?xml version="1.0" encoding="UTF-8"?>
<?xml-model href="span.rng"
            type="application/xml"
            schematypens="http://relaxng.org/ns/structure/1.0"?>
<layer docid="WDF19_A0000.14032"
       xmlns="http://ids-mannheim.de/ns/KorAP"
       version="KorAP-0.4">
  <spanList>
    <span id="t_0" from="0" to="7" />
    <span id="t_1" from="8" to="19" />
    <span id="t_2" from="21" to="32" />
    <span id="t_3" from="33" to="35" />
    <span id="t_4" from="36" to="39" />
    <span id="t_5" from="40" to="49" />
    <span id="t_6" from="50" to="56" />
    <span id="t_7" from="56" to="57" />
    <span id="t_8" from="58" to="59" />
    <span id="t_9" from="59" to="71" />
    <span id="t_10" from="72" to="73" />
    <span id="t_11" from="73" to="80" />
    <span id="t_12" from="82" to="83" />
    <span id="t_13" from="83" to="90" />
    <span id="t_14" from="92" to="93" />
    <span id="t_15" from="93" to="100" />
    <span id="t_16" from="101" to="102" />
    <span id="t_17" from="102" to="103" />
    <span id="t_18" from="105" to="106" />
    <span id="t_19" from="106" to="113" />
    <span id="t_20" from="114" to="115" />
    <span id="t_21" from="116" to="117" />
    <span id="t_22" from="117" to="124" />
    <span id="t_23" from="125" to="126" />
    <span id="t_24" from="128" to="129" />
    <span id="t_25" from="129" to="136" />
    <span id="t_26" from="137" to="138" />
    <span id="t_27" from="139" to="140" />
    <span id="t_28" from="140" to="147" />
    <span id="t_29" from="148" to="149" />
    <span id="t_30" from="151" to="152" />
    <span id="t_31" from="152" to="159" />
    <span id="t_32" from="160" to="161" />
    <span id="t_33" from="162" to="163" />
    <span id="t_34" from="163" to="170" />
    <span id="t_35" from="171" to="172" />
    <span id="t_36" from="173" to="174" />
    <span id="t_37" from="174" to="175" />
    <span id="t_38" from="177" to="180" />
    <span id="t_39" from="182" to="185" />
    <span id="t_40" from="187" to="190" />
    <span id="t_41" from="191" to="192" />
    <span id="t_42" from="192" to="202" />
    <span id="t_43" from="204" to="209" />
    <span id="t_44" from="210" to="211" />
    <span id="t_45" from="211" to="212" />
    <span id="t_46" from="212" to="213" />
    <span id="t_47" from="213" to="214" />
    <span id="t_48" from="214" to="215" />
    <span id="t_49" from="215" to="216" />
    <span id="t_50" from="217" to="218" />
    <span id="t_51" from="218" to="219" />
    <span id="t_52" from="219" to="220" />
    <span id="t_53" from="220" to="221" />
    <span id="t_54" from="221" to="222" />
    <span id="t_55" from="222" to="223" />
    <span id="t_56" from="224" to="227" />
    <span id="t_57" from="228" to="229" />
    <span id="t_58" from="229" to="230" />
    <span id="t_59" from="230" to="231" />
    <span id="t_60" from="231" to="232" />
    <span id="t_61" from="232" to="233" />
    <span id="t_62" from="234" to="237" />
    <span id="t_63" from="238" to="241" />
    <span id="t_64" from="242" to="246" />
    <span id="t_65" from="247" to="254" />
    <span id="t_66" from="255" to="258" />
    <span id="t_67" from="259" to="262" />
    <span id="t_68" from="263" to="264" />
    <span id="t_69" from="264" to="265" />
    <span id="t_70" from="266" to="267" />
    <span id="t_71" from="267" to="268" />
    <span id="t_72" from="269" to="272" />
    <span id="t_73" from="273" to="274" />
    <span id="t_74" from="275" to="279" />
    <span id="t_75" from="279" to="280" />
    <span id="t_76" from="281" to="293" />
    <span id="t_77" from="293" to="294" />
    <span id="t_78" from="296" to="300" />
    <span id="t_79" from="301" to="305" />
    <span id="t_80" from="306" to="309" />
    <span id="t_81" from="310" to="316" />
    <span id="t_82" from="317" to="319" />
    <span id="t_83" from="320" to="323" />
    <span id="t_84" from="324" to="328" />
    <span id="t_85" from="329" to="337" />
    <span id="t_86" from="338" to="340" />
    <span id="t_87" from="341" to="344" />
    <span id="t_88" from="345" to="351" />
    <span id="t_89" from="352" to="353" />
    <span id="t_90" from="354" to="360" />
    <span id="t_91" from="360" to="361" />
    <span id="t_92" from="362" to="364" />
    <span id="t_93" from="365" to="367" />
    <span id="t_94" from="368" to="369" />
    <span id="t_95" from="370" to="382" />
    <span id="t_96" from="382" to="383" />
    <span id="t_97" from="385" to="389" />
    <span id="t_98" from="390" to="395" />
    <span id="t_99" from="396" to="400" />
    <span id="t_100" from="401" to="403" />
    <span id="t_101" from="404" to="409" />
    <span id="t_102" from="410" to="412" />
    <span id="t_103" from="413" to="421" />
    <span id="t_104" from="422" to="428" />
    <span id="t_105" from="429" to="431" />
    <span id="t_106" from="432" to="443" />
    <span id="t_107" from="444" to="447" />
    <span id="t_108" from="448" to="460" />
    <span id="t_109" from="461" to="471" />
    <span id="t_110" from="472" to="479" />
    <span id="t_111" from="480" to="481" />
    <span id="t_112" from="481" to="484" />
    <span id="t_113" from="485" to="494" />
    <span id="t_114" from="495" to="505" />
    <span id="t_115" from="506" to="512" />
    <span id="t_116" from="512" to="513" />
    <span id="t_117" from="513" to="514" />
    <span id="t_118" from="515" to="518" />
    <span id="t_119" from="519" to="529" />
    <span id="t_120" from="530" to="543" />
    <span id="t_121" from="544" to="553" />
    <span id="t_122" from="554" to="556" />
    <span id="t_123" from="557" to="560" />
    <span id="t_124" from="560" to="561" />
    <span id="t_125" from="562" to="564" />
    <span id="t_126" from="565" to="573" />
    <span id="t_127" from="575" to="578" />
    <span id="t_128" from="579" to="589" />
    <span id="t_129" from="590" to="603" />
    <span id="t_130" from="604" to="613" />
    <span id="t_131" from="614" to="616" />
    <span id="t_132" from="617" to="620" />
    <span id="t_133" from="620" to="621" />
    <span id="t_134" from="623" to="631" />
    <span id="t_135" from="632" to="634" />
    <span id="t_136" from="635" to="638" />
    <span id="t_137" from="638" to="639" />
    <span id="t_138" from="641" to="645" />
    <span id="t_139" from="646" to="648" />
    <span id="t_140" from="649" to="659" />
    <span id="t_141" from="660" to="670" />
    <span id="t_142" from="671" to="673" />
    <span id="t_143" from="674" to="682" />
    <span id="t_144" from="683" to="687" />
    <span id="t_145" from="688" to="693" />
    <span id="t_146" from="694" to="697" />
    <span id="t_147" from="698" to="700" />
    <span id="t_148" from="701" to="709" />
    <span id="t_149" from="710" to="717" />
    <span id="t_150" from="718" to="720" />
    <span id="t_151" from="721" to="730" />
    <span id="t_152" from="731" to="733" />
    <span id="t_153" from="734" to="736" />
    <span id="t_154" from="737" to="741" />
    <span id="t_155" from="742" to="748" />
    <span id="t_156" from="749" to="758" />
    <span id="t_157" from="759" to="761" />
    <span id="t_158" from="762" to="767" />
    <span id="t_159" from="768" to="776" />
    <span id="t_160" from="776" to="777" />
    <span id="t_161" from="778" to="780" />
    <span id="t_162" from="781" to="785" />
    <span id="t_163" from="785" to="786" />
    <span id="t_164" from="787" to="789" />
    <span id="t_165" from="790" to="798" />
    <span id="t_166" from="799" to="801" />
    <span id="t_167" from="802" to="813" />
    <span id="t_168" from="814" to="822" />
    <span id="t_169" from="823" to="826" />
    <span id="t_170" from="827" to="829" />
    <span id="t_171" from="830" to="835" />
    <span id="t_172" from="836" to="838" />
    <span id="t_173" from="839" to="846" />
    <span id="t_174" from="847" to="849" />
    <span id="t_175" from="850" to="852" />
    <span id="t_176" from="853" to="855" />
    <span id="t_177" from="856" to="865" />
    <span id="t_178" from="866" to="869" />
    <span id="t_179" from="870" to="878" />
    <span id="t_180" from="879" to="883" />
    <span id="t_181" from="884" to="890" />
    <span id="t_182" from="891" to="901" />
    <span id="t_183" from="902" to="904" />
    <span id="t_184" from="905" to="911" />
    <span id="t_185" from="912" to="914" />
    <span id="t_186" from="915" to="919" />
    <span id="t_187" from="920" to="926" />
    <span id="t_188" from="927" to="936" />
    <span id="t_189" from="936" to="937" />
    <span id="t_190" from="938" to="940" />
    <span id="t_191" from="941" to="943" />
    <span id="t_192" from="944" to="946" />
    <span id="t_193" from="947" to="953" />
    <span id="t_194" from="954" to="955" />
    <span id="t_195" from="956" to="958" />
    <span id="t_196" from="959" to="965" />
    <span id="t_197" from="966" to="967" />
    <span id="t_198" from="968" to="971" />
    <span id="t_199" from="972" to="981" />
    <span id="t_200" from="981" to="982" />
    <span id="t_201" from="983" to="985" />
    <span id="t_202" from="986" to="994" />
    <span id="t_203" from="995" to="998" />
    <span id="t_204" from="999" to="1004" />
    <span id="t_205" from="1005" to="1014" />
    <span id="t_206" from="1015" to="1016" />
    <span id="t_207" from="1017" to="1019" />
    <span id="t_208" from="1020" to="1027" />
    <span id="t_209" from="1028" to="1037" />
    <span id="t_210" from="1038" to="1040" />
    <span id="t_211" from="1041" to="1045" />
    <span id="t_212" from="1046" to="1050" />
    <span id="t_213" from="1051" to="1053" />
    <span id="t_214" from="1054" to="1064" />
    <span id="t_215" from="1065" to="1067" />
    <span id="t_216" from="1068" to="1076" />
    <span id="t_217" from="1077" to="1079" />
    <span id="t_218" from="1080" to="1084" />
    <span id="t_219" from="1085" to="1095" />
    <span id="t_220" from="1096" to="1099" />
    <span id="t_221" from="1100" to="1106" />
    <span id="t_222" from="1107" to="1109" />
    <span id="t_223" from="1110" to="1117" />
    <span id="t_224" from="1117" to="1118" />
    <span id="t_225" from="1119" to="1126" />
    <span id="t_226" from="1127" to="1129" />
    <span id="t_227" from="1130" to="1144" />
    <span id="t_228" from="1146" to="1148" />
    <span id="t_229" from="1149" to="1156" />
    <span id="t_230" from="1157" to="1159" />
    <span id="t_231" from="1160" to="1165" />
    <span id="t_232" from="1165" to="1166" />
    <span id="t_233" from="1167" to="1174" />
    <span id="t_234" from="1175" to="1179" />
    <span id="t_235" from="1180" to="1187" />
    <span id="t_236" from="1188" to="1191" />
    <span id="t_237" from="1192" to="1199" />
    <span id="t_238" from="1200" to="1202" />
    <span id="t_239" from="1203" to="1213" />
    <span id="t_240" from="1213" to="1214" />
    <span id="t_241" from="1215" to="1226" />
    <span id="t_242" from="1227" to="1229" />
    <span id="t_243" from="1230" to="1238" />
    <span id="t_244" from="1238" to="1239" />
    <span id="t_245" from="1240" to="1242" />
    <span id="t_246" from="1243" to="1252" />
    <span id="t_247" from="1253" to="1256" />
    <span id="t_248" from="1257" to="1260" />
    <span id="t_249" from="1261" to="1267" />
    <span id="t_250" from="1268" to="1278" />
    <span id="t_251" from="1279" to="1281" />
    <span id="t_252" from="1282" to="1285" />
    <span id="t_253" from="1286" to="1289" />
    <span id="t_254" from="1290" to="1293" />
    <span id="t_255" from="1294" to="1302" />
    <span id="t_256" from="1303" to="1305" />
    <span id="t_257" from="1306" to="1308" />
    <span id="t_258" from="1309" to="1315" />
    <span id="t_259" from="1316" to="1324" />
    <span id="t_260" from="1325" to="1327" />
    <span id="t_261" from="1328" to="1330" />
    <span id="t_262" from="1331" to="1338" />
    <span id="t_263" from="1339" to="1342" />
    <span id="t_264" from="1343" to="1345" />
    <span id="t_265" from="1346" to="1351" />
    <span id="t_266" from="1351" to="1352" />
    <span id="t_267" from="1354" to="1357" />
    <span id="t_268" from="1358" to="1365" />
    <span id="t_269" from="1365" to="1366" />
    <span id="t_270" from="1367" to="1369" />
    <span id="t_271" from="1370" to="1380" />
    <span id="t_272" from="1381" to="1384" />
    <span id="t_273" from="1385" to="1392" />
    <span id="t_274" from="1393" to="1397" />
    <span id="t_275" from="1398" to="1401" />
    <span id="t_276" from="1402" to="1413" />
    <span id="t_277" from="1414" to="1416" />
    <span id="t_278" from="1417" to="1423" />
    <span id="t_279" from="1424" to="1425" />
    <span id="t_280" from="1425" to="1426" />
    <span id="t_281" from="1426" to="1427" />
    <span id="t_282" from="1428" to="1429" />
    <span id="t_283" from="1430" to="1436" />
    <span id="t_284" from="1437" to="1441" />
    <span id="t_285" from="1442" to="1444" />
    <span id="t_286" from="1445" to="1451" />
    <span id="t_287" from="1452" to="1454" />
    <span id="t_288" from="1455" to="1456" />
    <span id="t_289" from="1456" to="1457" />
    <span id="t_290" from="1457" to="1458" />
    <span id="t_291" from="1458" to="1460" />
    <span id="t_292" from="1461" to="1468" />
    <span id="t_293" from="1469" to="1471" />
    <span id="t_294" from="1472" to="1476" />
    <span id="t_295" from="1477" to="1482" />
    <span id="t_296" from="1483" to="1485" />
    <span id="t_297" from="1486" to="1494" />
    <span id="t_298" from="1495" to="1499" />
    <span id="t_299" from="1500" to="1503" />
    <span id="t_300" from="1504" to="1510" />
    <span id="t_301" from="1511" to="1521" />
    <span id="t_302" from="1521" to="1522" />
    <span id="t_303" from="1523" to="1526" />
    <span id="t_304" from="1527" to="1532" />
    <span id="t_305" from="1532" to="1533" />
    <span id="t_306" from="1533" to="1539" />
    <span id="t_307" from="1539" to="1540" />
    <span id="t_308" from="1540" to="1542" />
    <span id="t_309" from="1543" to="1552" />
    <span id="t_310" from="1553" to="1557" />
    <span id="t_311" from="1558" to="1559" />
    <span id="t_312" from="1560" to="1562" />
    <span id="t_313" from="1562" to="1563" />
    <span id="t_314" from="1563" to="1565" />
    <span id="t_315" from="1566" to="1570" />
    <span id="t_316" from="1570" to="1571" />
    <span id="t_317" from="1573" to="1575" />
    <span id="t_318" from="1576" to="1583" />
    <span id="t_319" from="1584" to="1592" />
    <span id="t_320" from="1592" to="1593" />
    <span id="t_321" from="1594" to="1598" />
    <span id="t_322" from="1599" to="1602" />
    <span id="t_323" from="1603" to="1609" />
    <span id="t_324" from="1610" to="1614" />
    <span id="t_325" from="1615" to="1616" />
    <span id="t_326" from="1617" to="1626" />
    <span id="t_327" from="1627" to="1638" />
    <span id="t_328" from="1638" to="1639" />
    <span id="t_329" from="1640" to="1642" />
    <span id="t_330" from="1643" to="1647" />
    <span id="t_331" from="1648" to="1658" />
    <span id="t_332" from="1659" to="1662" />
    <span id="t_333" from="1663" to="1677" />
    <span id="t_334" from="1678" to="1681" />
    <span id="t_335" from="1682" to="1692" />
    <span id="t_336" from="1693" to="1695" />
    <span id="t_337" from="1696" to="1702" />
    <span id="t_338" from="1703" to="1706" />
    <span id="t_339" from="1707" to="1721" />
    <span id="t_340" from="1721" to="1722" />
    <span id="t_341" from="1724" to="1725" />
    <span id="t_342" from="1726" to="1728" />
    <span id="t_343" from="1729" to="1738" />
    <span id="t_344" from="1739" to="1743" />
    <span id="t_345" from="1744" to="1745" />
    <span id="t_346" from="1745" to="1755" />
    <span id="t_347" from="1755" to="1756" />
    <span id="t_348" from="1757" to="1759" />
    <span id="t_349" from="1760" to="1763" />
    <span id="t_350" from="1764" to="1767" />
    <span id="t_351" from="1768" to="1777" />
    <span id="t_352" from="1778" to="1790" />
    <span id="t_353" from="1790" to="1791" />
    <span id="t_354" from="1792" to="1799" />
    <span id="t_355" from="1800" to="1814" />
    <span id="t_356" from="1815" to="1817" />
    <span id="t_357" from="1818" to="1820" />
    <span id="t_358" from="1821" to="1829" />
    <span id="t_359" from="1830" to="1839" />
    <span id="t_360" from="1839" to="1840" />
    <span id="t_361" from="1841" to="1846" />
    <span id="t_362" from="1847" to="1858" />
    <span id="t_363" from="1859" to="1871" />
    <span id="t_364" from="1872" to="1877" />
    <span id="t_365" from="1878" to="1885" />
    <span id="t_366" from="1886" to="1894" />
    <span id="t_367" from="1895" to="1900" />
    <span id="t_368" from="1901" to="1904" />
    <span id="t_369" from="1905" to="1919" />
    <span id="t_370" from="1920" to="1929" />
    <span id="t_371" from="1929" to="1930" />
    <span id="t_372" from="1931" to="1936" />
    <span id="t_373" from="1937" to="1942" />
    <span id="t_374" from="1943" to="1957" />
    <span id="t_375" from="1958" to="1961" />
    <span id="t_376" from="1962" to="1971" />
    <span id="t_377" from="1972" to="1974" />
    <span id="t_378" from="1975" to="1984" />
    <span id="t_379" from="1984" to="1985" />
    <span id="t_380" from="1986" to="1988" />
    <span id="t_381" from="1989" to="1997" />
    <span id="t_382" from="1998" to="2007" />
    <span id="t_383" from="2008" to="2011" />
    <span id="t_384" from="2012" to="2023" />
    <span id="t_385" from="2024" to="2037" />
    <span id="t_386" from="2038" to="2041" />
    <span id="t_387" from="2042" to="2051" />
    <span id="t_388" from="2052" to="2061" />
    <span id="t_389" from="2062" to="2064" />
    <span id="t_390" from="2065" to="2070" />
    <span id="t_391" from="2071" to="2075" />
    <span id="t_392" from="2076" to="2078" />
    <span id="t_393" from="2079" to="2086" />
    <span id="t_394" from="2087" to="2092" />
    <span id="t_395" from="2092" to="2093" />
    <span id="t_396" from="2095" to="2096" />
    <span id="t_397" from="2097" to="2099" />
    <span id="t_398" from="2100" to="2113" />
    <span id="t_399" from="2114" to="2123" />
    <span id="t_400" from="2124" to="2127" />
    <span id="t_401" from="2128" to="2135" />
    <span id="t_402" from="2136" to="2149" />
    <span id="t_403" from="2150" to="2152" />
    <span id="t_404" from="2153" to="2154" />
    <span id="t_405" from="2155" to="2159" />
    <span id="t_406" from="2160" to="2168" />
    <span id="t_407" from="2169" to="2176" />
    <span id="t_408" from="2177" to="2179" />
    <span id="t_409" from="2180" to="2187" />
    <span id="t_410" from="2188" to="2191" />
    <span id="t_411" from="2192" to="2202" />
    <span id="t_412" from="2203" to="2214" />
    <span id="t_413" from="2215" to="2218" />
    <span id="t_414" from="2219" to="2228" />
    <span id="t_415" from="2229" to="2234" />
    <span id="t_416" from="2235" to="2242" />
    <span id="t_417" from="2242" to="2243" />
    <span id="t_418" from="2244" to="2257" />
    <span id="t_419" from="2258" to="2260" />
    <span id="t_420" from="2261" to="2264" />
    <span id="t_421" from="2265" to="2275" />
    <span id="t_422" from="2276" to="2281" />
    <span id="t_423" from="2282" to="2289" />
    <span id="t_424" from="2290" to="2295" />
    <span id="t_425" from="2296" to="2306" />
    <span id="t_426" from="2307" to="2310" />
    <span id="t_427" from="2311" to="2319" />
    <span id="t_428" from="2320" to="2322" />
    <span id="t_429" from="2323" to="2331" />
    <span id="t_430" from="2332" to="2335" />
    <span id="t_431" from="2336" to="2340" />
    <span id="t_432" from="2340" to="2341" />
    <span id="t_433" from="2343" to="2347" />
    <span id="t_434" from="2348" to="2355" />
    <span id="t_435" from="2356" to="2358" />
    <span id="t_436" from="2359" to="2361" />
    <span id="t_437" from="2362" to="2369" />
    <span id="t_438" from="2369" to="2370" />
    <span id="t_439" from="2372" to="2374" />
    <span id="t_440" from="2375" to="2379" />
    <span id="t_441" from="2380" to="2387" />
    <span id="t_442" from="2388" to="2390" />
    <span id="t_443" from="2391" to="2398" />
    <span id="t_444" from="2399" to="2401" />
    <span id="t_445" from="2402" to="2411" />
    <span id="t_446" from="2412" to="2415" />
    <span id="t_447" from="2416" to="2427" />
    <span id="t_448" from="2428" to="2430" />
    <span id="t_449" from="2431" to="2441" />
    <span id="t_450" from="2442" to="2444" />
    <span id="t_451" from="2445" to="2450" />
    <span id="t_452" from="2451" to="2456" />
    <span id="t_453" from="2457" to="2467" />
    <span id="t_454" from="2468" to="2476" />
    <span id="t_455" from="2476" to="2477" />
    <span id="t_456" from="2479" to="2481" />
    <span id="t_457" from="2482" to="2486" />
    <span id="t_458" from="2487" to="2493" />
    <span id="t_459" from="2494" to="2497" />
    <span id="t_460" from="2498" to="2502" />
    <span id="t_461" from="2503" to="2512" />
    <span id="t_462" from="2513" to="2517" />
    <span id="t_463" from="2518" to="2520" />
    <span id="t_464" from="2521" to="2525" />
    <span id="t_465" from="2526" to="2533" />
    <span id="t_466" from="2534" to="2538" />
    <span id="t_467" from="2539" to="2541" />
    <span id="t_468" from="2542" to="2551" />
    <span id="t_469" from="2552" to="2562" />
    <span id="t_470" from="2563" to="2572" />
    <span id="t_471" from="2573" to="2575" />
    <span id="t_472" from="2576" to="2580" />
    <span id="t_473" from="2580" to="2581" />
    <span id="t_474" from="2582" to="2585" />
    <span id="t_475" from="2586" to="2591" />
    <span id="t_476" from="2591" to="2592" />
    <span id="t_477" from="2592" to="2596" />
    <span id="t_478" from="2596" to="2597" />
    <span id="t_479" from="2597" to="2599" />
    <span id="t_480" from="2600" to="2603" />
    <span id="t_481" from="2604" to="2608" />
    <span id="t_482" from="2609" to="2610" />
    <span id="t_483" from="2611" to="2616" />
    <span id="t_484" from="2617" to="2621" />
    <span id="t_485" from="2621" to="2622" />
    <span id="t_486" from="2623" to="2632" />
    <span id="t_487" from="2634" to="2636" />
    <span id="t_488" from="2637" to="2647" />
    <span id="t_489" from="2648" to="2654" />
    <span id="t_490" from="2655" to="2659" />
    <span id="t_491" from="2660" to="2662" />
    <span id="t_492" from="2663" to="2672" />
    <span id="t_493" from="2673" to="2678" />
    <span id="t_494" from="2679" to="2682" />
    <span id="t_495" from="2683" to="2694" />
    <span id="t_496" from="2694" to="2695" />
    <span id="t_497" from="2696" to="2705" />
    <span id="t_498" from="2706" to="2711" />
    <span id="t_499" from="2712" to="2713" />
    <span id="t_500" from="2714" to="2720" />
    <span id="t_501" from="2721" to="2724" />
    <span id="t_502" from="2725" to="2727" />
    <span id="t_503" from="2728" to="2737" />
    <span id="t_504" from="2738" to="2741" />
    <span id="t_505" from="2742" to="2749" />
    <span id="t_506" from="2750" to="2756" />
    <span id="t_507" from="2757" to="2760" />
    <span id="t_508" from="2761" to="2764" />
    <span id="t_509" from="2765" to="2776" />
    <span id="t_510" from="2777" to="2779" />
    <span id="t_511" from="2780" to="2791" />
    <span id="t_512" from="2792" to="2804" />
    <span id="t_513" from="2805" to="2809" />
    <span id="t_514" from="2810" to="2815" />
    <span id="t_515" from="2816" to="2818" />
    <span id="t_516" from="2819" to="2823" />
    <span id="t_517" from="2824" to="2832" />
    <span id="t_518" from="2833" to="2844" />
    <span id="t_519" from="2844" to="2845" />
    <span id="t_520" from="2846" to="2848" />
    <span id="t_521" from="2849" to="2855" />
    <span id="t_522" from="2856" to="2860" />
    <span id="t_523" from="2861" to="2868" />
    <span id="t_524" from="2868" to="2869" />
    <span id="t_525" from="2870" to="2871" />
    <span id="t_526" from="2872" to="2875" />
    <span id="t_527" from="2876" to="2880" />
    <span id="t_528" from="2880" to="2881" />
    <span id="t_529" from="2882" to="2884" />
    <span id="t_530" from="2885" to="2891" />
    <span id="t_531" from="2892" to="2899" />
    <span id="t_532" from="2900" to="2902" />
    <span id="t_533" from="2903" to="2913" />
    <span id="t_534" from="2914" to="2916" />
    <span id="t_535" from="2917" to="2926" />
    <span id="t_536" from="2927" to="2928" />
    <span id="t_537" from="2930" to="2931" />
    <span id="t_538" from="2931" to="2936" />
    <span id="t_539" from="2937" to="2938" />
    <span id="t_540" from="2938" to="2939" />
    <span id="t_541" from="2939" to="2940" />
    <span id="t_542" from="2940" to="2949" />
    <span id="t_543" from="2949" to="2950" />
    <span id="t_544" from="2951" to="2952" />
    <span id="t_545" from="2952" to="2966" />
    <span id="t_546" from="2966" to="2967" />
    <span id="t_547" from="2967" to="2977" />
    <span id="t_548" from="2977" to="2978" />
    <span id="t_549" from="2979" to="2980" />
    <span id="t_550" from="2982" to="2985" />
    <span id="t_551" from="2985" to="2986" />
    <span id="t_552" from="2987" to="2991" />
    <span id="t_553" from="2991" to="2992" />
    <span id="t_554" from="2993" to="2994" />
    <span id="t_555" from="2995" to="2997" />
    <span id="t_556" from="2998" to="3004" />
    <span id="t_557" from="3005" to="3007" />
    <span id="t_558" from="3008" to="3010" />
    <span id="t_559" from="3011" to="3014" />
    <span id="t_560" from="3015" to="3023" />
    <span id="t_561" from="3024" to="3026" />
    <span id="t_562" from="3027" to="3034" />
    <span id="t_563" from="3035" to="3037" />
    <span id="t_564" from="3038" to="3049" />
    <span id="t_565" from="3050" to="3056" />
    <span id="t_566" from="3056" to="3057" />
    <span id="t_567" from="3058" to="3060" />
    <span id="t_568" from="3061" to="3063" />
    <span id="t_569" from="3064" to="3070" />
    <span id="t_570" from="3071" to="3076" />
    <span id="t_571" from="3077" to="3081" />
    <span id="t_572" from="3082" to="3084" />
    <span id="t_573" from="3085" to="3092" />
    <span id="t_574" from="3093" to="3107" />
    <span id="t_575" from="3108" to="3112" />
    <span id="t_576" from="3113" to="3116" />
    <span id="t_577" from="3117" to="3124" />
    <span id="t_578" from="3124" to="3125" />
    <span id="t_579" from="3127" to="3132" />
    <span id="t_580" from="3133" to="3140" />
    <span id="t_581" from="3141" to="3145" />
    <span id="t_582" from="3146" to="3154" />
    <span id="t_583" from="3154" to="3155" />
    <span id="t_584" from="3156" to="3158" />
    <span id="t_585" from="3159" to="3164" />
    <span id="t_586" from="3165" to="3168" />
    <span id="t_587" from="3169" to="3171" />
    <span id="t_588" from="3172" to="3180" />
    <span id="t_589" from="3181" to="3189" />
    <span id="t_590" from="3190" to="3194" />
    <span id="t_591" from="3195" to="3199" />
    <span id="t_592" from="3200" to="3204" />
    <span id="t_593" from="3205" to="3207" />
    <span id="t_594" from="3208" to="3213" />
    <span id="t_595" from="3214" to="3215" />
    <span id="t_596" from="3216" to="3226" />
    <span id="t_597" from="3227" to="3229" />
    <span id="t_598" from="3230" to="3239" />
    <span id="t_599" from="3239" to="3240" />
    <span id="t_600" from="3241" to="3244" />
    <span id="t_601" from="3245" to="3250" />
    <span id="t_602" from="3251" to="3253" />
    <span id="t_603" from="3254" to="3261" />
    <span id="t_604" from="3262" to="3264" />
    <span id="t_605" from="3265" to="3270" />
    <span id="t_606" from="3271" to="3274" />
    <span id="t_607" from="3275" to="3285" />
    <span id="t_608" from="3286" to="3289" />
    <span id="t_609" from="3290" to="3300" />
    <span id="t_610" from="3301" to="3308" />
    <span id="t_611" from="3309" to="3311" />
    <span id="t_612" from="3312" to="3323" />
    <span id="t_613" from="3324" to="3336" />
    <span id="t_614" from="3336" to="3337" />
    <span id="t_615" from="3338" to="3343" />
    <span id="t_616" from="3344" to="3353" />
    <span id="t_617" from="3354" to="3357" />
    <span id="t_618" from="3358" to="3368" />
    <span id="t_619" from="3369" to="3379" />
    <span id="t_620" from="3380" to="3391" />
    <span id="t_621" from="3391" to="3392" />
    <span id="t_622" from="3393" to="3398" />
    <span id="t_623" from="3399" to="3405" />
    <span id="t_624" from="3406" to="3408" />
    <span id="t_625" from="3409" to="3421" />
    <span id="t_626" from="3422" to="3424" />
    <span id="t_627" from="3425" to="3436" />
    <span id="t_628" from="3437" to="3449" />
    <span id="t_629" from="3450" to="3455" />
    <span id="t_630" from="3456" to="3458" />
    <span id="t_631" from="3459" to="3463" />
    <span id="t_632" from="3464" to="3466" />
    <span id="t_633" from="3467" to="3471" />
    <span id="t_634" from="3471" to="3472" />
    <span id="t_635" from="3473" to="3477" />
    <span id="t_636" from="3478" to="3486" />
    <span id="t_637" from="3487" to="3490" />
    <span id="t_638" from="3491" to="3494" />
    <span id="t_639" from="3495" to="3501" />
    <span id="t_640" from="3502" to="3508" />
    <span id="t_641" from="3509" to="3511" />
    <span id="t_642" from="3512" to="3522" />
    <span id="t_643" from="3522" to="3523" />
    <span id="t_644" from="3524" to="3526" />
    <span id="t_645" from="3527" to="3529" />
    <span id="t_646" from="3530" to="3537" />
    <span id="t_647" from="3538" to="3542" />
    <span id="t_648" from="3543" to="3545" />
    <span id="t_649" from="3546" to="3552" />
    <span id="t_650" from="3553" to="3556" />
    <span id="t_651" from="3557" to="3562" />
    <span id="t_652" from="3562" to="3563" />
    <span id="t_653" from="3564" to="3567" />
    <span id="t_654" from="3568" to="3575" />
    <span id="t_655" from="3575" to="3576" />
    <span id="t_656" from="3577" to="3586" />
    <span id="t_657" from="3587" to="3589" />
    <span id="t_658" from="3590" to="3600" />
    <span id="t_659" from="3601" to="3603" />
    <span id="t_660" from="3604" to="3606" />
    <span id="t_661" from="3607" to="3618" />
    <span id="t_662" from="3619" to="3622" />
    <span id="t_663" from="3623" to="3626" />
    <span id="t_664" from="3627" to="3636" />
    <span id="t_665" from="3637" to="3639" />
    <span id="t_666" from="3640" to="3646" />
    <span id="t_667" from="3647" to="3649" />
    <span id="t_668" from="3650" to="3664" />
    <span id="t_669" from="3664" to="3665" />
    <span id="t_670" from="3666" to="3669" />
    <span id="t_671" from="3670" to="3677" />
    <span id="t_672" from="3677" to="3678" />
    <span id="t_673" from="3679" to="3681" />
    <span id="t_674" from="3682" to="3687" />
    <span id="t_675" from="3687" to="3688" />
    <span id="t_676" from="3689" to="3693" />
    <span id="t_677" from="3694" to="3702" />
    <span id="t_678" from="3703" to="3708" />
    <span id="t_679" from="3709" to="3726" />
    <span id="t_680" from="3727" to="3728" />
    <span id="t_681" from="3729" to="3736" />
    <span id="t_682" from="3737" to="3741" />
    <span id="t_683" from="3742" to="3743" />
    <span id="t_684" from="3744" to="3749" />
    <span id="t_685" from="3750" to="3751" />
    <span id="t_686" from="3751" to="3754" />
    <span id="t_687" from="3754" to="3755" />
    <span id="t_688" from="3757" to="3758" />
    <span id="t_689" from="3758" to="3759" />
    <span id="t_690" from="3759" to="3760" />
    <span id="t_691" from="3760" to="3761" />
    <span id="t_692" from="3761" to="3762" />
    <span id="t_693" from="3764" to="3766" />
    <span id="t_694" from="3766" to="3778" />
    <span id="t_695" from="3779" to="3780" />
    <span id="t_696" from="3781" to="3789" />
    <span id="t_697" from="3790" to="3794" />
    <span id="t_698" from="3795" to="3796" />
    <span id="t_699" from="3797" to="3802" />
    <span id="t_700" from="3803" to="3804" />
    <span id="t_701" from="3804" to="3807" />
    <span id="t_702" from="3807" to="3808" />
    <span id="t_703" from="3809" to="3810" />
    <span id="t_704" from="3812" to="3819" />
    <span id="t_705" from="3820" to="3822" />
    <span id="t_706" from="3823" to="3825" />
    <span id="t_707" from="3826" to="3834" />
    <span id="t_708" from="3835" to="3837" />
    <span id="t_709" from="3838" to="3844" />
    <span id="t_710" from="3845" to="3848" />
    <span id="t_711" from="3849" to="3852" />
    <span id="t_712" from="3853" to="3857" />
    <span id="t_713" from="3858" to="3860" />
    <span id="t_714" from="3861" to="3866" />
    <span id="t_715" from="3867" to="3876" />
    <span id="t_716" from="3876" to="3877" />
    <span id="t_717" from="3878" to="3880" />
    <span id="t_718" from="3881" to="3888" />
    <span id="t_719" from="3889" to="3892" />
    <span id="t_720" from="3892" to="3893" />
    <span id="t_721" from="3894" to="3898" />
    <span id="t_722" from="3899" to="3900" />
    <span id="t_723" from="3900" to="3901" />
    <span id="t_724" from="3901" to="3902" />
    <span id="t_725" from="3902" to="3903" />
    <span id="t_726" from="3904" to="3906" />
    <span id="t_727" from="3907" to="3917" />
    <span id="t_728" from="3918" to="3921" />
    <span id="t_729" from="3922" to="3925" />
    <span id="t_730" from="3926" to="3933" />
    <span id="t_731" from="3934" to="3938" />
    <span id="t_732" from="3938" to="3939" />
    <span id="t_733" from="3940" to="3942" />
    <span id="t_734" from="3943" to="3948" />
    <span id="t_735" from="3949" to="3954" />
    <span id="t_736" from="3955" to="3957" />
    <span id="t_737" from="3958" to="3962" />
    <span id="t_738" from="3963" to="3966" />
    <span id="t_739" from="3967" to="3973" />
    <span id="t_740" from="3975" to="3976" />
    <span id="t_741" from="3976" to="3979" />
    <span id="t_742" from="3979" to="3980" />
    <span id="t_743" from="3980" to="3985" />
    <span id="t_744" from="3985" to="3986" />
    <span id="t_745" from="3986" to="3990" />
    <span id="t_746" from="3990" to="3991" />
    <span id="t_747" from="3992" to="3996" />
    <span id="t_748" from="3997" to="3999" />
    <span id="t_749" from="4000" to="4009" />
    <span id="t_750" from="4010" to="4019" />
    <span id="t_751" from="4019" to="4020" />
    <span id="t_752" from="4021" to="4024" />
    <span id="t_753" from="4025" to="4032" />
    <span id="t_754" from="4033" to="4036" />
    <span id="t_755" from="4037" to="4046" />
    <span id="t_756" from="4047" to="4054" />
    <span id="t_757" from="4055" to="4061" />
    <span id="t_758" from="4062" to="4073" />
    <span id="t_759" from="4074" to="4076" />
    <span id="t_760" from="4077" to="4082" />
    <span id="t_761" from="4083" to="4091" />
    <span id="t_762" from="4092" to="4093" />
    <span id="t_763" from="4094" to="4096" />
    <span id="t_764" from="4097" to="4102" />
    <span id="t_765" from="4103" to="4105" />
    <span id="t_766" from="4106" to="4114" />
    <span id="t_767" from="4115" to="4119" />
    <span id="t_768" from="4120" to="4122" />
    <span id="t_769" from="4123" to="4128" />
    <span id="t_770" from="4129" to="4132" />
    <span id="t_771" from="4133" to="4135" />
    <span id="t_772" from="4136" to="4151" />
    <span id="t_773" from="4151" to="4152" />
    <span id="t_774" from="4153" to="4157" />
    <span id="t_775" from="4158" to="4162" />
    <span id="t_776" from="4163" to="4167" />
    <span id="t_777" from="4167" to="4168" />
    <span id="t_778" from="4169" to="4171" />
    <span id="t_779" from="4172" to="4174" />
    <span id="t_780" from="4175" to="4176" />
    <span id="t_781" from="4176" to="4181" />
    <span id="t_782" from="4181" to="4182" />
    <span id="t_783" from="4182" to="4183" />
    <span id="t_784" from="4184" to="4191" />
    <span id="t_785" from="4192" to="4196" />
    <span id="t_786" from="4196" to="4197" />
    <span id="t_787" from="4198" to="4200" />
    <span id="t_788" from="4201" to="4209" />
    <span id="t_789" from="4210" to="4211" />
    <span id="t_790" from="4212" to="4214" />
    <span id="t_791" from="4215" to="4217" />
    <span id="t_792" from="4218" to="4222" />
    <span id="t_793" from="4223" to="4226" />
    <span id="t_794" from="4227" to="4230" />
    <span id="t_795" from="4231" to="4238" />
    <span id="t_796" from="4239" to="4242" />
    <span id="t_797" from="4243" to="4248" />
    <span id="t_798" from="4249" to="4256" />
    <span id="t_799" from="4257" to="4258" />
    <span id="t_800" from="4259" to="4263" />
    <span id="t_801" from="4264" to="4266" />
    <span id="t_802" from="4267" to="4275" />
    <span id="t_803" from="4276" to="4278" />
    <span id="t_804" from="4279" to="4284" />
    <span id="t_805" from="4285" to="4289" />
    <span id="t_806" from="4290" to="4295" />
    <span id="t_807" from="4296" to="4308" />
    <span id="t_808" from="4309" to="4310" />
    <span id="t_809" from="4311" to="4313" />
    <span id="t_810" from="4314" to="4317" />
    <span id="t_811" from="4318" to="4323" />
    <span id="t_812" from="4324" to="4333" />
    <span id="t_813" from="4333" to="4334" />
    <span id="t_814" from="4335" to="4336" />
    <span id="t_815" from="4337" to="4339" />
    <span id="t_816" from="4340" to="4345" />
    <span id="t_817" from="4346" to="4347" />
    <span id="t_818" from="4348" to="4350" />
    <span id="t_819" from="4351" to="4359" />
    <span id="t_820" from="4360" to="4361" />
    <span id="t_821" from="4362" to="4364" />
    <span id="t_822" from="4365" to="4373" />
    <span id="t_823" from="4374" to="4375" />
    <span id="t_824" from="4376" to="4378" />
    <span id="t_825" from="4379" to="4385" />
    <span id="t_826" from="4385" to="4386" />
    <span id="t_827" from="4387" to="4389" />
    <span id="t_828" from="4390" to="4397" />
    <span id="t_829" from="4397" to="4398" />
    <span id="t_830" from="4399" to="4403" />
    <span id="t_831" from="4404" to="4419" />
    <span id="t_832" from="4419" to="4420" />
    <span id="t_833" from="4421" to="4425" />
    <span id="t_834" from="4426" to="4427" />
    <span id="t_835" from="4427" to="4431" />
    <span id="t_836" from="4431" to="4432" />
    <span id="t_837" from="4433" to="4438" />
    <span id="t_838" from="4439" to="4441" />
    <span id="t_839" from="4442" to="4447" />
    <span id="t_840" from="4448" to="4450" />
    <span id="t_841" from="4451" to="4463" />
    <span id="t_842" from="4464" to="4466" />
    <span id="t_843" from="4467" to="4469" />
    <span id="t_844" from="4470" to="4476" />
    <span id="t_845" from="4477" to="4486" />
    <span id="t_846" from="4487" to="4491" />
    <span id="t_847" from="4492" to="4496" />
    <span id="t_848" from="4497" to="4501" />
    <span id="t_849" from="4501" to="4502" />
    <span id="t_850" from="4503" to="4507" />
    <span id="t_851" from="4508" to="4511" />
    <span id="t_852" from="4512" to="4513" />
    <span id="t_853" from="4514" to="4516" />
    <span id="t_854" from="4517" to="4525" />
    <span id="t_855" from="4526" to="4529" />
    <span id="t_856" from="4530" to="4531" />
    <span id="t_857" from="4532" to="4538" />
    <span id="t_858" from="4539" to="4541" />
    <span id="t_859" from="4542" to="4549" />
    <span id="t_860" from="4550" to="4553" />
    <span id="t_861" from="4554" to="4566" />
    <span id="t_862" from="4567" to="4576" />
    <span id="t_863" from="4577" to="4581" />
    <span id="t_864" from="4582" to="4584" />
    <span id="t_865" from="4585" to="4590" />
    <span id="t_866" from="4591" to="4592" />
    <span id="t_867" from="4593" to="4594" />
    <span id="t_868" from="4595" to="4596" />
    <span id="t_869" from="4597" to="4606" />
    <span id="t_870" from="4607" to="4613" />
    <span id="t_871" from="4614" to="4618" />
    <span id="t_872" from="4619" to="4626" />
    <span id="t_873" from="4627" to="4629" />
    <span id="t_874" from="4630" to="4632" />
    <span id="t_875" from="4633" to="4644" />
    <span id="t_876" from="4644" to="4645" />
    <span id="t_877" from="4646" to="4648" />
    <span id="t_878" from="4649" to="4654" />
    <span id="t_879" from="4655" to="4660" />
    <span id="t_880" from="4661" to="4669" />
    <span id="t_881" from="4670" to="4671" />
    <span id="t_882" from="4672" to="4678" />
    <span id="t_883" from="4679" to="4682" />
    <span id="t_884" from="4683" to="4691" />
    <span id="t_885" from="4692" to="4694" />
    <span id="t_886" from="4695" to="4698" />
    <span id="t_887" from="4699" to="4708" />
    <span id="t_888" from="4708" to="4709" />
    <span id="t_889" from="4710" to="4714" />
    <span id="t_890" from="4715" to="4717" />
    <span id="t_891" from="4718" to="4720" />
    <span id="t_892" from="4721" to="4728" />
    <span id="t_893" from="4729" to="4732" />
    <span id="t_894" from="4733" to="4737" />
    <span id="t_895" from="4738" to="4740" />
    <span id="t_896" from="4741" to="4742" />
    <span id="t_897" from="4742" to="4751" />
    <span id="t_898" from="4751" to="4752" />
    <span id="t_899" from="4753" to="4755" />
    <span id="t_900" from="4756" to="4757" />
    <span id="t_901" from="4757" to="4766" />
    <span id="t_902" from="4766" to="4767" />
    <span id="t_903" from="4767" to="4769" />
    <span id="t_904" from="4769" to="4771" />
    <span id="t_905" from="4771" to="4783" />
    <span id="t_906" from="4784" to="4785" />
    <span id="t_907" from="4786" to="4794" />
    <span id="t_908" from="4795" to="4799" />
    <span id="t_909" from="4800" to="4801" />
    <span id="t_910" from="4802" to="4807" />
    <span id="t_911" from="4808" to="4809" />
    <span id="t_912" from="4809" to="4812" />
    <span id="t_913" from="4812" to="4813" />
    <span id="t_914" from="4815" to="4816" />
    <span id="t_915" from="4816" to="4817" />
    <span id="t_916" from="4817" to="4818" />
    <span id="t_917" from="4818" to="4819" />
    <span id="t_918" from="4819" to="4820" />
    <span id="t_919" from="4821" to="4826" />
    <span id="t_920" from="4827" to="4829" />
    <span id="t_921" from="4830" to="4841" />
    <span id="t_922" from="4843" to="4845" />
    <span id="t_923" from="4846" to="4852" />
    <span id="t_924" from="4853" to="4857" />
    <span id="t_925" from="4858" to="4861" />
    <span id="t_926" from="4862" to="4871" />
    <span id="t_927" from="4872" to="4880" />
    <span id="t_928" from="4881" to="4890" />
    <span id="t_929" from="4891" to="4895" />
    <span id="t_930" from="4896" to="4901" />
    <span id="t_931" from="4902" to="4911" />
    <span id="t_932" from="4912" to="4917" />
    <span id="t_933" from="4918" to="4929" />
    <span id="t_934" from="4930" to="4938" />
    <span id="t_935" from="4939" to="4944" />
    <span id="t_936" from="4945" to="4953" />
    <span id="t_937" from="4954" to="4956" />
    <span id="t_938" from="4957" to="4960" />
    <span id="t_939" from="4961" to="4963" />
    <span id="t_940" from="4963" to="4964" />
    <span id="t_941" from="4965" to="4971" />
    <span id="t_942" from="4972" to="4975" />
    <span id="t_943" from="4976" to="4978" />
    <span id="t_944" from="4979" to="4984" />
    <span id="t_945" from="4985" to="4987" />
    <span id="t_946" from="4988" to="4994" />
    <span id="t_947" from="4995" to="4998" />
    <span id="t_948" from="4999" to="5003" />
    <span id="t_949" from="5004" to="5009" />
    <span id="t_950" from="5010" to="5015" />
    <span id="t_951" from="5016" to="5019" />
    <span id="t_952" from="5020" to="5022" />
    <span id="t_953" from="5023" to="5032" />
    <span id="t_954" from="5033" to="5038" />
    <span id="t_955" from="5039" to="5043" />
    <span id="t_956" from="5044" to="5045" />
    <span id="t_957" from="5046" to="5049" />
    <span id="t_958" from="5050" to="5058" />
    <span id="t_959" from="5059" to="5069" />
    <span id="t_960" from="5070" to="5072" />
    <span id="t_961" from="5073" to="5075" />
    <span id="t_962" from="5076" to="5082" />
    <span id="t_963" from="5083" to="5085" />
    <span id="t_964" from="5086" to="5091" />
    <span id="t_965" from="5091" to="5092" />
    <span id="t_966" from="5093" to="5097" />
    <span id="t_967" from="5098" to="5100" />
    <span id="t_968" from="5101" to="5105" />
    <span id="t_969" from="5106" to="5118" />
    <span id="t_970" from="5119" to="5137" />
    <span id="t_971" from="5138" to="5140" />
    <span id="t_972" from="5141" to="5148" />
    <span id="t_973" from="5149" to="5153" />
    <span id="t_974" from="5154" to="5155" />
    <span id="t_975" from="5156" to="5161" />
    <span id="t_976" from="5162" to="5163" />
    <span id="t_977" from="5163" to="5166" />
    <span id="t_978" from="5166" to="5167" />
    <span id="t_979" from="5168" to="5171" />
    <span id="t_980" from="5171" to="5172" />
    <span id="t_981" from="5173" to="5175" />
    <span id="t_982" from="5176" to="5180" />
    <span id="t_983" from="5181" to="5195" />
    <span id="t_984" from="5196" to="5202" />
    <span id="t_985" from="5203" to="5205" />
    <span id="t_986" from="5206" to="5213" />
    <span id="t_987" from="5214" to="5218" />
    <span id="t_988" from="5219" to="5225" />
    <span id="t_989" from="5225" to="5226" />
    <span id="t_990" from="5227" to="5231" />
    <span id="t_991" from="5232" to="5235" />
    <span id="t_992" from="5236" to="5243" />
    <span id="t_993" from="5244" to="5249" />
    <span id="t_994" from="5250" to="5253" />
    <span id="t_995" from="5254" to="5264" />
    <span id="t_996" from="5264" to="5265" />
    <span id="t_997" from="5265" to="5274" />
    <span id="t_998" from="5275" to="5277" />
    <span id="t_999" from="5278" to="5285" />
    <span id="t_1000" from="5286" to="5290" />
    <span id="t_1001" from="5291" to="5292" />
    <span id="t_1002" from="5293" to="5298" />
    <span id="t_1003" from="5299" to="5300" />
    <span id="t_1004" from="5300" to="5303" />
    <span id="t_1005" from="5303" to="5304" />
    <span id="t_1006" from="5305" to="5308" />
    <span id="t_1007" from="5309" to="5311" />
    <span id="t_1008" from="5312" to="5314" />
    <span id="t_1009" from="5315" to="5321" />
    <span id="t_1010" from="5322" to="5328" />
    <span id="t_1011" from="5328" to="5329" />
    <span id="t_1012" from="5330" to="5337" />
    <span id="t_1013" from="5338" to="5341" />
    <span id="t_1014" from="5342" to="5344" />
    <span id="t_1015" from="5345" to="5348" />
    <span id="t_1016" from="5349" to="5353" />
    <span id="t_1017" from="5354" to="5356" />
    <span id="t_1018" from="5357" to="5360" />
    <span id="t_1019" from="5361" to="5366" />
    <span id="t_1020" from="5367" to="5371" />
    <span id="t_1021" from="5372" to="5374" />
    <span id="t_1022" from="5375" to="5380" />
    <span id="t_1023" from="5381" to="5383" />
    <span id="t_1024" from="5384" to="5402" />
    <span id="t_1025" from="5403" to="5405" />
    <span id="t_1026" from="5406" to="5413" />
    <span id="t_1027" from="5414" to="5418" />
    <span id="t_1028" from="5419" to="5420" />
    <span id="t_1029" from="5421" to="5426" />
    <span id="t_1030" from="5427" to="5428" />
    <span id="t_1031" from="5428" to="5431" />
    <span id="t_1032" from="5431" to="5432" />
    <span id="t_1033" from="5433" to="5435" />
    <span id="t_1034" from="5436" to="5440" />
    <span id="t_1035" from="5440" to="5441" />
    <span id="t_1036" from="5442" to="5444" />
    <span id="t_1037" from="5445" to="5450" />
    <span id="t_1038" from="5451" to="5453" />
    <span id="t_1039" from="5454" to="5457" />
    <span id="t_1040" from="5458" to="5461" />
    <span id="t_1041" from="5462" to="5464" />
    <span id="t_1042" from="5465" to="5468" />
    <span id="t_1043" from="5469" to="5475" />
    <span id="t_1044" from="5476" to="5479" />
    <span id="t_1045" from="5480" to="5493" />
    <span id="t_1046" from="5494" to="5505" />
    <span id="t_1047" from="5506" to="5508" />
    <span id="t_1048" from="5509" to="5512" />
    <span id="t_1049" from="5513" to="5521" />
    <span id="t_1050" from="5522" to="5525" />
    <span id="t_1051" from="5526" to="5528" />
    <span id="t_1052" from="5529" to="5534" />
    <span id="t_1053" from="5534" to="5535" />
    <span id="t_1054" from="5536" to="5546" />
    <span id="t_1055" from="5547" to="5551" />
    <span id="t_1056" from="5552" to="5557" />
    <span id="t_1057" from="5558" to="5563" />
    <span id="t_1058" from="5564" to="5565" />
    <span id="t_1059" from="5565" to="5569" />
    <span id="t_1060" from="5570" to="5572" />
    <span id="t_1061" from="5573" to="5578" />
    <span id="t_1062" from="5579" to="5581" />
    <span id="t_1063" from="5582" to="5585" />
    <span id="t_1064" from="5586" to="5595" />
    <span id="t_1065" from="5596" to="5598" />
    <span id="t_1066" from="5599" to="5603" />
    <span id="t_1067" from="5604" to="5606" />
    <span id="t_1068" from="5607" to="5612" />
    <span id="t_1069" from="5613" to="5620" />
    <span id="t_1070" from="5620" to="5621" />
    <span id="t_1071" from="5622" to="5625" />
    <span id="t_1072" from="5626" to="5636" />
    <span id="t_1073" from="5637" to="5645" />
    <span id="t_1074" from="5646" to="5648" />
    <span id="t_1075" from="5649" to="5654" />
    <span id="t_1076" from="5655" to="5667" />
    <span id="t_1077" from="5668" to="5671" />
    <span id="t_1078" from="5672" to="5680" />
    <span id="t_1079" from="5681" to="5683" />
    <span id="t_1080" from="5684" to="5694" />
    <span id="t_1081" from="5695" to="5699" />
    <span id="t_1082" from="5700" to="5705" />
    <span id="t_1083" from="5706" to="5708" />
    <span id="t_1084" from="5709" to="5716" />
    <span id="t_1085" from="5717" to="5720" />
    <span id="t_1086" from="5721" to="5729" />
    <span id="t_1087" from="5730" to="5734" />
    <span id="t_1088" from="5735" to="5738" />
    <span id="t_1089" from="5739" to="5746" />
    <span id="t_1090" from="5747" to="5749" />
    <span id="t_1091" from="5750" to="5761" />
    <span id="t_1092" from="5762" to="5774" />
    <span id="t_1093" from="5775" to="5776" />
    <span id="t_1094" from="5776" to="5780" />
    <span id="t_1095" from="5781" to="5784" />
    <span id="t_1096" from="5785" to="5790" />
    <span id="t_1097" from="5791" to="5795" />
    <span id="t_1098" from="5796" to="5801" />
    <span id="t_1099" from="5802" to="5804" />
    <span id="t_1100" from="5805" to="5809" />
    <span id="t_1101" from="5810" to="5812" />
    <span id="t_1102" from="5813" to="5818" />
    <span id="t_1103" from="5819" to="5820" />
    <span id="t_1104" from="5821" to="5823" />
    <span id="t_1105" from="5824" to="5831" />
    <span id="t_1106" from="5832" to="5835" />
    <span id="t_1107" from="5836" to="5839" />
    <span id="t_1108" from="5840" to="5850" />
    <span id="t_1109" from="5851" to="5852" />
    <span id="t_1110" from="5852" to="5856" />
    <span id="t_1111" from="5856" to="5857" />
    <span id="t_1112" from="5858" to="5861" />
    <span id="t_1113" from="5861" to="5862" />
    <span id="t_1114" from="5863" to="5868" />
    <span id="t_1115" from="5869" to="5872" />
    <span id="t_1116" from="5873" to="5878" />
    <span id="t_1117" from="5878" to="5879" />
    <span id="t_1118" from="5879" to="5880" />
    <span id="t_1119" from="5881" to="5890" />
    <span id="t_1120" from="5891" to="5899" />
    <span id="t_1121" from="5900" to="5902" />
    <span id="t_1122" from="5903" to="5910" />
    <span id="t_1123" from="5911" to="5913" />
    <span id="t_1124" from="5914" to="5921" />
    <span id="t_1125" from="5922" to="5924" />
    <span id="t_1126" from="5925" to="5936" />
    <span id="t_1127" from="5937" to="5941" />
    <span id="t_1128" from="5942" to="5944" />
    <span id="t_1129" from="5945" to="5950" />
    <span id="t_1130" from="5951" to="5964" />
    <span id="t_1131" from="5965" to="5971" />
    <span id="t_1132" from="5972" to="5978" />
    <span id="t_1133" from="5979" to="5986" />
    <span id="t_1134" from="5987" to="5992" />
    <span id="t_1135" from="5993" to="5996" />
    <span id="t_1136" from="5997" to="5998" />
    <span id="t_1137" from="5998" to="6007" />
    <span id="t_1138" from="6008" to="6009" />
    <span id="t_1139" from="6009" to="6012" />
    <span id="t_1140" from="6013" to="6014" />
    <span id="t_1141" from="6015" to="6016" />
    <span id="t_1142" from="6017" to="6018" />
    <span id="t_1143" from="6018" to="6021" />
    <span id="t_1144" from="6022" to="6023" />
    <span id="t_1145" from="6023" to="6028" />
    <span id="t_1146" from="6029" to="6030" />
    <span id="t_1147" from="6030" to="6034" />
    <span id="t_1148" from="6035" to="6036" />
    <span id="t_1149" from="6036" to="6039" />
    <span id="t_1150" from="6040" to="6041" />
    <span id="t_1151" from="6042" to="6044" />
    <span id="t_1152" from="6045" to="6049" />
    <span id="t_1153" from="6050" to="6058" />
    <span id="t_1154" from="6059" to="6061" />
    <span id="t_1155" from="6062" to="6066" />
    <span id="t_1156" from="6067" to="6073" />
    <span id="t_1157" from="6074" to="6077" />
    <span id="t_1158" from="6078" to="6082" />
    <span id="t_1159" from="6083" to="6085" />
    <span id="t_1160" from="6086" to="6089" />
    <span id="t_1161" from="6090" to="6095" />
    <span id="t_1162" from="6096" to="6107" />
    <span id="t_1163" from="6108" to="6119" />
    <span id="t_1164" from="6119" to="6120" />
    <span id="t_1165" from="6121" to="6123" />
    <span id="t_1166" from="6124" to="6127" />
    <span id="t_1167" from="6128" to="6131" />
    <span id="t_1168" from="6132" to="6136" />
    <span id="t_1169" from="6136" to="6137" />
    <span id="t_1170" from="6138" to="6149" />
    <span id="t_1171" from="6150" to="6152" />
    <span id="t_1172" from="6153" to="6158" />
    <span id="t_1173" from="6159" to="6163" />
    <span id="t_1174" from="6164" to="6166" />
    <span id="t_1175" from="6167" to="6183" />
    <span id="t_1176" from="6184" to="6186" />
    <span id="t_1177" from="6187" to="6194" />
    <span id="t_1178" from="6195" to="6199" />
    <span id="t_1179" from="6200" to="6201" />
    <span id="t_1180" from="6202" to="6207" />
    <span id="t_1181" from="6208" to="6209" />
    <span id="t_1182" from="6209" to="6212" />
    <span id="t_1183" from="6212" to="6213" />
    <span id="t_1184" from="6214" to="6217" />
    <span id="t_1185" from="6218" to="6225" />
    <span id="t_1186" from="6225" to="6226" />
    <span id="t_1187" from="6227" to="6232" />
    <span id="t_1188" from="6233" to="6238" />
    <span id="t_1189" from="6239" to="6241" />
    <span id="t_1190" from="6242" to="6249" />
    <span id="t_1191" from="6250" to="6253" />
    <span id="t_1192" from="6254" to="6256" />
    <span id="t_1193" from="6257" to="6259" />
    <span id="t_1194" from="6260" to="6268" />
    <span id="t_1195" from="6269" to="6272" />
    <span id="t_1196" from="6273" to="6275" />
    <span id="t_1197" from="6276" to="6280" />
    <span id="t_1198" from="6281" to="6282" />
    <span id="t_1199" from="6282" to="6284" />
    <span id="t_1200" from="6285" to="6289" />
    <span id="t_1201" from="6289" to="6290" />
    <span id="t_1202" from="6291" to="6298" />
    <span id="t_1203" from="6299" to="6303" />
    <span id="t_1204" from="6304" to="6307" />
    <span id="t_1205" from="6308" to="6318" />
    <span id="t_1206" from="6319" to="6320" />
    <span id="t_1207" from="6321" to="6323" />
    <span id="t_1208" from="6324" to="6328" />
    <span id="t_1209" from="6329" to="6331" />
    <span id="t_1210" from="6332" to="6338" />
    <span id="t_1211" from="6339" to="6341" />
    <span id="t_1212" from="6342" to="6343" />
    <span id="t_1213" from="6344" to="6348" />
    <span id="t_1214" from="6349" to="6351" />
    <span id="t_1215" from="6352" to="6359" />
    <span id="t_1216" from="6360" to="6367" />
    <span id="t_1217" from="6368" to="6373" />
    <span id="t_1218" from="6374" to="6381" />
    <span id="t_1219" from="6381" to="6382" />
    <span id="t_1220" from="6383" to="6385" />
    <span id="t_1221" from="6386" to="6390" />
    <span id="t_1222" from="6391" to="6394" />
    <span id="t_1223" from="6395" to="6401" />
    <span id="t_1224" from="6402" to="6406" />
    <span id="t_1225" from="6407" to="6416" />
    <span id="t_1226" from="6417" to="6420" />
    <span id="t_1227" from="6421" to="6425" />
    <span id="t_1228" from="6425" to="6426" />
    <span id="t_1229" from="6427" to="6429" />
    <span id="t_1230" from="6430" to="6433" />
    <span id="t_1231" from="6434" to="6437" />
    <span id="t_1232" from="6438" to="6442" />
    <span id="t_1233" from="6442" to="6443" />
    <span id="t_1234" from="6444" to="6448" />
    <span id="t_1235" from="6448" to="6449" />
    <span id="t_1236" from="6450" to="6452" />
    <span id="t_1237" from="6453" to="6455" />
    <span id="t_1238" from="6456" to="6461" />
    <span id="t_1239" from="6462" to="6466" />
    <span id="t_1240" from="6467" to="6472" />
    <span id="t_1241" from="6473" to="6492" />
    <span id="t_1242" from="6493" to="6495" />
    <span id="t_1243" from="6496" to="6503" />
    <span id="t_1244" from="6504" to="6508" />
    <span id="t_1245" from="6509" to="6510" />
    <span id="t_1246" from="6511" to="6516" />
    <span id="t_1247" from="6517" to="6518" />
    <span id="t_1248" from="6518" to="6521" />
    <span id="t_1249" from="6521" to="6522" />
    <span id="t_1250" from="6523" to="6531" />
    <span id="t_1251" from="6533" to="6536" />
    <span id="t_1252" from="6537" to="6542" />
    <span id="t_1253" from="6543" to="6552" />
    <span id="t_1254" from="6553" to="6554" />
    <span id="t_1255" from="6555" to="6560" />
    <span id="t_1256" from="6561" to="6563" />
    <span id="t_1257" from="6564" to="6573" />
    <span id="t_1258" from="6574" to="6582" />
    <span id="t_1259" from="6583" to="6587" />
    <span id="t_1260" from="6588" to="6597" />
    <span id="t_1261" from="6597" to="6598" />
    <span id="t_1262" from="6599" to="6600" />
    <span id="t_1263" from="6601" to="6608" />
    <span id="t_1264" from="6609" to="6613" />
    <span id="t_1265" from="6614" to="6615" />
    <span id="t_1266" from="6616" to="6621" />
    <span id="t_1267" from="6622" to="6623" />
    <span id="t_1268" from="6623" to="6627" />
    <span id="t_1269" from="6627" to="6628" />
    <span id="t_1270" from="6629" to="6633" />
    <span id="t_1271" from="6634" to="6635" />
    <span id="t_1272" from="6636" to="6640" />
    <span id="t_1273" from="6640" to="6641" />
    <span id="t_1274" from="6642" to="6644" />
    <span id="t_1275" from="6645" to="6649" />
    <span id="t_1276" from="6650" to="6654" />
    <span id="t_1277" from="6655" to="6657" />
    <span id="t_1278" from="6658" to="6664" />
    <span id="t_1279" from="6664" to="6665" />
    <span id="t_1280" from="6665" to="6674" />
    <span id="t_1281" from="6675" to="6676" />
    <span id="t_1282" from="6677" to="6684" />
    <span id="t_1283" from="6685" to="6689" />
    <span id="t_1284" from="6690" to="6691" />
    <span id="t_1285" from="6692" to="6697" />
    <span id="t_1286" from="6698" to="6699" />
    <span id="t_1287" from="6699" to="6703" />
    <span id="t_1288" from="6703" to="6704" />
  </spanList>
</layer>