<?xml version="1.0" encoding="UTF-8"?>
<?xml-model href="header.rng"
            type="application/xml"
            schematypens="http://relaxng.org/ns/structure/1.0"?>
<!DOCTYPE idsCorpus PUBLIC "-//IDS//DTD IDS-XCES 1.0//EN"
          "http://corpora.ids-mannheim.de/idsxces1/DTD/ids.xcesdoc.dtd">
<idsHeader pattern="text" type="text" version="1">
        <fileDesc>
          <titleStmt>
            <textSigle>WDF19/A0000.12690</textSigle>
            <t.title assemblage="external">WDF19/A0000.12690 Discussion:Alexandrie. URL:https://fr.wikipedia.org/wiki/Discussion:Alexandrie . In: Wikipedia, 2019</t.title>
          </titleStmt>
          <publicationStmt>
            <distributor>French-German-English Project Comparable Wikipedia Corpora 2019;
Leibniz-Institute for the German Language and Université de Toulouse Jean Jaurès</distributor>
            <pubAddress/>
            <idno type="cmc-core-filename">12690.tei.xml</idno>
            <availability region="world" status="free">CC-BY-SA</availability>
            <pubDate type="year">2020</pubDate>
            <pubPlace>Mannheim</pubPlace>
            <pubPlace>Toulouse</pubPlace>
          </publicationStmt>
          <sourceDesc>
            <biblStruct>
              <analytic>
                <h.title type="main">Discussion:Alexandrie</h.title>
                <h.author>Fandecaisses et al.</h.author>
                <imprint>
                  <pubPlace>
                    <ref target="https://fr.wikipedia.org/wiki/Discussion:Alexandrie" type="page_url"/>
                  </pubPlace>
                </imprint>
                <idno type="wikipedia-id">12690</idno>
              </analytic>
              <monogr>
                <h.title>Wikipedia</h.title>
                <edition>
                  <further/>
                  <kind>French language version</kind>
                  <appearance/>
                </edition>
                <imprint>
                  <publisher>Wikimedia Foundation, Inc</publisher>
                  <pubPlace>
                    <ref target="https://wikipedia.org/"/>
                  </pubPlace>
                </imprint>
              </monogr>
              <monogr>
                <h.title>frwiki-20190801-pages-meta-current</h.title>
                <edition>
                  <further/>
                  <kind>Dump file</kind>
                  <appearance/>
                </edition>
                <imprint>
                  <publisher>Wikimedia Foundation, Inc</publisher>
                  <pubPlace>
                    <ref target="http://dumps.wikimedia.org"/>
                  </pubPlace>
                  <pubDate type="year">2019</pubDate>
                  <pubDate type="month">08</pubDate>
                  <pubDate type="day">01</pubDate>
                </imprint>
                <idno type="dump-filename">frwiki-20190801-pages-meta-current</idno>
              </monogr>
              <relatedItem type="langLink">
                <ref target="https://de.wikipedia.org/wiki/Alexandria" targetLang="de">Alexandria</ref>
              </relatedItem>
              <relatedItem type="langLink">
                <ref target="https://en.wikipedia.org/wiki/Alexandria" targetLang="en">Alexandria</ref>
              </relatedItem>
              <relatedItem type="articleLink">
                <ref n="12604" target="https://fr.wikipedia.org/wiki/Alexandrie" targetLang="fr">Alexandrie</ref>
              </relatedItem>
              <relatedItem type="articleTextSigle">
                <ref type="derekoTextSigle">WPF19/A0000.12604</ref>
              </relatedItem>
            </biblStruct>
            <reference assemblage="non-automatic" type="complete">WDF19/A0000.12690 Wikipedia: Discussion:Alexandrie. URL: https://fr.wikipedia.org/wiki/Discussion:Alexandrie (Letzte Änderung 4.7.2015). In: Wikipedia, Die freie Enzyklopädie - Dump vom 1.8.2019</reference>
            <reference assemblage="regular" type="short">WDF19/A0000.12690 Wikipedia: Discussion:Alexandrie, (Letzte Änderung 4.7.2015), 2019</reference>
          </sourceDesc>
        </fileDesc>
        <profileDesc>
          <creation>
            <creatDate>2015.07.04</creatDate>
            <creatRef>(Letzte Änderung 4.7.2015)</creatRef>
            <creatRefShort>(Letzte Änderung 4.7.2015)</creatRefShort>
          </creation>
          <textClass>
            <classCode scheme="https://fr.wikipedia.org/wiki/Portail:Accueil">
              <ref target="https://fr.wikipedia.org/wiki/Portail:Histoire" targetLang="fr">Portail:Histoire</ref>
              <ref target="https://fr.wikipedia.org/wiki/Portail:G%C3%A9ographie" targetLang="fr">Portail:Géographie</ref>
              <ref target="https://fr.wikipedia.org/wiki/Portail:%C3%89gypte%20antique" targetLang="fr">Portail:Égypte antique</ref>
              <ref target="https://fr.wikipedia.org/wiki/Portail:Pr%C3%A9histoire" targetLang="fr">Portail:Préhistoire</ref>
              <ref target="https://fr.wikipedia.org/wiki/Portail:Afrique" targetLang="fr">Portail:Afrique</ref>
            </classCode>
            <classCode scheme="https://fr.wikipedia.org/wiki/Catégorie:Accueil">
              <ref target="https://fr.wikipedia.org/wiki/Catégorie:Index%20%C3%A9gyptologique" targetLang="fr">Catégorie:Index égyptologique</ref>
              <ref target="https://fr.wikipedia.org/wiki/Catégorie:Alexandrie" targetLang="fr">Catégorie:Alexandrie</ref>
              <ref target="https://fr.wikipedia.org/wiki/Catégorie:Port%20antique" targetLang="fr">Catégorie:Port antique</ref>
              <ref target="https://fr.wikipedia.org/wiki/Catégorie:P%C3%A9riode%20lagide" targetLang="fr">Catégorie:Période lagide</ref>
              <ref target="https://fr.wikipedia.org/wiki/Catégorie:Ville%20membre%20de%20l'Association%20internationale%20des%20maires%20francophones" targetLang="fr">Catégorie:Ville membre de l'Association internationale des maires francophones</ref>
              <ref target="https://fr.wikipedia.org/wiki/Catégorie:Ville%20d%C3%A9truite%20par%20un%20tsunami" targetLang="fr">Catégorie:Ville détruite par un tsunami</ref>
              <ref target="https://fr.wikipedia.org/wiki/Catégorie:Ville%20fond%C3%A9e%20par%20Alexandre%20le%20Grand" targetLang="fr">Catégorie:Ville fondée par Alexandre le Grand</ref>
              <ref target="https://fr.wikipedia.org/wiki/Catégorie:Liste%20indicative%20du%20patrimoine%20mondial%20en%20%C3%89gypte" targetLang="fr">Catégorie:Liste indicative du patrimoine mondial en Égypte</ref>
            </classCode>
            <h.keywords>
              <keyTerm>Villes du monde</keyTerm>
              <keyTerm>Moyen-Orient</keyTerm>
              <keyTerm>Egyptopedia</keyTerm>
              <keyTerm>Égypte</keyTerm>
            </h.keywords>
            <classCode scheme="https://fr.wikipedia.org/wiki/Projet:Évaluation">
              <ref target="https://fr.wikipedia.org/wiki/Catégorie:Article_d%27avancement_A" targetLang="fr">A</ref>
            </classCode>
            <classCode scheme="https://en.wikipedia.org/wiki/Category:Contents">
              <ref target="https://en.wikipedia.org/wiki/Category:Alexandria" targetLang="en">Category:Alexandria</ref>
              <ref target="https://en.wikipedia.org/wiki/Category:Ptolemaic%20Kingdom" targetLang="en">Category:Ptolemaic Kingdom</ref>
              <ref target="https://en.wikipedia.org/wiki/Category:Cities%20founded%20by%20Alexander%20the%20Great" targetLang="en">Category:Cities founded by Alexander the Great</ref>
            </classCode>
            <classCode scheme="https://en.wikipedia.org/wiki/Wikipedia:Contents/Portals">
              <ref target="https://en.wikipedia.org/wiki/Portal:History" targetLang="en">Portal:History</ref>
              <ref target="https://en.wikipedia.org/wiki/Portal:Geography" targetLang="en">Portal:Geography</ref>
              <ref target="https://en.wikipedia.org/wiki/Portal:Africa" targetLang="en">Portal:Africa</ref>
            </classCode>
          </textClass>
          <textDesc>
            <textType>Diskussion</textType>
            <textTypeArt>Diskussion</textTypeArt>
            <textDomain/>
          </textDesc>
        </profileDesc>
      </idsHeader>