<?xml version="1.0" encoding="UTF-8"?>
<?xml-model href="span.rng"
            type="application/xml"
            schematypens="http://relaxng.org/ns/structure/1.0"?>
<layer docid="WDF19_A0000.11062"
       xmlns="http://ids-mannheim.de/ns/KorAP"
       version="KorAP-0.4">
  <spanList>
    <span id="t_0" from="0" to="7" />
    <span id="t_1" from="8" to="10" />
    <span id="t_2" from="11" to="14" />
    <span id="t_3" from="16" to="20" />
    <span id="t_4" from="21" to="25" />
    <span id="t_5" from="26" to="34" />
    <span id="t_6" from="35" to="48" />
    <span id="t_7" from="49" to="51" />
    <span id="t_8" from="52" to="57" />
    <span id="t_9" from="58" to="62" />
    <span id="t_10" from="63" to="65" />
    <span id="t_11" from="66" to="76" />
    <span id="t_12" from="77" to="82" />
    <span id="t_13" from="83" to="90" />
    <span id="t_14" from="91" to="93" />
    <span id="t_15" from="94" to="97" />
    <span id="t_16" from="97" to="98" />
    <span id="t_17" from="99" to="103" />
    <span id="t_18" from="104" to="109" />
    <span id="t_19" from="110" to="117" />
    <span id="t_20" from="118" to="120" />
    <span id="t_21" from="121" to="131" />
    <span id="t_22" from="132" to="139" />
    <span id="t_23" from="140" to="144" />
    <span id="t_24" from="145" to="147" />
    <span id="t_25" from="148" to="158" />
    <span id="t_26" from="159" to="160" />
    <span id="t_27" from="161" to="163" />
    <span id="t_28" from="164" to="171" />
    <span id="t_29" from="172" to="174" />
    <span id="t_30" from="175" to="178" />
    <span id="t_31" from="179" to="182" />
    <span id="t_32" from="183" to="190" />
    <span id="t_33" from="190" to="191" />
    <span id="t_34" from="192" to="194" />
    <span id="t_35" from="195" to="198" />
    <span id="t_36" from="199" to="208" />
    <span id="t_37" from="209" to="223" />
    <span id="t_38" from="223" to="224" />
    <span id="t_39" from="225" to="229" />
    <span id="t_40" from="230" to="231" />
    <span id="t_41" from="232" to="235" />
    <span id="t_42" from="236" to="246" />
    <span id="t_43" from="247" to="249" />
    <span id="t_44" from="250" to="265" />
    <span id="t_45" from="266" to="268" />
    <span id="t_46" from="270" to="275" />
    <span id="t_47" from="276" to="279" />
    <span id="t_48" from="280" to="282" />
    <span id="t_49" from="282" to="283" />
    <span id="t_50" from="284" to="288" />
    <span id="t_51" from="290" to="292" />
    <span id="t_52" from="293" to="297" />
    <span id="t_53" from="298" to="304" />
    <span id="t_54" from="305" to="308" />
    <span id="t_55" from="309" to="315" />
    <span id="t_56" from="315" to="316" />
    <span id="t_57" from="317" to="319" />
    <span id="t_58" from="320" to="326" />
    <span id="t_59" from="326" to="327" />
    <span id="t_60" from="328" to="330" />
    <span id="t_61" from="331" to="339" />
    <span id="t_62" from="339" to="340" />
    <span id="t_63" from="341" to="343" />
    <span id="t_64" from="344" to="349" />
    <span id="t_65" from="350" to="365" />
    <span id="t_66" from="366" to="367" />
    <span id="t_67" from="367" to="375" />
    <span id="t_68" from="376" to="381" />
    <span id="t_69" from="381" to="382" />
    <span id="t_70" from="382" to="383" />
    <span id="t_71" from="384" to="386" />
    <span id="t_72" from="387" to="389" />
    <span id="t_73" from="390" to="404" />
    <span id="t_74" from="405" to="411" />
    <span id="t_75" from="411" to="414" />
    <span id="t_76" from="416" to="418" />
    <span id="t_77" from="419" to="421" />
    <span id="t_78" from="422" to="429" />
    <span id="t_79" from="430" to="432" />
    <span id="t_80" from="433" to="437" />
    <span id="t_81" from="438" to="440" />
    <span id="t_82" from="441" to="451" />
    <span id="t_83" from="452" to="454" />
    <span id="t_84" from="455" to="457" />
    <span id="t_85" from="458" to="462" />
    <span id="t_86" from="463" to="466" />
    <span id="t_87" from="467" to="475" />
    <span id="t_88" from="476" to="477" />
    <span id="t_89" from="477" to="486" />
    <span id="t_90" from="487" to="492" />
    <span id="t_91" from="492" to="493" />
    <span id="t_92" from="493" to="496" />
    <span id="t_93" from="497" to="498" />
    <span id="t_94" from="499" to="509" />
    <span id="t_95" from="510" to="515" />
    <span id="t_96" from="516" to="519" />
    <span id="t_97" from="520" to="521" />
    <span id="t_98" from="521" to="522" />
    <span id="t_99" from="523" to="527" />
    <span id="t_100" from="528" to="529" />
    <span id="t_101" from="529" to="532" />
    <span id="t_102" from="532" to="533" />
    <span id="t_103" from="535" to="537" />
    <span id="t_104" from="538" to="543" />
    <span id="t_105" from="544" to="551" />
    <span id="t_106" from="552" to="555" />
    <span id="t_107" from="556" to="558" />
    <span id="t_108" from="559" to="562" />
    <span id="t_109" from="563" to="564" />
    <span id="t_110" from="564" to="567" />
    <span id="t_111" from="568" to="572" />
    <span id="t_112" from="573" to="581" />
    <span id="t_113" from="582" to="590" />
    <span id="t_114" from="590" to="591" />
    <span id="t_115" from="592" to="596" />
    <span id="t_116" from="597" to="601" />
    <span id="t_117" from="602" to="611" />
    <span id="t_118" from="612" to="614" />
    <span id="t_119" from="615" to="617" />
    <span id="t_120" from="618" to="628" />
    <span id="t_121" from="629" to="632" />
    <span id="t_122" from="633" to="635" />
    <span id="t_123" from="636" to="644" />
    <span id="t_124" from="644" to="645" />
    <span id="t_125" from="645" to="646" />
    <span id="t_126" from="648" to="711" />
    <span id="t_127" from="712" to="717" />
    <span id="t_128" from="718" to="721" />
    <span id="t_129" from="722" to="723" />
    <span id="t_130" from="723" to="724" />
    <span id="t_131" from="725" to="729" />
    <span id="t_132" from="730" to="731" />
    <span id="t_133" from="731" to="734" />
    <span id="t_134" from="734" to="735" />
    <span id="t_135" from="737" to="741" />
    <span id="t_136" from="742" to="749" />
    <span id="t_137" from="750" to="760" />
    <span id="t_138" from="761" to="770" />
    <span id="t_139" from="770" to="771" />
    <span id="t_140" from="772" to="777" />
    <span id="t_141" from="778" to="791" />
    <span id="t_142" from="792" to="795" />
    <span id="t_143" from="796" to="805" />
    <span id="t_144" from="806" to="807" />
    <span id="t_145" from="807" to="817" />
    <span id="t_146" from="817" to="818" />
    <span id="t_147" from="819" to="820" />
    <span id="t_148" from="820" to="821" />
    <span id="t_149" from="822" to="830" />
    <span id="t_150" from="831" to="835" />
    <span id="t_151" from="836" to="839" />
    <span id="t_152" from="840" to="847" />
    <span id="t_153" from="848" to="850" />
    <span id="t_154" from="851" to="854" />
    <span id="t_155" from="854" to="855" />
    <span id="t_156" from="855" to="856" />
    <span id="t_157" from="857" to="870" />
    <span id="t_158" from="871" to="873" />
    <span id="t_159" from="874" to="879" />
    <span id="t_160" from="880" to="881" />
    <span id="t_161" from="881" to="887" />
    <span id="t_162" from="888" to="897" />
    <span id="t_163" from="898" to="900" />
    <span id="t_164" from="901" to="905" />
    <span id="t_165" from="906" to="909" />
    <span id="t_166" from="910" to="920" />
    <span id="t_167" from="920" to="921" />
    <span id="t_168" from="922" to="925" />
    <span id="t_169" from="926" to="928" />
    <span id="t_170" from="929" to="935" />
    <span id="t_171" from="936" to="940" />
    <span id="t_172" from="941" to="943" />
    <span id="t_173" from="944" to="949" />
    <span id="t_174" from="950" to="952" />
    <span id="t_175" from="953" to="954" />
    <span id="t_176" from="954" to="963" />
    <span id="t_177" from="964" to="966" />
    <span id="t_178" from="967" to="968" />
    <span id="t_179" from="968" to="975" />
    <span id="t_180" from="976" to="981" />
    <span id="t_181" from="982" to="987" />
    <span id="t_182" from="987" to="988" />
    <span id="t_183" from="988" to="989" />
    <span id="t_184" from="990" to="992" />
    <span id="t_185" from="993" to="996" />
    <span id="t_186" from="997" to="1006" />
    <span id="t_187" from="1007" to="1013" />
    <span id="t_188" from="1014" to="1015" />
    <span id="t_189" from="1015" to="1018" />
    <span id="t_190" from="1019" to="1025" />
    <span id="t_191" from="1026" to="1028" />
    <span id="t_192" from="1029" to="1038" />
    <span id="t_193" from="1039" to="1043" />
    <span id="t_194" from="1044" to="1046" />
    <span id="t_195" from="1047" to="1052" />
    <span id="t_196" from="1052" to="1053" />
    <span id="t_197" from="1053" to="1054" />
    <span id="t_198" from="1056" to="1060" />
    <span id="t_199" from="1061" to="1064" />
    <span id="t_200" from="1065" to="1067" />
    <span id="t_201" from="1068" to="1070" />
    <span id="t_202" from="1071" to="1073" />
    <span id="t_203" from="1074" to="1081" />
    <span id="t_204" from="1082" to="1090" />
    <span id="t_205" from="1091" to="1093" />
    <span id="t_206" from="1094" to="1098" />
    <span id="t_207" from="1099" to="1103" />
    <span id="t_208" from="1104" to="1112" />
    <span id="t_209" from="1113" to="1117" />
    <span id="t_210" from="1118" to="1127" />
    <span id="t_211" from="1128" to="1137" />
    <span id="t_212" from="1138" to="1141" />
    <span id="t_213" from="1142" to="1144" />
    <span id="t_214" from="1145" to="1156" />
    <span id="t_215" from="1156" to="1157" />
    <span id="t_216" from="1159" to="1162" />
    <span id="t_217" from="1163" to="1164" />
    <span id="t_218" from="1164" to="1170" />
    <span id="t_219" from="1170" to="1171" />
    <span id="t_220" from="1172" to="1183" />
    <span id="t_221" from="1183" to="1184" />
    <span id="t_222" from="1185" to="1189" />
    <span id="t_223" from="1189" to="1190" />
    <span id="t_224" from="1192" to="1200" />
    <span id="t_225" from="1201" to="1210" />
    <span id="t_226" from="1211" to="1212" />
    <span id="t_227" from="1212" to="1214" />
    <span id="t_228" from="1215" to="1218" />
    <span id="t_229" from="1218" to="1219" />
    <span id="t_230" from="1220" to="1222" />
    <span id="t_231" from="1223" to="1229" />
    <span id="t_232" from="1229" to="1230" />
    <span id="t_233" from="1231" to="1239" />
    <span id="t_234" from="1240" to="1242" />
    <span id="t_235" from="1243" to="1248" />
    <span id="t_236" from="1248" to="1249" />
    <span id="t_237" from="1250" to="1254" />
    <span id="t_238" from="1256" to="1270" />
    <span id="t_239" from="1271" to="1274" />
    <span id="t_240" from="1275" to="1283" />
    <span id="t_241" from="1284" to="1286" />
    <span id="t_242" from="1287" to="1290" />
    <span id="t_243" from="1291" to="1302" />
    <span id="t_244" from="1303" to="1304" />
    <span id="t_245" from="1304" to="1306" />
    <span id="t_246" from="1307" to="1311" />
    <span id="t_247" from="1312" to="1319" />
    <span id="t_248" from="1320" to="1322" />
    <span id="t_249" from="1323" to="1330" />
    <span id="t_250" from="1330" to="1331" />
    <span id="t_251" from="1333" to="1341" />
    <span id="t_252" from="1342" to="1350" />
    <span id="t_253" from="1351" to="1354" />
    <span id="t_254" from="1355" to="1358" />
    <span id="t_255" from="1359" to="1374" />
    <span id="t_256" from="1375" to="1376" />
    <span id="t_257" from="1376" to="1379" />
    <span id="t_258" from="1379" to="1380" />
    <span id="t_259" from="1381" to="1389" />
    <span id="t_260" from="1390" to="1403" />
    <span id="t_261" from="1403" to="1404" />
    <span id="t_262" from="1405" to="1409" />
    <span id="t_263" from="1409" to="1410" />
    <span id="t_264" from="1412" to="1417" />
    <span id="t_265" from="1418" to="1420" />
    <span id="t_266" from="1421" to="1429" />
    <span id="t_267" from="1430" to="1444" />
    <span id="t_268" from="1445" to="1446" />
    <span id="t_269" from="1446" to="1455" />
    <span id="t_270" from="1455" to="1456" />
    <span id="t_271" from="1457" to="1469" />
    <span id="t_272" from="1470" to="1472" />
    <span id="t_273" from="1473" to="1476" />
    <span id="t_274" from="1476" to="1477" />
    <span id="t_275" from="1478" to="1482" />
    <span id="t_276" from="1482" to="1483" />
    <span id="t_277" from="1484" to="1492" />
    <span id="t_278" from="1493" to="1495" />
    <span id="t_279" from="1496" to="1503" />
    <span id="t_280" from="1504" to="1506" />
    <span id="t_281" from="1507" to="1513" />
    <span id="t_282" from="1514" to="1524" />
    <span id="t_283" from="1525" to="1526" />
    <span id="t_284" from="1527" to="1532" />
    <span id="t_285" from="1532" to="1533" />
    <span id="t_286" from="1535" to="1539" />
    <span id="t_287" from="1540" to="1542" />
    <span id="t_288" from="1543" to="1549" />
    <span id="t_289" from="1550" to="1554" />
    <span id="t_290" from="1555" to="1568" />
    <span id="t_291" from="1568" to="1569" />
    <span id="t_292" from="1571" to="1576" />
    <span id="t_293" from="1577" to="1580" />
    <span id="t_294" from="1581" to="1589" />
    <span id="t_295" from="1590" to="1594" />
    <span id="t_296" from="1595" to="1605" />
    <span id="t_297" from="1606" to="1614" />
    <span id="t_298" from="1615" to="1617" />
    <span id="t_299" from="1618" to="1623" />
    <span id="t_300" from="1624" to="1627" />
    <span id="t_301" from="1628" to="1631" />
    <span id="t_302" from="1632" to="1636" />
    <span id="t_303" from="1637" to="1641" />
    <span id="t_304" from="1642" to="1645" />
    <span id="t_305" from="1646" to="1652" />
    <span id="t_306" from="1653" to="1658" />
    <span id="t_307" from="1659" to="1663" />
    <span id="t_308" from="1664" to="1670" />
    <span id="t_309" from="1671" to="1678" />
    <span id="t_310" from="1679" to="1681" />
    <span id="t_311" from="1682" to="1686" />
    <span id="t_312" from="1687" to="1693" />
    <span id="t_313" from="1694" to="1698" />
    <span id="t_314" from="1699" to="1700" />
    <span id="t_315" from="1700" to="1713" />
    <span id="t_316" from="1714" to="1716" />
    <span id="t_317" from="1717" to="1719" />
    <span id="t_318" from="1720" to="1723" />
    <span id="t_319" from="1724" to="1730" />
    <span id="t_320" from="1731" to="1736" />
    <span id="t_321" from="1737" to="1739" />
    <span id="t_322" from="1740" to="1745" />
    <span id="t_323" from="1746" to="1750" />
    <span id="t_324" from="1751" to="1753" />
    <span id="t_325" from="1754" to="1755" />
    <span id="t_326" from="1755" to="1761" />
    <span id="t_327" from="1761" to="1762" />
    <span id="t_328" from="1762" to="1763" />
    <span id="t_329" from="1763" to="1764" />
    <span id="t_330" from="1764" to="1768" />
    <span id="t_331" from="1769" to="1776" />
    <span id="t_332" from="1777" to="1779" />
    <span id="t_333" from="1780" to="1783" />
    <span id="t_334" from="1785" to="1788" />
    <span id="t_335" from="1789" to="1795" />
    <span id="t_336" from="1795" to="1796" />
    <span id="t_337" from="1796" to="1798" />
    <span id="t_338" from="1799" to="1802" />
    <span id="t_339" from="1803" to="1810" />
    <span id="t_340" from="1811" to="1815" />
    <span id="t_341" from="1816" to="1825" />
    <span id="t_342" from="1826" to="1829" />
    <span id="t_343" from="1830" to="1834" />
    <span id="t_344" from="1835" to="1837" />
    <span id="t_345" from="1838" to="1843" />
    <span id="t_346" from="1844" to="1847" />
    <span id="t_347" from="1848" to="1850" />
    <span id="t_348" from="1851" to="1855" />
    <span id="t_349" from="1856" to="1863" />
    <span id="t_350" from="1864" to="1866" />
    <span id="t_351" from="1867" to="1870" />
  </spanList>
</layer>