<?xml version="1.0" encoding="UTF-8"?>
<?xml-model href="header.rng"
            type="application/xml"
            schematypens="http://relaxng.org/ns/structure/1.0"?>
<!DOCTYPE idsCorpus PUBLIC "-//IDS//DTD IDS-XCES 1.0//EN"
          "http://corpora.ids-mannheim.de/idsxces1/DTD/ids.xcesdoc.dtd">
<idsHeader pattern="text" type="text" version="1">
        <fileDesc>
          <titleStmt>
            <textSigle>WDF19/A0000.14293</textSigle>
            <t.title assemblage="external">WDF19/A0000.14293 Discussion:Arabe. URL:https://fr.wikipedia.org/wiki/Discussion:Arabe . In: Wikipedia, 2019</t.title>
          </titleStmt>
          <publicationStmt>
            <distributor>French-German-English Project Comparable Wikipedia Corpora 2019;
Leibniz-Institute for the German Language and Université de Toulouse Jean Jaurès</distributor>
            <pubAddress/>
            <idno type="cmc-core-filename">14293.tei.xml</idno>
            <availability region="world" status="free">CC-BY-SA</availability>
            <pubDate type="year">2020</pubDate>
            <pubPlace>Mannheim</pubPlace>
            <pubPlace>Toulouse</pubPlace>
          </publicationStmt>
          <sourceDesc>
            <biblStruct>
              <analytic>
                <h.title type="main">Discussion:Arabe</h.title>
                <h.author>OrlodrimBot et al.</h.author>
                <imprint>
                  <pubPlace>
                    <ref target="https://fr.wikipedia.org/wiki/Discussion:Arabe" type="page_url"/>
                  </pubPlace>
                </imprint>
                <idno type="wikipedia-id">14293</idno>
              </analytic>
              <monogr>
                <h.title>Wikipedia</h.title>
                <edition>
                  <further/>
                  <kind>French language version</kind>
                  <appearance/>
                </edition>
                <imprint>
                  <publisher>Wikimedia Foundation, Inc</publisher>
                  <pubPlace>
                    <ref target="https://wikipedia.org/"/>
                  </pubPlace>
                </imprint>
              </monogr>
              <monogr>
                <h.title>frwiki-20190801-pages-meta-current</h.title>
                <edition>
                  <further/>
                  <kind>Dump file</kind>
                  <appearance/>
                </edition>
                <imprint>
                  <publisher>Wikimedia Foundation, Inc</publisher>
                  <pubPlace>
                    <ref target="http://dumps.wikimedia.org"/>
                  </pubPlace>
                  <pubDate type="year">2019</pubDate>
                  <pubDate type="month">08</pubDate>
                  <pubDate type="day">01</pubDate>
                </imprint>
                <idno type="dump-filename">frwiki-20190801-pages-meta-current</idno>
              </monogr>
              <relatedItem type="langLink">
                <ref target="https://de.wikipedia.org/wiki/Arabische%20Sprache" targetLang="de">Arabische Sprache</ref>
              </relatedItem>
              <relatedItem type="langLink">
                <ref target="https://en.wikipedia.org/wiki/Arabic" targetLang="en">Arabic</ref>
              </relatedItem>
              <relatedItem type="articleLink">
                <ref n="883977" target="https://fr.wikipedia.org/wiki/Arabe" targetLang="fr">Arabe</ref>
              </relatedItem>
              <relatedItem type="articleTextSigle">
                <ref type="derekoTextSigle">WPF19/A0008.83977</ref>
              </relatedItem>
            </biblStruct>
            <reference assemblage="non-automatic" type="complete">WDF19/A0000.14293 Wikipedia: Discussion:Arabe. URL: https://fr.wikipedia.org/wiki/Discussion:Arabe (Letzte Änderung 24.3.2019). In: Wikipedia, Die freie Enzyklopädie - Dump vom 1.8.2019</reference>
            <reference assemblage="regular" type="short">WDF19/A0000.14293 Wikipedia: Discussion:Arabe, (Letzte Änderung 24.3.2019), 2019</reference>
          </sourceDesc>
        </fileDesc>
        <profileDesc>
          <creation>
            <creatDate>2019.03.24</creatDate>
            <creatRef>(Letzte Änderung 24.3.2019)</creatRef>
            <creatRefShort>(Letzte Änderung 24.3.2019)</creatRefShort>
          </creation>
          <textClass>
            <classCode scheme="https://fr.wikipedia.org/wiki/Portail:Accueil">
              <ref target="https://fr.wikipedia.org/wiki/Portail:Soci%C3%A9t%C3%A9" targetLang="fr">Portail:Société</ref>
              <ref target="https://fr.wikipedia.org/wiki/Portail:G%C3%A9ographie" targetLang="fr">Portail:Géographie</ref>
              <ref target="https://fr.wikipedia.org/wiki/Portail:Langue%20arabe" targetLang="fr">Portail:Langue arabe</ref>
              <ref target="https://fr.wikipedia.org/wiki/Portail:Langues" targetLang="fr">Portail:Langues</ref>
              <ref target="https://fr.wikipedia.org/wiki/Portail:Monde%20arabe" targetLang="fr">Portail:Monde arabe</ref>
              <ref target="https://fr.wikipedia.org/wiki/Portail:Afrique" targetLang="fr">Portail:Afrique</ref>
            </classCode>
            <classCode scheme="https://fr.wikipedia.org/wiki/Catégorie:Accueil">
              <ref target="https://fr.wikipedia.org/wiki/Catégorie:Langue%20arabe" targetLang="fr">Catégorie:Langue arabe</ref>
              <ref target="https://fr.wikipedia.org/wiki/Catégorie:Langue%20officielle" targetLang="fr">Catégorie:Langue officielle</ref>
              <ref target="https://fr.wikipedia.org/wiki/Catégorie:Arabe" targetLang="fr">Catégorie:Arabe</ref>
              <ref target="https://fr.wikipedia.org/wiki/Catégorie:Inventaire%20de%20langues" targetLang="fr">Catégorie:Inventaire de langues</ref>
              <ref target="https://fr.wikipedia.org/wiki/Catégorie:Langue%20d'Alg%C3%A9rie" targetLang="fr">Catégorie:Langue d'Algérie</ref>
              <ref target="https://fr.wikipedia.org/wiki/Catégorie:Langue%20d'Arabie%20saoudite" targetLang="fr">Catégorie:Langue d'Arabie saoudite</ref>
              <ref target="https://fr.wikipedia.org/wiki/Catégorie:Langue%20de%20Bahre%C3%AFn" targetLang="fr">Catégorie:Langue de Bahreïn</ref>
              <ref target="https://fr.wikipedia.org/wiki/Catégorie:Langue%20de%20Cisjordanie%20et%20Gaza" targetLang="fr">Catégorie:Langue de Cisjordanie et Gaza</ref>
              <ref target="https://fr.wikipedia.org/wiki/Catégorie:Langue%20d'%C3%89gypte" targetLang="fr">Catégorie:Langue d'Égypte</ref>
              <ref target="https://fr.wikipedia.org/wiki/Catégorie:Langue%20des%20%C3%89mirats%20arabes%20unis" targetLang="fr">Catégorie:Langue des Émirats arabes unis</ref>
              <ref target="https://fr.wikipedia.org/wiki/Catégorie:Langue%20d'Irak" targetLang="fr">Catégorie:Langue d'Irak</ref>
              <ref target="https://fr.wikipedia.org/wiki/Catégorie:Langue%20d'Iran" targetLang="fr">Catégorie:Langue d'Iran</ref>
              <ref target="https://fr.wikipedia.org/wiki/Catégorie:Langue%20d'Isra%C3%ABl" targetLang="fr">Catégorie:Langue d'Israël</ref>
              <ref target="https://fr.wikipedia.org/wiki/Catégorie:Langue%20de%20Jordanie" targetLang="fr">Catégorie:Langue de Jordanie</ref>
              <ref target="https://fr.wikipedia.org/wiki/Catégorie:Langue%20du%20Kowe%C3%AFt" targetLang="fr">Catégorie:Langue du Koweït</ref>
              <ref target="https://fr.wikipedia.org/wiki/Catégorie:Langue%20du%20Liban" targetLang="fr">Catégorie:Langue du Liban</ref>
              <ref target="https://fr.wikipedia.org/wiki/Catégorie:Langue%20de%20Libye" targetLang="fr">Catégorie:Langue de Libye</ref>
              <ref target="https://fr.wikipedia.org/wiki/Catégorie:Langue%20du%20Maroc" targetLang="fr">Catégorie:Langue du Maroc</ref>
              <ref target="https://fr.wikipedia.org/wiki/Catégorie:Langue%20de%20Mauritanie" targetLang="fr">Catégorie:Langue de Mauritanie</ref>
              <ref target="https://fr.wikipedia.org/wiki/Catégorie:Langue%20d'Oman" targetLang="fr">Catégorie:Langue d'Oman</ref>
              <ref target="https://fr.wikipedia.org/wiki/Catégorie:Langue%20du%20Qatar" targetLang="fr">Catégorie:Langue du Qatar</ref>
              <ref target="https://fr.wikipedia.org/wiki/Catégorie:Langue%20de%20Syrie" targetLang="fr">Catégorie:Langue de Syrie</ref>
              <ref target="https://fr.wikipedia.org/wiki/Catégorie:Langue%20du%20Tchad" targetLang="fr">Catégorie:Langue du Tchad</ref>
              <ref target="https://fr.wikipedia.org/wiki/Catégorie:Langue%20de%20Tunisie" targetLang="fr">Catégorie:Langue de Tunisie</ref>
              <ref target="https://fr.wikipedia.org/wiki/Catégorie:Langue%20du%20Y%C3%A9men" targetLang="fr">Catégorie:Langue du Yémen</ref>
            </classCode>
            <h.keywords>
              <keyTerm>Islam</keyTerm>
              <keyTerm>Monde arabo-musulman</keyTerm>
              <keyTerm>Langues</keyTerm>
              <keyTerm>Moyen-Orient</keyTerm>
              <keyTerm>Sélection transversale</keyTerm>
            </h.keywords>
            <classCode scheme="https://fr.wikipedia.org/wiki/Projet:Évaluation">
              <ref target="https://fr.wikipedia.org/wiki/Catégorie:Article_d%27avancement_B" targetLang="fr">B</ref>
            </classCode>
            <classCode scheme="https://en.wikipedia.org/wiki/Category:Contents">
              <ref target="https://en.wikipedia.org/wiki/Category:Arabic%20language" targetLang="en">Category:Arabic language</ref>
              <ref target="https://en.wikipedia.org/wiki/Category:Official%20languages" targetLang="en">Category:Official languages</ref>
              <ref target="https://en.wikipedia.org/wiki/Category:Languages%20of%20Bahrain" targetLang="en">Category:Languages of Bahrain</ref>
              <ref target="https://en.wikipedia.org/wiki/Category:Languages%20of%20the%20State%20of%20Palestine" targetLang="en">Category:Languages of the State of Palestine</ref>
              <ref target="https://en.wikipedia.org/wiki/Category:Languages%20of%20the%20United%20Arab%20Emirates" targetLang="en">Category:Languages of the United Arab Emirates</ref>
              <ref target="https://en.wikipedia.org/wiki/Category:Languages%20of%20Jordan" targetLang="en">Category:Languages of Jordan</ref>
              <ref target="https://en.wikipedia.org/wiki/Category:Languages%20of%20Kuwait" targetLang="en">Category:Languages of Kuwait</ref>
              <ref target="https://en.wikipedia.org/wiki/Category:Languages%20of%20Lebanon" targetLang="en">Category:Languages of Lebanon</ref>
              <ref target="https://en.wikipedia.org/wiki/Category:Languages%20of%20Libya" targetLang="en">Category:Languages of Libya</ref>
              <ref target="https://en.wikipedia.org/wiki/Category:Languages%20of%20Morocco" targetLang="en">Category:Languages of Morocco</ref>
              <ref target="https://en.wikipedia.org/wiki/Category:Languages%20of%20Mauritania" targetLang="en">Category:Languages of Mauritania</ref>
              <ref target="https://en.wikipedia.org/wiki/Category:Languages%20of%20Qatar" targetLang="en">Category:Languages of Qatar</ref>
              <ref target="https://en.wikipedia.org/wiki/Category:Languages%20of%20Syria" targetLang="en">Category:Languages of Syria</ref>
              <ref target="https://en.wikipedia.org/wiki/Category:Languages%20of%20Chad" targetLang="en">Category:Languages of Chad</ref>
              <ref target="https://en.wikipedia.org/wiki/Category:Languages%20of%20Tunisia" targetLang="en">Category:Languages of Tunisia</ref>
              <ref target="https://en.wikipedia.org/wiki/Category:Languages%20of%20Yemen" targetLang="en">Category:Languages of Yemen</ref>
            </classCode>
            <classCode scheme="https://en.wikipedia.org/wiki/Wikipedia:Contents/Portals">
              <ref target="https://en.wikipedia.org/wiki/Portal:Society" targetLang="en">Portal:Society</ref>
              <ref target="https://en.wikipedia.org/wiki/Portal:Geography" targetLang="en">Portal:Geography</ref>
              <ref target="https://en.wikipedia.org/wiki/Portal:Language" targetLang="en">Portal:Language</ref>
              <ref target="https://en.wikipedia.org/wiki/Portal:Africa" targetLang="en">Portal:Africa</ref>
            </classCode>
          </textClass>
          <textDesc>
            <textType>Diskussion</textType>
            <textTypeArt>Diskussion</textTypeArt>
            <textDomain/>
          </textDesc>
        </profileDesc>
      </idsHeader>