<?xml version="1.0" encoding="UTF-8"?>
<?xml-model href="span.rng"
            type="application/xml"
            schematypens="http://relaxng.org/ns/structure/1.0"?>
<layer docid="WDF19_A0000.10894"
       xmlns="http://ids-mannheim.de/ns/KorAP"
       version="KorAP-0.4">
  <spanList>
    <span id="t_0" from="0" to="4" />
    <span id="t_1" from="5" to="12" />
    <span id="t_2" from="14" to="22" />
    <span id="t_3" from="23" to="31" />
    <span id="t_4" from="32" to="39" />
    <span id="t_5" from="40" to="47" />
    <span id="t_6" from="48" to="50" />
    <span id="t_7" from="51" to="53" />
    <span id="t_8" from="54" to="59" />
    <span id="t_9" from="60" to="61" />
    <span id="t_10" from="62" to="65" />
    <span id="t_11" from="66" to="71" />
    <span id="t_12" from="72" to="75" />
    <span id="t_13" from="76" to="78" />
    <span id="t_14" from="78" to="79" />
    <span id="t_15" from="80" to="84" />
    <span id="t_16" from="85" to="86" />
    <span id="t_17" from="86" to="89" />
    <span id="t_18" from="89" to="90" />
    <span id="t_19" from="92" to="96" />
    <span id="t_20" from="97" to="99" />
    <span id="t_21" from="100" to="102" />
    <span id="t_22" from="103" to="109" />
    <span id="t_23" from="110" to="113" />
    <span id="t_24" from="113" to="114" />
    <span id="t_25" from="115" to="119" />
    <span id="t_26" from="120" to="125" />
    <span id="t_27" from="126" to="128" />
    <span id="t_28" from="129" to="138" />
    <span id="t_29" from="139" to="144" />
    <span id="t_30" from="144" to="145" />
    <span id="t_31" from="146" to="148" />
    <span id="t_32" from="149" to="155" />
    <span id="t_33" from="155" to="156" />
    <span id="t_34" from="157" to="159" />
    <span id="t_35" from="160" to="165" />
    <span id="t_36" from="165" to="166" />
    <span id="t_37" from="167" to="169" />
    <span id="t_38" from="170" to="175" />
    <span id="t_39" from="176" to="178" />
    <span id="t_40" from="179" to="181" />
    <span id="t_41" from="182" to="184" />
    <span id="t_42" from="185" to="190" />
    <span id="t_43" from="191" to="193" />
    <span id="t_44" from="194" to="199" />
    <span id="t_45" from="200" to="203" />
    <span id="t_46" from="204" to="211" />
    <span id="t_47" from="212" to="221" />
    <span id="t_48" from="222" to="224" />
    <span id="t_49" from="225" to="227" />
    <span id="t_50" from="228" to="236" />
    <span id="t_51" from="237" to="242" />
    <span id="t_52" from="243" to="244" />
    <span id="t_53" from="245" to="250" />
    <span id="t_54" from="251" to="253" />
    <span id="t_55" from="254" to="256" />
    <span id="t_56" from="257" to="259" />
    <span id="t_57" from="260" to="269" />
    <span id="t_58" from="270" to="272" />
    <span id="t_59" from="273" to="277" />
    <span id="t_60" from="278" to="281" />
    <span id="t_61" from="283" to="292" />
    <span id="t_62" from="293" to="295" />
    <span id="t_63" from="296" to="301" />
    <span id="t_64" from="302" to="314" />
    <span id="t_65" from="315" to="316" />
    <span id="t_66" from="317" to="319" />
    <span id="t_67" from="320" to="325" />
    <span id="t_68" from="326" to="328" />
    <span id="t_69" from="329" to="339" />
    <span id="t_70" from="339" to="340" />
    <span id="t_71" from="341" to="344" />
    <span id="t_72" from="345" to="346" />
    <span id="t_73" from="347" to="350" />
    <span id="t_74" from="351" to="355" />
    <span id="t_75" from="356" to="357" />
    <span id="t_76" from="358" to="363" />
    <span id="t_77" from="364" to="365" />
    <span id="t_78" from="365" to="369" />
    <span id="t_79" from="369" to="370" />
    <span id="t_80" from="372" to="379" />
    <span id="t_81" from="380" to="385" />
    <span id="t_82" from="386" to="392" />
    <span id="t_83" from="393" to="394" />
  </spanList>
</layer>