<?xml version="1.0" encoding="UTF-8"?>
<?xml-model href="header.rng"
            type="application/xml"
            schematypens="http://relaxng.org/ns/structure/1.0"?>
<!DOCTYPE idsCorpus PUBLIC "-//IDS//DTD IDS-XCES 1.0//EN"
          "http://corpora.ids-mannheim.de/idsxces1/DTD/ids.xcesdoc.dtd">
<idsHeader pattern="text" type="text" version="1">
        <fileDesc>
          <titleStmt>
            <textSigle>WDF19/A0000.13075</textSigle>
            <t.title assemblage="external">WDF19/A0000.13075 Discussion:Antarctique. URL:https://fr.wikipedia.org/wiki/Discussion:Antarctique . In: Wikipedia, 2019</t.title>
          </titleStmt>
          <publicationStmt>
            <distributor>French-German-English Project Comparable Wikipedia Corpora 2019;
Leibniz-Institute for the German Language and Université de Toulouse Jean Jaurès</distributor>
            <pubAddress/>
            <idno type="cmc-core-filename">13075.tei.xml</idno>
            <availability region="world" status="free">CC-BY-SA</availability>
            <pubDate type="year">2020</pubDate>
            <pubPlace>Mannheim</pubPlace>
            <pubPlace>Toulouse</pubPlace>
          </publicationStmt>
          <sourceDesc>
            <biblStruct>
              <analytic>
                <h.title type="main">Discussion:Antarctique</h.title>
                <h.author>GhosterBot et al.</h.author>
                <imprint>
                  <pubPlace>
                    <ref target="https://fr.wikipedia.org/wiki/Discussion:Antarctique" type="page_url"/>
                  </pubPlace>
                </imprint>
                <idno type="wikipedia-id">13075</idno>
              </analytic>
              <monogr>
                <h.title>Wikipedia</h.title>
                <edition>
                  <further/>
                  <kind>French language version</kind>
                  <appearance/>
                </edition>
                <imprint>
                  <publisher>Wikimedia Foundation, Inc</publisher>
                  <pubPlace>
                    <ref target="https://wikipedia.org/"/>
                  </pubPlace>
                </imprint>
              </monogr>
              <monogr>
                <h.title>frwiki-20190801-pages-meta-current</h.title>
                <edition>
                  <further/>
                  <kind>Dump file</kind>
                  <appearance/>
                </edition>
                <imprint>
                  <publisher>Wikimedia Foundation, Inc</publisher>
                  <pubPlace>
                    <ref target="http://dumps.wikimedia.org"/>
                  </pubPlace>
                  <pubDate type="year">2019</pubDate>
                  <pubDate type="month">08</pubDate>
                  <pubDate type="day">01</pubDate>
                </imprint>
                <idno type="dump-filename">frwiki-20190801-pages-meta-current</idno>
              </monogr>
              <relatedItem type="langLink">
                <ref target="https://de.wikipedia.org/wiki/Antarktika" targetLang="de">Antarktika</ref>
              </relatedItem>
              <relatedItem type="langLink">
                <ref target="https://en.wikipedia.org/wiki/Antarctica" targetLang="en">Antarctica</ref>
              </relatedItem>
              <relatedItem type="articleLink">
                <ref n="3028510" target="https://fr.wikipedia.org/wiki/Antarctique" targetLang="fr">Antarctique</ref>
              </relatedItem>
              <relatedItem type="articleTextSigle">
                <ref type="derekoTextSigle">WPF19/A0030.28510</ref>
              </relatedItem>
            </biblStruct>
            <reference assemblage="non-automatic" type="complete">WDF19/A0000.13075 Wikipedia: Discussion:Antarctique. URL: https://fr.wikipedia.org/wiki/Discussion:Antarctique (Letzte Änderung 9.5.2019). In: Wikipedia, Die freie Enzyklopädie - Dump vom 1.8.2019</reference>
            <reference assemblage="regular" type="short">WDF19/A0000.13075 Wikipedia: Discussion:Antarctique, (Letzte Änderung 9.5.2019), 2019</reference>
          </sourceDesc>
        </fileDesc>
        <profileDesc>
          <creation>
            <creatDate>2019.05.09</creatDate>
            <creatRef>(Letzte Änderung 9.5.2019)</creatRef>
            <creatRefShort>(Letzte Änderung 9.5.2019)</creatRefShort>
          </creation>
          <textClass>
            <classCode scheme="https://fr.wikipedia.org/wiki/Portail:Accueil">
              <ref target="https://fr.wikipedia.org/wiki/Portail:G%C3%A9ographie" targetLang="fr">Portail:Géographie</ref>
              <ref target="https://fr.wikipedia.org/wiki/Portail:Antarctique" targetLang="fr">Portail:Antarctique</ref>
              <ref targetLang="fr">Portail:Milieu</ref>
            </classCode>
            <classCode scheme="https://fr.wikipedia.org/wiki/Catégorie:Accueil">
              <ref target="https://fr.wikipedia.org/wiki/Catégorie:Antarctique" targetLang="fr">Catégorie:Antarctique</ref>
              <ref target="https://fr.wikipedia.org/wiki/Catégorie:Toponyme%20%C3%A9voquant%20l'ours" targetLang="fr">Catégorie:Toponyme évoquant l'ours</ref>
            </classCode>
            <h.keywords>
              <keyTerm>Monde polaire</keyTerm>
              <keyTerm>Géographie</keyTerm>
              <keyTerm>Sélection transversale</keyTerm>
            </h.keywords>
            <classCode scheme="https://fr.wikipedia.org/wiki/Projet:Évaluation">
              <ref target="https://fr.wikipedia.org/wiki/Catégorie:Article_d%27avancement_A" targetLang="fr">A</ref>
            </classCode>
            <classCode scheme="https://en.wikipedia.org/wiki/Category:Contents">
              <ref target="https://en.wikipedia.org/wiki/Category:Antarctica" targetLang="en">Category:Antarctica</ref>
            </classCode>
            <classCode scheme="https://en.wikipedia.org/wiki/Wikipedia:Contents/Portals">
              <ref target="https://en.wikipedia.org/wiki/Portal:Geography" targetLang="en">Portal:Geography</ref>
            </classCode>
          </textClass>
          <textDesc>
            <textType>Diskussion</textType>
            <textTypeArt>Diskussion</textTypeArt>
            <textDomain/>
          </textDesc>
        </profileDesc>
      </idsHeader>