<?xml version="1.0" encoding="UTF-8"?>
<?xml-model href="header.rng"
            type="application/xml"
            schematypens="http://relaxng.org/ns/structure/1.0"?>
<!DOCTYPE idsCorpus PUBLIC "-//IDS//DTD IDS-XCES 1.0//EN"
          "http://corpora.ids-mannheim.de/idsxces1/DTD/ids.xcesdoc.dtd">
<idsHeader pattern="text" type="document" version="1.0">
      <fileDesc>
        <titleStmt>
          <dokumentSigle>WDF19/A00</dokumentSigle>
          <d.title>Wikipedia, Diskussionen zu Artikeln mit Anfangsbuchstabe A, Teil 00</d.title>
        </titleStmt>
        <publicationStmt>
          <distributor/>
          <pubAddress/>
          <availability region="world" status="free">CC-BY-SA</availability>
          <pubDate/>
        </publicationStmt>
        <sourceDesc>
          <biblStruct>
            <monogr>
              <h.title type="main"/>
              <imprint/>
            </monogr>
          </biblStruct>
        </sourceDesc>
      </fileDesc>
    </idsHeader>