<?xml version="1.0" encoding="UTF-8"?>
<?xml-model href="header.rng"
            type="application/xml"
            schematypens="http://relaxng.org/ns/structure/1.0"?>
<!DOCTYPE idsCorpus PUBLIC "-//IDS//DTD IDS-XCES 1.0//EN"
          "http://corpora.ids-mannheim.de/idsxces1/DTD/ids.xcesdoc.dtd">
<idsHeader pattern="allesaußerZtg/Zschr" type="corpus" version="1.0">
    <fileDesc>
      <titleStmt>
        <korpusSigle>WDF19</korpusSigle>
        <c.title>Wikipedia.fr 2019 Diskussionen zu Artikeln</c.title>
      </titleStmt>
      <editionStmt version="1.0"/>
      <publicationStmt>
        <distributor>Leibniz-Institut für Deutsche Sprache</distributor>
        <pubAddress>Postfach 10 16 21, D-68016 Mannheim</pubAddress>
        <telephone>+49 (0)621 1581 0</telephone>
        <eAddress type="www">http://www.ids-mannheim.de</eAddress>
        <eAddress type="www">http://www.ids-mannheim.de/kl/projekte/korpora/</eAddress>
        <eAddress type="email">dereko@ids-mannheim.de</eAddress>
        <availability status="free">This document, the IDS-Wikipedia.de-Corpus, is part of the Archive
      of General Reference Corpora at IDS. It is published under the Creative Commons
      Attribution-ShareAlike License. See http://creativecommons.org/licenses/by-sa/3.0/legalcode
      for details. See http://www.ids-mannheim.de/kl/projekte/korpora/releases.html on how to refer
      to this document.</availability>
        <pubDate type="year">2020</pubDate>
      </publicationStmt>
      <sourceDesc>
        <biblStruct>
          <monogr>
            <h.title type="main">Wikipedia</h.title>
            <h.author/>
            <editor>Wikimedia Foundation</editor>
            <edition>
              <further>Dump file 'frwiki-20190801-pages-meta-current.xml'
         retrieved from http://dumps.wikimedia.org</further>
              <kind/>
              <appearance/>
            </edition>
            <imprint>
              <publisher>Wikipedia</publisher>
              <pubPlace>
                <ref target="http://fr.wikipedia.org"/>
              </pubPlace>
              <pubDate type="year">2019</pubDate>
              <pubDate type="month">08</pubDate>
              <pubDate type="day">01</pubDate>
            </imprint>
          </monogr>
        </biblStruct>
      </sourceDesc>
    </fileDesc>
    <encodingDesc>
      <projectDesc>French-German Project Comparable Wikipedia Corpora 2019; Leibniz-Institute for the
     German Language and Université de Toulouse Jean Jaurès</projectDesc>
      <editorialDecl>
        <conformance>This document conforms to I5 (see http://jtei.revues.org/508)</conformance>
        <transduction n="1">Extraction from Wikidump and building of CMC-core version: Mai Ho-Dac, U
      Toulouse, July 2020</transduction>
        <transduction n="2">Conversion from CMC-core to I5: IDS, August 2020</transduction>
      </editorialDecl>
    </encodingDesc>
    <profileDesc>
      <langUsage>
        <language id="fr">français</language>
      </langUsage>
      <textDesc>
        <textType>Diskussionen zu Enzyklopädie-Artikeln</textType>
        <textTypeRef/>
      </textDesc>
    </profileDesc>
    <revisionDesc>
      <listChange>
        <change when="2020-09" who="Harald Lüngen">generated from cmc-core</change>
      </listChange>
    </revisionDesc>
  </idsHeader>