<?xml version="1.0" encoding="UTF-8"?>
<?xml-model href="span.rng"
            type="application/xml"
            schematypens="http://relaxng.org/ns/structure/1.0"?>
<layer docid="WDF19_A0000.13865"
       xmlns="http://ids-mannheim.de/ns/KorAP"
       version="KorAP-0.4">
  <spanList>
    <span id="t_0" from="0" to="12" />
    <span id="t_1" from="13" to="15" />
    <span id="t_2" from="16" to="28" />
    <span id="t_3" from="29" to="37" />
    <span id="t_4" from="38" to="41" />
    <span id="t_5" from="42" to="47" />
    <span id="t_6" from="48" to="51" />
    <span id="t_7" from="52" to="64" />
    <span id="t_8" from="65" to="67" />
    <span id="t_9" from="68" to="76" />
    <span id="t_10" from="77" to="80" />
    <span id="t_11" from="81" to="92" />
    <span id="t_12" from="93" to="96" />
    <span id="t_13" from="97" to="106" />
    <span id="t_14" from="107" to="109" />
    <span id="t_15" from="110" to="122" />
    <span id="t_16" from="123" to="131" />
    <span id="t_17" from="132" to="133" />
    <span id="t_18" from="134" to="136" />
    <span id="t_19" from="137" to="141" />
    <span id="t_20" from="142" to="145" />
    <span id="t_21" from="146" to="149" />
    <span id="t_22" from="150" to="152" />
    <span id="t_23" from="153" to="157" />
    <span id="t_24" from="158" to="163" />
    <span id="t_25" from="164" to="171" />
    <span id="t_26" from="172" to="174" />
    <span id="t_27" from="175" to="183" />
    <span id="t_28" from="183" to="184" />
    <span id="t_29" from="185" to="189" />
    <span id="t_30" from="190" to="195" />
    <span id="t_31" from="196" to="199" />
    <span id="t_32" from="200" to="215" />
    <span id="t_33" from="216" to="218" />
    <span id="t_34" from="219" to="227" />
    <span id="t_35" from="228" to="230" />
    <span id="t_36" from="231" to="238" />
    <span id="t_37" from="239" to="242" />
    <span id="t_38" from="243" to="249" />
    <span id="t_39" from="250" to="252" />
    <span id="t_40" from="253" to="262" />
    <span id="t_41" from="263" to="264" />
    <span id="t_42" from="265" to="267" />
    <span id="t_43" from="268" to="272" />
    <span id="t_44" from="273" to="278" />
    <span id="t_45" from="279" to="280" />
    <span id="t_46" from="281" to="286" />
    <span id="t_47" from="286" to="287" />
    <span id="t_48" from="288" to="291" />
    <span id="t_49" from="292" to="296" />
    <span id="t_50" from="297" to="307" />
    <span id="t_51" from="308" to="310" />
    <span id="t_52" from="311" to="314" />
    <span id="t_53" from="315" to="319" />
    <span id="t_54" from="320" to="322" />
    <span id="t_55" from="323" to="326" />
    <span id="t_56" from="327" to="334" />
    <span id="t_57" from="334" to="335" />
    <span id="t_58" from="336" to="345" />
    <span id="t_59" from="346" to="348" />
    <span id="t_60" from="349" to="357" />
    <span id="t_61" from="358" to="360" />
    <span id="t_62" from="361" to="367" />
    <span id="t_63" from="368" to="371" />
    <span id="t_64" from="372" to="374" />
    <span id="t_65" from="375" to="379" />
    <span id="t_66" from="380" to="382" />
    <span id="t_67" from="383" to="386" />
    <span id="t_68" from="387" to="394" />
    <span id="t_69" from="394" to="395" />
    <span id="t_70" from="396" to="405" />
    <span id="t_71" from="406" to="414" />
    <span id="t_72" from="415" to="418" />
    <span id="t_73" from="419" to="422" />
    <span id="t_74" from="423" to="434" />
    <span id="t_75" from="435" to="442" />
    <span id="t_76" from="443" to="447" />
    <span id="t_77" from="448" to="457" />
    <span id="t_78" from="458" to="460" />
    <span id="t_79" from="461" to="464" />
    <span id="t_80" from="465" to="472" />
    <span id="t_81" from="473" to="474" />
    <span id="t_82" from="474" to="478" />
    <span id="t_83" from="479" to="483" />
    <span id="t_84" from="484" to="486" />
    <span id="t_85" from="487" to="490" />
    <span id="t_86" from="491" to="493" />
    <span id="t_87" from="494" to="496" />
    <span id="t_88" from="497" to="501" />
    <span id="t_89" from="502" to="510" />
    <span id="t_90" from="511" to="512" />
    <span id="t_91" from="513" to="521" />
    <span id="t_92" from="522" to="536" />
    <span id="t_93" from="536" to="537" />
    <span id="t_94" from="538" to="540" />
    <span id="t_95" from="541" to="546" />
    <span id="t_96" from="547" to="549" />
    <span id="t_97" from="550" to="557" />
    <span id="t_98" from="558" to="560" />
    <span id="t_99" from="561" to="563" />
    <span id="t_100" from="564" to="568" />
    <span id="t_101" from="569" to="571" />
    <span id="t_102" from="572" to="580" />
    <span id="t_103" from="581" to="584" />
    <span id="t_104" from="584" to="585" />
    <span id="t_105" from="586" to="587" />
    <span id="t_106" from="587" to="593" />
    <span id="t_107" from="594" to="597" />
    <span id="t_108" from="598" to="605" />
    <span id="t_109" from="606" to="608" />
    <span id="t_110" from="609" to="619" />
    <span id="t_111" from="620" to="621" />
    <span id="t_112" from="621" to="624" />
    <span id="t_113" from="625" to="627" />
    <span id="t_114" from="628" to="633" />
    <span id="t_115" from="634" to="636" />
    <span id="t_116" from="637" to="645" />
    <span id="t_117" from="646" to="651" />
    <span id="t_118" from="652" to="655" />
    <span id="t_119" from="656" to="663" />
    <span id="t_120" from="664" to="666" />
    <span id="t_121" from="667" to="672" />
    <span id="t_122" from="673" to="675" />
    <span id="t_123" from="676" to="683" />
    <span id="t_124" from="684" to="686" />
    <span id="t_125" from="687" to="689" />
    <span id="t_126" from="690" to="694" />
    <span id="t_127" from="695" to="697" />
    <span id="t_128" from="698" to="701" />
    <span id="t_129" from="702" to="709" />
    <span id="t_130" from="710" to="713" />
    <span id="t_131" from="713" to="714" />
    <span id="t_132" from="715" to="716" />
    <span id="t_133" from="716" to="720" />
    <span id="t_134" from="721" to="723" />
    <span id="t_135" from="724" to="732" />
    <span id="t_136" from="733" to="736" />
    <span id="t_137" from="737" to="739" />
    <span id="t_138" from="740" to="743" />
    <span id="t_139" from="744" to="747" />
    <span id="t_140" from="748" to="755" />
    <span id="t_141" from="756" to="763" />
    <span id="t_142" from="764" to="767" />
    <span id="t_143" from="768" to="777" />
    <span id="t_144" from="777" to="778" />
    <span id="t_145" from="780" to="785" />
    <span id="t_146" from="785" to="786" />
    <span id="t_147" from="787" to="789" />
    <span id="t_148" from="790" to="792" />
    <span id="t_149" from="793" to="795" />
    <span id="t_150" from="796" to="799" />
    <span id="t_151" from="800" to="809" />
    <span id="t_152" from="809" to="810" />
    <span id="t_153" from="811" to="817" />
    <span id="t_154" from="818" to="821" />
    <span id="t_155" from="821" to="822" />
    <span id="t_156" from="823" to="828" />
    <span id="t_157" from="829" to="831" />
    <span id="t_158" from="832" to="836" />
    <span id="t_159" from="837" to="844" />
    <span id="t_160" from="845" to="848" />
    <span id="t_161" from="849" to="853" />
    <span id="t_162" from="854" to="861" />
    <span id="t_163" from="862" to="866" />
    <span id="t_164" from="867" to="870" />
    <span id="t_165" from="871" to="880" />
    <span id="t_166" from="881" to="884" />
    <span id="t_167" from="884" to="891" />
    <span id="t_168" from="892" to="897" />
    <span id="t_169" from="898" to="901" />
    <span id="t_170" from="902" to="903" />
    <span id="t_171" from="903" to="904" />
    <span id="t_172" from="905" to="909" />
    <span id="t_173" from="910" to="911" />
    <span id="t_174" from="911" to="915" />
    <span id="t_175" from="915" to="916" />
    <span id="t_176" from="918" to="923" />
    <span id="t_177" from="924" to="928" />
    <span id="t_178" from="929" to="937" />
    <span id="t_179" from="938" to="949" />
    <span id="t_180" from="949" to="950" />
    <span id="t_181" from="951" to="956" />
    <span id="t_182" from="957" to="958" />
    <span id="t_183" from="958" to="964" />
    <span id="t_184" from="964" to="965" />
    <span id="t_185" from="966" to="968" />
    <span id="t_186" from="969" to="971" />
    <span id="t_187" from="972" to="973" />
    <span id="t_188" from="973" to="979" />
    <span id="t_189" from="980" to="984" />
    <span id="t_190" from="984" to="985" />
    <span id="t_191" from="985" to="986" />
    <span id="t_192" from="987" to="989" />
    <span id="t_193" from="990" to="991" />
    <span id="t_194" from="991" to="993" />
    <span id="t_195" from="993" to="995" />
    <span id="t_196" from="995" to="997" />
    <span id="t_197" from="997" to="999" />
    <span id="t_198" from="999" to="1000" />
    <span id="t_199" from="1001" to="1002" />
    <span id="t_200" from="1002" to="1003" />
    <span id="t_201" from="1003" to="1010" />
    <span id="t_202" from="1011" to="1017" />
    <span id="t_203" from="1018" to="1020" />
    <span id="t_204" from="1021" to="1029" />
    <span id="t_205" from="1030" to="1038" />
    <span id="t_206" from="1038" to="1039" />
    <span id="t_207" from="1039" to="1040" />
    <span id="t_208" from="1040" to="1041" />
    <span id="t_209" from="1042" to="1044" />
    <span id="t_210" from="1045" to="1053" />
    <span id="t_211" from="1054" to="1061" />
    <span id="t_212" from="1062" to="1065" />
    <span id="t_213" from="1066" to="1070" />
    <span id="t_214" from="1071" to="1073" />
    <span id="t_215" from="1074" to="1081" />
    <span id="t_216" from="1082" to="1083" />
    <span id="t_217" from="1083" to="1088" />
    <span id="t_218" from="1089" to="1093" />
    <span id="t_219" from="1094" to="1100" />
    <span id="t_220" from="1101" to="1104" />
    <span id="t_221" from="1105" to="1106" />
    <span id="t_222" from="1107" to="1109" />
    <span id="t_223" from="1110" to="1114" />
    <span id="t_224" from="1114" to="1115" />
    <span id="t_225" from="1116" to="1119" />
    <span id="t_226" from="1120" to="1122" />
    <span id="t_227" from="1123" to="1124" />
    <span id="t_228" from="1125" to="1168" />
    <span id="t_229" from="1169" to="1171" />
    <span id="t_230" from="1172" to="1174" />
    <span id="t_231" from="1176" to="1178" />
    <span id="t_232" from="1179" to="1181" />
    <span id="t_233" from="1182" to="1185" />
    <span id="t_234" from="1186" to="1190" />
    <span id="t_235" from="1191" to="1192" />
    <span id="t_236" from="1193" to="1198" />
    <span id="t_237" from="1199" to="1200" />
    <span id="t_238" from="1200" to="1204" />
    <span id="t_239" from="1204" to="1205" />
    <span id="t_240" from="1206" to="1208" />
    <span id="t_241" from="1209" to="1216" />
    <span id="t_242" from="1217" to="1228" />
    <span id="t_243" from="1229" to="1231" />
    <span id="t_244" from="1232" to="1234" />
    <span id="t_245" from="1235" to="1239" />
    <span id="t_246" from="1240" to="1249" />
    <span id="t_247" from="1250" to="1262" />
    <span id="t_248" from="1262" to="1263" />
    <span id="t_249" from="1264" to="1267" />
    <span id="t_250" from="1268" to="1272" />
    <span id="t_251" from="1273" to="1281" />
    <span id="t_252" from="1282" to="1287" />
    <span id="t_253" from="1288" to="1301" />
    <span id="t_254" from="1302" to="1312" />
    <span id="t_255" from="1312" to="1313" />
    <span id="t_256" from="1314" to="1316" />
    <span id="t_257" from="1316" to="1319" />
    <span id="t_258" from="1320" to="1322" />
    <span id="t_259" from="1323" to="1331" />
    <span id="t_260" from="1332" to="1336" />
    <span id="t_261" from="1337" to="1338" />
    <span id="t_262" from="1339" to="1341" />
    <span id="t_263" from="1341" to="1342" />
    <span id="t_264" from="1342" to="1344" />
    <span id="t_265" from="1345" to="1346" />
    <span id="t_266" from="1346" to="1349" />
    <span id="t_267" from="1349" to="1350" />
  </spanList>
</layer>