<?xml version="1.0" encoding="UTF-8"?>
<?xml-model href="header.rng"
            type="application/xml"
            schematypens="http://relaxng.org/ns/structure/1.0"?>
<!DOCTYPE idsCorpus PUBLIC "-//IDS//DTD IDS-XCES 1.0//EN"
          "http://corpora.ids-mannheim.de/idsxces1/DTD/ids.xcesdoc.dtd">
<idsHeader pattern="text" type="text" version="1">
        <fileDesc>
          <titleStmt>
            <textSigle>WDF19/A0000.13826</textSigle>
            <t.title assemblage="external">WDF19/A0000.13826 Discussion:Art/Archive1. URL:https://fr.wikipedia.org/wiki/Discussion:Art/Archive1 . In: Wikipedia, 2019</t.title>
          </titleStmt>
          <publicationStmt>
            <distributor>French-German-English Project Comparable Wikipedia Corpora 2019;
Leibniz-Institute for the German Language and Université de Toulouse Jean Jaurès</distributor>
            <pubAddress/>
            <idno type="cmc-core-filename">13826.tei.xml</idno>
            <availability region="world" status="free">CC-BY-SA</availability>
            <pubDate type="year">2020</pubDate>
            <pubPlace>Mannheim</pubPlace>
            <pubPlace>Toulouse</pubPlace>
          </publicationStmt>
          <sourceDesc>
            <biblStruct>
              <analytic>
                <h.title type="main">Discussion:Art/Archive1</h.title>
                <h.author>Salebot et al.</h.author>
                <imprint>
                  <pubPlace>
                    <ref target="https://fr.wikipedia.org/wiki/Discussion:Art/Archive1" type="page_url"/>
                  </pubPlace>
                </imprint>
                <idno type="wikipedia-id">13826</idno>
              </analytic>
              <monogr>
                <h.title>Wikipedia</h.title>
                <edition>
                  <further/>
                  <kind>French language version</kind>
                  <appearance/>
                </edition>
                <imprint>
                  <publisher>Wikimedia Foundation, Inc</publisher>
                  <pubPlace>
                    <ref target="https://wikipedia.org/"/>
                  </pubPlace>
                </imprint>
              </monogr>
              <monogr>
                <h.title>frwiki-20190801-pages-meta-current</h.title>
                <edition>
                  <further/>
                  <kind>Dump file</kind>
                  <appearance/>
                </edition>
                <imprint>
                  <publisher>Wikimedia Foundation, Inc</publisher>
                  <pubPlace>
                    <ref target="http://dumps.wikimedia.org"/>
                  </pubPlace>
                  <pubDate type="year">2019</pubDate>
                  <pubDate type="month">08</pubDate>
                  <pubDate type="day">01</pubDate>
                </imprint>
                <idno type="dump-filename">frwiki-20190801-pages-meta-current</idno>
              </monogr>
              <relatedItem type="langLink">
                <ref target="https://de.wikipedia.org/wiki/Kunst" targetLang="de">Kunst</ref>
              </relatedItem>
              <relatedItem type="langLink">
                <ref target="https://en.wikipedia.org/wiki/Art" targetLang="en">Art</ref>
              </relatedItem>
              <relatedItem type="articleLink">
                <ref n="3140355" target="https://fr.wikipedia.org/wiki/Art" targetLang="fr">Art</ref>
              </relatedItem>
              <relatedItem type="articleTextSigle">
                <ref type="derekoTextSigle">WPF19/A0031.40355</ref>
              </relatedItem>
            </biblStruct>
            <reference assemblage="non-automatic" type="complete">WDF19/A0000.13826 Wikipedia: Discussion:Art/Archive1. URL: https://fr.wikipedia.org/wiki/Discussion:Art/Archive1 (Letzte Änderung 12.12.2014). In: Wikipedia, Die freie Enzyklopädie - Dump vom 1.8.2019</reference>
            <reference assemblage="regular" type="short">WDF19/A0000.13826 Wikipedia: Discussion:Art/Archive1, (Letzte Änderung 12.12.2014), 2019</reference>
          </sourceDesc>
        </fileDesc>
        <profileDesc>
          <creation>
            <creatDate>2014.12.12</creatDate>
            <creatRef>(Letzte Änderung 12.12.2014)</creatRef>
            <creatRefShort>(Letzte Änderung 12.12.2014)</creatRefShort>
          </creation>
          <textClass>
            <classCode scheme="https://fr.wikipedia.org/wiki/Portail:Accueil">
              <ref target="https://fr.wikipedia.org/wiki/Portail:Arts" targetLang="fr">Portail:Arts</ref>
              <ref target="https://fr.wikipedia.org/wiki/Portail:Soci%C3%A9t%C3%A9" targetLang="fr">Portail:Société</ref>
              <ref target="https://fr.wikipedia.org/wiki/Portail:Arts" targetLang="fr">Portail:Arts</ref>
              <ref target="https://fr.wikipedia.org/wiki/Portail:Histoire%20de%20l'art" targetLang="fr">Portail:Histoire de l'art</ref>
              <ref target="https://fr.wikipedia.org/wiki/Portail:Philosophie" targetLang="fr">Portail:Philosophie</ref>
              <ref target="https://fr.wikipedia.org/wiki/Portail:Philosophie" targetLang="fr">Portail:Philosophie</ref>
            </classCode>
            <classCode scheme="https://fr.wikipedia.org/wiki/Catégorie:Accueil">
              <ref target="https://fr.wikipedia.org/wiki/Catégorie:Art" targetLang="fr">Catégorie:Art</ref>
              <ref target="https://fr.wikipedia.org/wiki/Catégorie:Esth%C3%A9tique" targetLang="fr">Catégorie:Esthétique</ref>
              <ref target="https://fr.wikipedia.org/wiki/Catégorie:Anthropologie%20de%20l'art" targetLang="fr">Catégorie:Anthropologie de l'art</ref>
            </classCode>
            <h.keywords>
              <keyTerm subtype="archive" type="other">      {{Archive de discussion|Article=Art|Début=avril 2003|Fin=août 2007|Discussion=Discuter:Art}}</keyTerm>
            </h.keywords>
            <classCode scheme="https://en.wikipedia.org/wiki/Category:Contents">
              <ref target="https://en.wikipedia.org/wiki/Category:Arts" targetLang="en">Category:Arts</ref>
              <ref target="https://en.wikipedia.org/wiki/Category:Aesthetics" targetLang="en">Category:Aesthetics</ref>
            </classCode>
            <classCode scheme="https://en.wikipedia.org/wiki/Wikipedia:Contents/Portals">
              <ref target="https://en.wikipedia.org/wiki/Portal:Arts" targetLang="en">Portal:Arts</ref>
              <ref target="https://en.wikipedia.org/wiki/Portal:Society" targetLang="en">Portal:Society</ref>
              <ref target="https://en.wikipedia.org/wiki/Portal:Philosophy" targetLang="en">Portal:Philosophy</ref>
            </classCode>
          </textClass>
          <textDesc>
            <textType>Diskussion</textType>
            <textTypeArt>Diskussion</textTypeArt>
            <textDomain/>
          </textDesc>
        </profileDesc>
      </idsHeader>