<?xml version="1.0" encoding="UTF-8"?>
<?xml-model href="header.rng"
            type="application/xml"
            schematypens="http://relaxng.org/ns/structure/1.0"?>
<!DOCTYPE idsCorpus PUBLIC "-//IDS//DTD IDS-XCES 1.0//EN"
          "http://corpora.ids-mannheim.de/idsxces1/DTD/ids.xcesdoc.dtd">
<idsHeader pattern="text" type="text" version="1">
        <fileDesc>
          <titleStmt>
            <textSigle>WDF19/A0000.14548</textSigle>
            <t.title assemblage="external">WDF19/A0000.14548 Discussion:Akhenaton. URL:https://fr.wikipedia.org/wiki/Discussion:Akhenaton . In: Wikipedia, 2019</t.title>
          </titleStmt>
          <publicationStmt>
            <distributor>French-German-English Project Comparable Wikipedia Corpora 2019;
Leibniz-Institute for the German Language and Université de Toulouse Jean Jaurès</distributor>
            <pubAddress/>
            <idno type="cmc-core-filename">14548.tei.xml</idno>
            <availability region="world" status="free">CC-BY-SA</availability>
            <pubDate type="year">2020</pubDate>
            <pubPlace>Mannheim</pubPlace>
            <pubPlace>Toulouse</pubPlace>
          </publicationStmt>
          <sourceDesc>
            <biblStruct>
              <analytic>
                <h.title type="main">Discussion:Akhenaton</h.title>
                <h.author>Hercule et al.</h.author>
                <imprint>
                  <pubPlace>
                    <ref target="https://fr.wikipedia.org/wiki/Discussion:Akhenaton" type="page_url"/>
                  </pubPlace>
                </imprint>
                <idno type="wikipedia-id">14548</idno>
              </analytic>
              <monogr>
                <h.title>Wikipedia</h.title>
                <edition>
                  <further/>
                  <kind>French language version</kind>
                  <appearance/>
                </edition>
                <imprint>
                  <publisher>Wikimedia Foundation, Inc</publisher>
                  <pubPlace>
                    <ref target="https://wikipedia.org/"/>
                  </pubPlace>
                </imprint>
              </monogr>
              <monogr>
                <h.title>frwiki-20190801-pages-meta-current</h.title>
                <edition>
                  <further/>
                  <kind>Dump file</kind>
                  <appearance/>
                </edition>
                <imprint>
                  <publisher>Wikimedia Foundation, Inc</publisher>
                  <pubPlace>
                    <ref target="http://dumps.wikimedia.org"/>
                  </pubPlace>
                  <pubDate type="year">2019</pubDate>
                  <pubDate type="month">08</pubDate>
                  <pubDate type="day">01</pubDate>
                </imprint>
                <idno type="dump-filename">frwiki-20190801-pages-meta-current</idno>
              </monogr>
              <relatedItem type="langLink">
                <ref target="https://de.wikipedia.org/wiki/Echnaton" targetLang="de">Echnaton</ref>
              </relatedItem>
              <relatedItem type="langLink">
                <ref target="https://en.wikipedia.org/wiki/Akhenaten" targetLang="en">Akhenaten</ref>
              </relatedItem>
              <relatedItem type="articleLink">
                <ref n="117" target="https://fr.wikipedia.org/wiki/Akhenaton" targetLang="fr">Akhenaton</ref>
              </relatedItem>
              <relatedItem type="articleTextSigle">
                <ref type="derekoTextSigle">WPF19/A0000.00117</ref>
              </relatedItem>
            </biblStruct>
            <reference assemblage="non-automatic" type="complete">WDF19/A0000.14548 Wikipedia: Discussion:Akhenaton. URL: https://fr.wikipedia.org/wiki/Discussion:Akhenaton (Letzte Änderung 12.10.2014). In: Wikipedia, Die freie Enzyklopädie - Dump vom 1.8.2019</reference>
            <reference assemblage="regular" type="short">WDF19/A0000.14548 Wikipedia: Discussion:Akhenaton, (Letzte Änderung 12.10.2014), 2019</reference>
          </sourceDesc>
        </fileDesc>
        <profileDesc>
          <creation>
            <creatDate>2014.10.12</creatDate>
            <creatRef>(Letzte Änderung 12.10.2014)</creatRef>
            <creatRefShort>(Letzte Änderung 12.10.2014)</creatRefShort>
          </creation>
          <textClass>
            <classCode scheme="https://fr.wikipedia.org/wiki/Portail:Accueil">
              <ref target="https://fr.wikipedia.org/wiki/Portail:Histoire" targetLang="fr">Portail:Histoire</ref>
              <ref target="https://fr.wikipedia.org/wiki/Portail:%C3%89gypte%20antique" targetLang="fr">Portail:Égypte antique</ref>
              <ref target="https://fr.wikipedia.org/wiki/Portail:Pr%C3%A9histoire" targetLang="fr">Portail:Préhistoire</ref>
            </classCode>
            <classCode scheme="https://fr.wikipedia.org/wiki/Catégorie:Accueil">
              <ref target="https://fr.wikipedia.org/wiki/Catégorie:Index%20%C3%A9gyptologique" targetLang="fr">Catégorie:Index égyptologique</ref>
              <ref target="https://fr.wikipedia.org/wiki/Catégorie:Pharaon" targetLang="fr">Catégorie:Pharaon</ref>
              <ref target="https://fr.wikipedia.org/wiki/Catégorie:XVIIIe%20dynastie%20%C3%A9gyptienne" targetLang="fr">Catégorie:XVIIIe dynastie égyptienne</ref>
            </classCode>
            <h.keywords>
              <keyTerm>Egyptopedia</keyTerm>
            </h.keywords>
            <classCode scheme="https://fr.wikipedia.org/wiki/Projet:Évaluation">
              <ref target="https://fr.wikipedia.org/wiki/Catégorie:Article_d%27avancement_B" targetLang="fr">B</ref>
            </classCode>
            <classCode scheme="https://en.wikipedia.org/wiki/Category:Contents">
              <ref target="https://en.wikipedia.org/wiki/Category:Pharaohs" targetLang="en">Category:Pharaohs</ref>
              <ref target="https://en.wikipedia.org/wiki/Category:Eighteenth%20Dynasty%20of%20Egypt" targetLang="en">Category:Eighteenth Dynasty of Egypt</ref>
            </classCode>
            <classCode scheme="https://en.wikipedia.org/wiki/Wikipedia:Contents/Portals">
              <ref target="https://en.wikipedia.org/wiki/Portal:History" targetLang="en">Portal:History</ref>
            </classCode>
          </textClass>
          <textDesc>
            <textType>Diskussion</textType>
            <textTypeArt>Diskussion</textTypeArt>
            <textDomain/>
          </textDesc>
        </profileDesc>
      </idsHeader>