<?xml version="1.0" encoding="UTF-8"?>
<?xml-model href="span.rng" type="application/xml" schematypens="http://relaxng.org/ns/structure/1.0"?>
<layer xmlns="http://ids-mannheim.de/ns/KorAP"
       docid="NKJP_NKJP.KolakowskiOco"
       version="KorAP-0.4">
   <spanList>
      <span id="n87" from="464" to="475" l="5">
         <fs xmlns="http://www.tei-c.org/ns/1.0" type="ne">
            <f name="ne"><!-- _Kierkegaard-->
               <fs>
                  <f name="type">
                     <symbol value="persName"/>
                  </f>
                  <f name="subtype">
                     <symbol value="surname"/>
                  </f>
               </fs>
            </f>
            <f name="nkjp">
               <fs type="named">
                  <f name="type">
                     <symbol value="persName"/>
                  </f>
                  <f name="subtype">
                     <symbol value="surname"/>
                  </f>
                  <f name="orth">
                     <string>Kierkegaard</string>
                  </f>
                  <f name="base">
                     <string>Kierkegaard</string>
                  </f>
                  <f name="certainty">
                     <symbol value="high"/>
                  </f>
               </fs>
            </f>
         </fs>
      </span>
   </spanList>
</layer>
