<?xml version="1.0" encoding="UTF-8"?>
<?xml-model href="span.rng"
            type="application/xml"
            schematypens="http://relaxng.org/ns/structure/1.0"?>
<layer docid="WDF19_A0000.14548"
       xmlns="http://ids-mannheim.de/ns/KorAP"
       version="KorAP-0.4">
  <spanList>
    <span id="s0" from="0" to="7798" l="1">
      <fs type="struct" xmlns="http://www.tei-c.org/ns/1.0">
        <f name="name">text</f>
      </fs>
    </span>
    <span id="s1" from="0" to="7798" l="2">
      <fs type="struct" xmlns="http://www.tei-c.org/ns/1.0">
        <f name="name">body</f>
      </fs>
    </span>
    <span id="s2" from="0" to="7798" l="3">
      <fs type="struct" xmlns="http://www.tei-c.org/ns/1.0">
        <f name="name">div</f>
        <f name="attr">
          <fs type="attr">
            <f name="type">talk</f>
          </fs>
        </f>
      </fs>
    </span>
    <span id="s3" from="0" to="9" l="4">
      <fs type="struct" xmlns="http://www.tei-c.org/ns/1.0">
        <f name="name">head</f>
      </fs>
    </span>
    <span id="s4" from="9" to="1513" l="4">
      <fs type="struct" xmlns="http://www.tei-c.org/ns/1.0">
        <f name="name">div</f>
        <f name="attr">
          <fs type="attr">
            <f name="id">i.14548_1</f>
            <f name="type">thread</f>
          </fs>
        </f>
      </fs>
    </span>
    <span id="s5" from="9" to="9" l="5">
      <fs type="struct" xmlns="http://www.tei-c.org/ns/1.0">
        <f name="name">head</f>
      </fs>
    </span>
    <span id="s6" from="9" to="234" l="5">
      <fs type="struct" xmlns="http://www.tei-c.org/ns/1.0">
        <f name="name">posting</f>
        <f name="attr">
          <fs type="attr">
            <f name="id">i.14548_1_1</f>
            <f name="indentLevel">0</f>
            <f name="who">WU00000000</f>
          </fs>
        </f>
      </fs>
    </span>
    <span id="s7" from="10" to="21" l="6">
      <fs type="struct" xmlns="http://www.tei-c.org/ns/1.0">
        <f name="name">p</f>
      </fs>
    </span>
    <span id="s8" from="22" to="234" l="6">
      <fs type="struct" xmlns="http://www.tei-c.org/ns/1.0">
        <f name="name">p</f>
      </fs>
    </span>
    <span id="s9" from="234" to="342" l="5">
      <fs type="struct" xmlns="http://www.tei-c.org/ns/1.0">
        <f name="name">posting</f>
        <f name="attr">
          <fs type="attr">
            <f name="id">i.14548_1_2</f>
            <f name="indentLevel">1</f>
            <f name="when-iso">2003-04-17T14:21+02</f>
            <f name="who">WU00000093</f>
          </fs>
        </f>
      </fs>
    </span>
    <span id="s10" from="235" to="342" l="6">
      <fs type="struct" xmlns="http://www.tei-c.org/ns/1.0">
        <f name="name">p</f>
      </fs>
    </span>
    <span id="s11" from="308" to="342" l="7">
      <fs type="struct" xmlns="http://www.tei-c.org/ns/1.0">
        <f name="name">autoSignature</f>
        <f name="attr">
          <fs type="attr">
            <f name="type">signed</f>
          </fs>
        </f>
      </fs>
    </span>
    <span id="s12" from="316" to="342" l="8">
      <fs type="struct" xmlns="http://www.tei-c.org/ns/1.0">
        <f name="name">timestamp</f>
      </fs>
    </span>
    <span id="s13" from="342" to="658" l="5">
      <fs type="struct" xmlns="http://www.tei-c.org/ns/1.0">
        <f name="name">posting</f>
        <f name="attr">
          <fs type="attr">
            <f name="id">i.14548_1_3</f>
            <f name="indentLevel">0</f>
            <f name="who">WU00000093</f>
          </fs>
        </f>
      </fs>
    </span>
    <span id="s14" from="343" to="658" l="6">
      <fs type="struct" xmlns="http://www.tei-c.org/ns/1.0">
        <f name="name">p</f>
      </fs>
    </span>
    <span id="s15" from="650" to="658" l="7">
      <fs type="struct" xmlns="http://www.tei-c.org/ns/1.0">
        <f name="name">autoSignature</f>
        <f name="attr">
          <fs type="attr">
            <f name="type">signed</f>
          </fs>
        </f>
      </fs>
    </span>
    <span id="s16" from="658" to="812" l="5">
      <fs type="struct" xmlns="http://www.tei-c.org/ns/1.0">
        <f name="name">posting</f>
        <f name="attr">
          <fs type="attr">
            <f name="id">i.14548_1_4</f>
            <f name="indentLevel">1</f>
            <f name="when-iso">2003-04-18T03:38+02</f>
            <f name="who">WU00000093</f>
          </fs>
        </f>
      </fs>
    </span>
    <span id="s17" from="659" to="812" l="6">
      <fs type="struct" xmlns="http://www.tei-c.org/ns/1.0">
        <f name="name">p</f>
      </fs>
    </span>
    <span id="s18" from="778" to="812" l="7">
      <fs type="struct" xmlns="http://www.tei-c.org/ns/1.0">
        <f name="name">autoSignature</f>
        <f name="attr">
          <fs type="attr">
            <f name="type">signed</f>
          </fs>
        </f>
      </fs>
    </span>
    <span id="s19" from="786" to="812" l="8">
      <fs type="struct" xmlns="http://www.tei-c.org/ns/1.0">
        <f name="name">timestamp</f>
      </fs>
    </span>
    <span id="s20" from="812" to="1350" l="5">
      <fs type="struct" xmlns="http://www.tei-c.org/ns/1.0">
        <f name="name">posting</f>
        <f name="attr">
          <fs type="attr">
            <f name="id">i.14548_1_5</f>
            <f name="indentLevel">0</f>
            <f name="who">WU00000000</f>
          </fs>
        </f>
      </fs>
    </span>
    <span id="s21" from="813" to="1350" l="6">
      <fs type="struct" xmlns="http://www.tei-c.org/ns/1.0">
        <f name="name">p</f>
      </fs>
    </span>
    <span id="s22" from="1350" to="1513" l="5">
      <fs type="struct" xmlns="http://www.tei-c.org/ns/1.0">
        <f name="name">div</f>
        <f name="attr">
          <fs type="attr">
            <f name="id">i.14548_2</f>
            <f name="type">thread</f>
          </fs>
        </f>
      </fs>
    </span>
    <span id="s23" from="1351" to="1362" l="6">
      <fs type="struct" xmlns="http://www.tei-c.org/ns/1.0">
        <f name="name">head</f>
      </fs>
    </span>
    <span id="s24" from="1362" to="1513" l="6">
      <fs type="struct" xmlns="http://www.tei-c.org/ns/1.0">
        <f name="name">posting</f>
        <f name="attr">
          <fs type="attr">
            <f name="id">i.14548_2_1</f>
            <f name="indentLevel">0</f>
            <f name="when-iso">2006-03-14T13:06+01</f>
            <f name="who">WU00003809</f>
          </fs>
        </f>
      </fs>
    </span>
    <span id="s25" from="1363" to="1513" l="7">
      <fs type="struct" xmlns="http://www.tei-c.org/ns/1.0">
        <f name="name">p</f>
      </fs>
    </span>
    <span id="s26" from="1472" to="1513" l="8">
      <fs type="struct" xmlns="http://www.tei-c.org/ns/1.0">
        <f name="name">autoSignature</f>
        <f name="attr">
          <fs type="attr">
            <f name="type">signed</f>
          </fs>
        </f>
      </fs>
    </span>
    <span id="s27" from="1487" to="1513" l="9">
      <fs type="struct" xmlns="http://www.tei-c.org/ns/1.0">
        <f name="name">timestamp</f>
      </fs>
    </span>
    <span id="s28" from="1513" to="3116" l="4">
      <fs type="struct" xmlns="http://www.tei-c.org/ns/1.0">
        <f name="name">div</f>
        <f name="attr">
          <fs type="attr">
            <f name="id">i.14548_3</f>
            <f name="type">thread</f>
          </fs>
        </f>
      </fs>
    </span>
    <span id="s29" from="1514" to="1541" l="5">
      <fs type="struct" xmlns="http://www.tei-c.org/ns/1.0">
        <f name="name">head</f>
      </fs>
    </span>
    <span id="s30" from="1541" to="3116" l="5">
      <fs type="struct" xmlns="http://www.tei-c.org/ns/1.0">
        <f name="name">posting</f>
        <f name="attr">
          <fs type="attr">
            <f name="id">i.14548_3_1</f>
            <f name="indentLevel">0</f>
            <f name="when-iso">2009-07-03T06:50+02</f>
            <f name="who">WU00004000</f>
          </fs>
        </f>
      </fs>
    </span>
    <span id="s31" from="1542" to="2916" l="6">
      <fs type="struct" xmlns="http://www.tei-c.org/ns/1.0">
        <f name="name">p</f>
      </fs>
    </span>
    <span id="s32" from="2917" to="3116" l="6">
      <fs type="struct" xmlns="http://www.tei-c.org/ns/1.0">
        <f name="name">p</f>
      </fs>
    </span>
    <span id="s33" from="3077" to="3116" l="7">
      <fs type="struct" xmlns="http://www.tei-c.org/ns/1.0">
        <f name="name">autoSignature</f>
        <f name="attr">
          <fs type="attr">
            <f name="type">signed</f>
          </fs>
        </f>
      </fs>
    </span>
    <span id="s34" from="3087" to="3116" l="8">
      <fs type="struct" xmlns="http://www.tei-c.org/ns/1.0">
        <f name="name">timestamp</f>
      </fs>
    </span>
    <span id="s35" from="3116" to="3568" l="4">
      <fs type="struct" xmlns="http://www.tei-c.org/ns/1.0">
        <f name="name">div</f>
        <f name="attr">
          <fs type="attr">
            <f name="id">i.14548_4</f>
            <f name="type">thread</f>
          </fs>
        </f>
      </fs>
    </span>
    <span id="s36" from="3117" to="3146" l="5">
      <fs type="struct" xmlns="http://www.tei-c.org/ns/1.0">
        <f name="name">head</f>
      </fs>
    </span>
    <span id="s37" from="3146" to="3568" l="5">
      <fs type="struct" xmlns="http://www.tei-c.org/ns/1.0">
        <f name="name">div</f>
        <f name="attr">
          <fs type="attr">
            <f name="id">i.14548_5</f>
            <f name="type">thread</f>
          </fs>
        </f>
      </fs>
    </span>
    <span id="s38" from="3147" to="3151" l="6">
      <fs type="struct" xmlns="http://www.tei-c.org/ns/1.0">
        <f name="name">head</f>
      </fs>
    </span>
    <span id="s39" from="3151" to="3568" l="6">
      <fs type="struct" xmlns="http://www.tei-c.org/ns/1.0">
        <f name="name">posting</f>
        <f name="attr">
          <fs type="attr">
            <f name="id">i.14548_5_1</f>
            <f name="indentLevel">0</f>
            <f name="when-iso">2009-07-03T06:50+02</f>
            <f name="who">WU00004000</f>
          </fs>
        </f>
      </fs>
    </span>
    <span id="s40" from="3152" to="3568" l="7">
      <fs type="struct" xmlns="http://www.tei-c.org/ns/1.0">
        <f name="name">p</f>
      </fs>
    </span>
    <span id="s41" from="3529" to="3568" l="8">
      <fs type="struct" xmlns="http://www.tei-c.org/ns/1.0">
        <f name="name">autoSignature</f>
        <f name="attr">
          <fs type="attr">
            <f name="type">signed</f>
          </fs>
        </f>
      </fs>
    </span>
    <span id="s42" from="3539" to="3568" l="9">
      <fs type="struct" xmlns="http://www.tei-c.org/ns/1.0">
        <f name="name">timestamp</f>
      </fs>
    </span>
    <span id="s43" from="3568" to="7034" l="4">
      <fs type="struct" xmlns="http://www.tei-c.org/ns/1.0">
        <f name="name">div</f>
        <f name="attr">
          <fs type="attr">
            <f name="id">i.14548_6</f>
            <f name="type">thread</f>
          </fs>
        </f>
      </fs>
    </span>
    <span id="s44" from="3569" to="3583" l="5">
      <fs type="struct" xmlns="http://www.tei-c.org/ns/1.0">
        <f name="name">head</f>
      </fs>
    </span>
    <span id="s45" from="3583" to="3965" l="5">
      <fs type="struct" xmlns="http://www.tei-c.org/ns/1.0">
        <f name="name">posting</f>
        <f name="attr">
          <fs type="attr">
            <f name="id">i.14548_6_1</f>
            <f name="indentLevel">0</f>
            <f name="when-iso">2009-10-06T22:49+02</f>
            <f name="who">WU00004001</f>
          </fs>
        </f>
      </fs>
    </span>
    <span id="s46" from="3584" to="3850" l="6">
      <fs type="struct" xmlns="http://www.tei-c.org/ns/1.0">
        <f name="name">p</f>
      </fs>
    </span>
    <span id="s47" from="3851" to="3927" l="6">
      <fs type="struct" xmlns="http://www.tei-c.org/ns/1.0">
        <f name="name">p</f>
      </fs>
    </span>
    <span id="s48" from="3928" to="3965" l="6">
      <fs type="struct" xmlns="http://www.tei-c.org/ns/1.0">
        <f name="name">p</f>
      </fs>
    </span>
    <span id="s49" from="3933" to="3962" l="7">
      <fs type="struct" xmlns="http://www.tei-c.org/ns/1.0">
        <f name="name">autoSignature</f>
        <f name="attr">
          <fs type="attr">
            <f name="type">user_contribution</f>
          </fs>
        </f>
      </fs>
    </span>
    <span id="s50" from="3933" to="3962" l="8">
      <fs type="struct" xmlns="http://www.tei-c.org/ns/1.0">
        <f name="name">timestamp</f>
      </fs>
    </span>
    <span id="s51" from="3965" to="7034" l="5">
      <fs type="struct" xmlns="http://www.tei-c.org/ns/1.0">
        <f name="name">posting</f>
        <f name="attr">
          <fs type="attr">
            <f name="id">i.14548_6_2</f>
            <f name="indentLevel">1</f>
            <f name="when-iso">2009-10-07T00:43+02</f>
            <f name="who">WU00002017</f>
          </fs>
        </f>
      </fs>
    </span>
    <span id="s52" from="3966" to="4201" l="6">
      <fs type="struct" xmlns="http://www.tei-c.org/ns/1.0">
        <f name="name">p</f>
      </fs>
    </span>
    <span id="s53" from="4202" to="4780" l="6">
      <fs type="struct" xmlns="http://www.tei-c.org/ns/1.0">
        <f name="name">p</f>
      </fs>
    </span>
    <span id="s54" from="4781" to="5445" l="6">
      <fs type="struct" xmlns="http://www.tei-c.org/ns/1.0">
        <f name="name">p</f>
      </fs>
    </span>
    <span id="s55" from="5446" to="5458" l="6">
      <fs type="struct" xmlns="http://www.tei-c.org/ns/1.0">
        <f name="name">p</f>
      </fs>
    </span>
    <span id="s56" from="5458" to="5930" l="6">
      <fs type="struct" xmlns="http://www.tei-c.org/ns/1.0">
        <f name="name">list</f>
      </fs>
    </span>
    <span id="s57" from="5459" to="5554" l="7">
      <fs type="struct" xmlns="http://www.tei-c.org/ns/1.0">
        <f name="name">item</f>
      </fs>
    </span>
    <span id="s58" from="5555" to="5677" l="7">
      <fs type="struct" xmlns="http://www.tei-c.org/ns/1.0">
        <f name="name">item</f>
      </fs>
    </span>
    <span id="s59" from="5678" to="5823" l="7">
      <fs type="struct" xmlns="http://www.tei-c.org/ns/1.0">
        <f name="name">item</f>
      </fs>
    </span>
    <span id="s60" from="5824" to="5930" l="7">
      <fs type="struct" xmlns="http://www.tei-c.org/ns/1.0">
        <f name="name">item</f>
      </fs>
    </span>
    <span id="s61" from="5931" to="6732" l="6">
      <fs type="struct" xmlns="http://www.tei-c.org/ns/1.0">
        <f name="name">p</f>
      </fs>
    </span>
    <span id="s62" from="6733" to="7000" l="6">
      <fs type="struct" xmlns="http://www.tei-c.org/ns/1.0">
        <f name="name">p</f>
      </fs>
    </span>
    <span id="s63" from="7000" to="7034" l="6">
      <fs type="struct" xmlns="http://www.tei-c.org/ns/1.0">
        <f name="name">p</f>
      </fs>
    </span>
    <span id="s64" from="7000" to="7034" l="7">
      <fs type="struct" xmlns="http://www.tei-c.org/ns/1.0">
        <f name="name">autoSignature</f>
        <f name="attr">
          <fs type="attr">
            <f name="type">signed</f>
          </fs>
        </f>
      </fs>
    </span>
    <span id="s65" from="7005" to="7034" l="8">
      <fs type="struct" xmlns="http://www.tei-c.org/ns/1.0">
        <f name="name">timestamp</f>
      </fs>
    </span>
    <span id="s66" from="7034" to="7378" l="4">
      <fs type="struct" xmlns="http://www.tei-c.org/ns/1.0">
        <f name="name">div</f>
        <f name="attr">
          <fs type="attr">
            <f name="id">i.14548_7</f>
            <f name="type">thread</f>
          </fs>
        </f>
      </fs>
    </span>
    <span id="s67" from="7035" to="7043" l="5">
      <fs type="struct" xmlns="http://www.tei-c.org/ns/1.0">
        <f name="name">head</f>
      </fs>
    </span>
    <span id="s68" from="7043" to="7378" l="5">
      <fs type="struct" xmlns="http://www.tei-c.org/ns/1.0">
        <f name="name">posting</f>
        <f name="attr">
          <fs type="attr">
            <f name="id">i.14548_7_1</f>
            <f name="indentLevel">0</f>
            <f name="who">WU00000000</f>
          </fs>
        </f>
      </fs>
    </span>
    <span id="s69" from="7044" to="7181" l="6">
      <fs type="struct" xmlns="http://www.tei-c.org/ns/1.0">
        <f name="name">p</f>
      </fs>
    </span>
    <span id="s70" from="7182" to="7300" l="6">
      <fs type="struct" xmlns="http://www.tei-c.org/ns/1.0">
        <f name="name">p</f>
      </fs>
    </span>
    <span id="s71" from="7301" to="7336" l="6">
      <fs type="struct" xmlns="http://www.tei-c.org/ns/1.0">
        <f name="name">p</f>
      </fs>
    </span>
    <span id="s72" from="7337" to="7378" l="6">
      <fs type="struct" xmlns="http://www.tei-c.org/ns/1.0">
        <f name="name">p</f>
      </fs>
    </span>
    <span id="s73" from="7378" to="7440" l="4">
      <fs type="struct" xmlns="http://www.tei-c.org/ns/1.0">
        <f name="name">div</f>
        <f name="attr">
          <fs type="attr">
            <f name="id">i.14548_8</f>
            <f name="type">thread</f>
          </fs>
        </f>
      </fs>
    </span>
    <span id="s74" from="7379" to="7387" l="5">
      <fs type="struct" xmlns="http://www.tei-c.org/ns/1.0">
        <f name="name">head</f>
      </fs>
    </span>
    <span id="s75" from="7387" to="7440" l="5">
      <fs type="struct" xmlns="http://www.tei-c.org/ns/1.0">
        <f name="name">posting</f>
        <f name="attr">
          <fs type="attr">
            <f name="id">i.14548_8_1</f>
            <f name="indentLevel">0</f>
            <f name="who">WU00000000</f>
          </fs>
        </f>
      </fs>
    </span>
    <span id="s76" from="7388" to="7440" l="6">
      <fs type="struct" xmlns="http://www.tei-c.org/ns/1.0">
        <f name="name">p</f>
      </fs>
    </span>
    <span id="s77" from="7440" to="7798" l="4">
      <fs type="struct" xmlns="http://www.tei-c.org/ns/1.0">
        <f name="name">div</f>
        <f name="attr">
          <fs type="attr">
            <f name="id">i.14548_9</f>
            <f name="type">thread</f>
          </fs>
        </f>
      </fs>
    </span>
    <span id="s78" from="7441" to="7459" l="5">
      <fs type="struct" xmlns="http://www.tei-c.org/ns/1.0">
        <f name="name">head</f>
      </fs>
    </span>
    <span id="s79" from="7459" to="7798" l="5">
      <fs type="struct" xmlns="http://www.tei-c.org/ns/1.0">
        <f name="name">posting</f>
        <f name="attr">
          <fs type="attr">
            <f name="id">i.14548_9_1</f>
            <f name="indentLevel">0</f>
            <f name="who">WU00000000</f>
          </fs>
        </f>
      </fs>
    </span>
    <span id="s80" from="7460" to="7619" l="6">
      <fs type="struct" xmlns="http://www.tei-c.org/ns/1.0">
        <f name="name">p</f>
      </fs>
    </span>
    <span id="s81" from="7620" to="7721" l="6">
      <fs type="struct" xmlns="http://www.tei-c.org/ns/1.0">
        <f name="name">p</f>
      </fs>
    </span>
    <span id="s82" from="7722" to="7783" l="6">
      <fs type="struct" xmlns="http://www.tei-c.org/ns/1.0">
        <f name="name">p</f>
      </fs>
    </span>
    <span id="s83" from="7784" to="7790" l="6">
      <fs type="struct" xmlns="http://www.tei-c.org/ns/1.0">
        <f name="name">p</f>
      </fs>
    </span>
    <span id="s84" from="7791" to="7798" l="6">
      <fs type="struct" xmlns="http://www.tei-c.org/ns/1.0">
        <f name="name">p</f>
      </fs>
    </span>
    <span id="s85" from="0" to="154" l="-1">
      <fs type="struct" xmlns="http://www.tei-c.org/ns/1.0">
        <f name="name">s</f>
      </fs>
    </span>
    <span id="s86" from="155" to="234" l="-1">
      <fs type="struct" xmlns="http://www.tei-c.org/ns/1.0">
        <f name="name">s</f>
      </fs>
    </span>
    <span id="s87" from="235" to="276" l="-1">
      <fs type="struct" xmlns="http://www.tei-c.org/ns/1.0">
        <f name="name">s</f>
      </fs>
    </span>
    <span id="s88" from="277" to="494" l="-1">
      <fs type="struct" xmlns="http://www.tei-c.org/ns/1.0">
        <f name="name">s</f>
      </fs>
    </span>
    <span id="s89" from="495" to="595" l="-1">
      <fs type="struct" xmlns="http://www.tei-c.org/ns/1.0">
        <f name="name">s</f>
      </fs>
    </span>
    <span id="s90" from="596" to="649" l="-1">
      <fs type="struct" xmlns="http://www.tei-c.org/ns/1.0">
        <f name="name">s</f>
      </fs>
    </span>
    <span id="s91" from="650" to="775" l="-1">
      <fs type="struct" xmlns="http://www.tei-c.org/ns/1.0">
        <f name="name">s</f>
      </fs>
    </span>
    <span id="s92" from="775" to="777" l="-1">
      <fs type="struct" xmlns="http://www.tei-c.org/ns/1.0">
        <f name="name">s</f>
      </fs>
    </span>
    <span id="s93" from="778" to="928" l="-1">
      <fs type="struct" xmlns="http://www.tei-c.org/ns/1.0">
        <f name="name">s</f>
      </fs>
    </span>
    <span id="s94" from="929" to="1043" l="-1">
      <fs type="struct" xmlns="http://www.tei-c.org/ns/1.0">
        <f name="name">s</f>
      </fs>
    </span>
    <span id="s95" from="1044" to="1079" l="-1">
      <fs type="struct" xmlns="http://www.tei-c.org/ns/1.0">
        <f name="name">s</f>
      </fs>
    </span>
    <span id="s96" from="1080" to="1177" l="-1">
      <fs type="struct" xmlns="http://www.tei-c.org/ns/1.0">
        <f name="name">s</f>
      </fs>
    </span>
    <span id="s97" from="1178" to="1295" l="-1">
      <fs type="struct" xmlns="http://www.tei-c.org/ns/1.0">
        <f name="name">s</f>
      </fs>
    </span>
    <span id="s98" from="1296" to="1350" l="-1">
      <fs type="struct" xmlns="http://www.tei-c.org/ns/1.0">
        <f name="name">s</f>
      </fs>
    </span>
    <span id="s99" from="1351" to="1469" l="-1">
      <fs type="struct" xmlns="http://www.tei-c.org/ns/1.0">
        <f name="name">s</f>
      </fs>
    </span>
    <span id="s100" from="1470" to="1772" l="-1">
      <fs type="struct" xmlns="http://www.tei-c.org/ns/1.0">
        <f name="name">s</f>
      </fs>
    </span>
    <span id="s101" from="1773" to="1923" l="-1">
      <fs type="struct" xmlns="http://www.tei-c.org/ns/1.0">
        <f name="name">s</f>
      </fs>
    </span>
    <span id="s102" from="1924" to="1991" l="-1">
      <fs type="struct" xmlns="http://www.tei-c.org/ns/1.0">
        <f name="name">s</f>
      </fs>
    </span>
    <span id="s103" from="1992" to="2182" l="-1">
      <fs type="struct" xmlns="http://www.tei-c.org/ns/1.0">
        <f name="name">s</f>
      </fs>
    </span>
    <span id="s104" from="2183" to="2286" l="-1">
      <fs type="struct" xmlns="http://www.tei-c.org/ns/1.0">
        <f name="name">s</f>
      </fs>
    </span>
    <span id="s105" from="2287" to="2583" l="-1">
      <fs type="struct" xmlns="http://www.tei-c.org/ns/1.0">
        <f name="name">s</f>
      </fs>
    </span>
    <span id="s106" from="2584" to="2916" l="-1">
      <fs type="struct" xmlns="http://www.tei-c.org/ns/1.0">
        <f name="name">s</f>
      </fs>
    </span>
    <span id="s107" from="2918" to="2990" l="-1">
      <fs type="struct" xmlns="http://www.tei-c.org/ns/1.0">
        <f name="name">s</f>
      </fs>
    </span>
    <span id="s108" from="2991" to="3074" l="-1">
      <fs type="struct" xmlns="http://www.tei-c.org/ns/1.0">
        <f name="name">s</f>
      </fs>
    </span>
    <span id="s109" from="3075" to="3232" l="-1">
      <fs type="struct" xmlns="http://www.tei-c.org/ns/1.0">
        <f name="name">s</f>
      </fs>
    </span>
    <span id="s110" from="3233" to="3526" l="-1">
      <fs type="struct" xmlns="http://www.tei-c.org/ns/1.0">
        <f name="name">s</f>
      </fs>
    </span>
    <span id="s111" from="3527" to="3656" l="-1">
      <fs type="struct" xmlns="http://www.tei-c.org/ns/1.0">
        <f name="name">s</f>
      </fs>
    </span>
    <span id="s112" from="3657" to="3850" l="-1">
      <fs type="struct" xmlns="http://www.tei-c.org/ns/1.0">
        <f name="name">s</f>
      </fs>
    </span>
    <span id="s113" from="3852" to="3927" l="-1">
      <fs type="struct" xmlns="http://www.tei-c.org/ns/1.0">
        <f name="name">s</f>
      </fs>
    </span>
    <span id="s114" from="3929" to="4092" l="-1">
      <fs type="struct" xmlns="http://www.tei-c.org/ns/1.0">
        <f name="name">s</f>
      </fs>
    </span>
    <span id="s115" from="4093" to="4201" l="-1">
      <fs type="struct" xmlns="http://www.tei-c.org/ns/1.0">
        <f name="name">s</f>
      </fs>
    </span>
    <span id="s116" from="4203" to="4334" l="-1">
      <fs type="struct" xmlns="http://www.tei-c.org/ns/1.0">
        <f name="name">s</f>
      </fs>
    </span>
    <span id="s117" from="4335" to="4512" l="-1">
      <fs type="struct" xmlns="http://www.tei-c.org/ns/1.0">
        <f name="name">s</f>
      </fs>
    </span>
    <span id="s118" from="4513" to="4780" l="-1">
      <fs type="struct" xmlns="http://www.tei-c.org/ns/1.0">
        <f name="name">s</f>
      </fs>
    </span>
    <span id="s119" from="4782" to="4960" l="-1">
      <fs type="struct" xmlns="http://www.tei-c.org/ns/1.0">
        <f name="name">s</f>
      </fs>
    </span>
    <span id="s120" from="4961" to="5111" l="-1">
      <fs type="struct" xmlns="http://www.tei-c.org/ns/1.0">
        <f name="name">s</f>
      </fs>
    </span>
    <span id="s121" from="5112" to="5445" l="-1">
      <fs type="struct" xmlns="http://www.tei-c.org/ns/1.0">
        <f name="name">s</f>
      </fs>
    </span>
    <span id="s122" from="5447" to="5554" l="-1">
      <fs type="struct" xmlns="http://www.tei-c.org/ns/1.0">
        <f name="name">s</f>
      </fs>
    </span>
    <span id="s123" from="5555" to="5627" l="-1">
      <fs type="struct" xmlns="http://www.tei-c.org/ns/1.0">
        <f name="name">s</f>
      </fs>
    </span>
    <span id="s124" from="5628" to="5677" l="-1">
      <fs type="struct" xmlns="http://www.tei-c.org/ns/1.0">
        <f name="name">s</f>
      </fs>
    </span>
    <span id="s125" from="5678" to="5930" l="-1">
      <fs type="struct" xmlns="http://www.tei-c.org/ns/1.0">
        <f name="name">s</f>
      </fs>
    </span>
    <span id="s126" from="5932" to="6233" l="-1">
      <fs type="struct" xmlns="http://www.tei-c.org/ns/1.0">
        <f name="name">s</f>
      </fs>
    </span>
    <span id="s127" from="6234" to="6481" l="-1">
      <fs type="struct" xmlns="http://www.tei-c.org/ns/1.0">
        <f name="name">s</f>
      </fs>
    </span>
    <span id="s128" from="6482" to="6623" l="-1">
      <fs type="struct" xmlns="http://www.tei-c.org/ns/1.0">
        <f name="name">s</f>
      </fs>
    </span>
    <span id="s129" from="6624" to="6732" l="-1">
      <fs type="struct" xmlns="http://www.tei-c.org/ns/1.0">
        <f name="name">s</f>
      </fs>
    </span>
    <span id="s130" from="6734" to="7140" l="-1">
      <fs type="struct" xmlns="http://www.tei-c.org/ns/1.0">
        <f name="name">s</f>
      </fs>
    </span>
    <span id="s131" from="7141" to="7181" l="-1">
      <fs type="struct" xmlns="http://www.tei-c.org/ns/1.0">
        <f name="name">s</f>
      </fs>
    </span>
    <span id="s132" from="7183" to="7336" l="-1">
      <fs type="struct" xmlns="http://www.tei-c.org/ns/1.0">
        <f name="name">s</f>
      </fs>
    </span>
    <span id="s133" from="7338" to="7415" l="-1">
      <fs type="struct" xmlns="http://www.tei-c.org/ns/1.0">
        <f name="name">s</f>
      </fs>
    </span>
    <span id="s134" from="7416" to="7440" l="-1">
      <fs type="struct" xmlns="http://www.tei-c.org/ns/1.0">
        <f name="name">s</f>
      </fs>
    </span>
    <span id="s135" from="7441" to="7798" l="-1">
      <fs type="struct" xmlns="http://www.tei-c.org/ns/1.0">
        <f name="name">s</f>
      </fs>
    </span>
  </spanList>
</layer>