<?xml version="1.0" encoding="UTF-8"?>
<idsHeader type="document"
           pattern="text"
           status="new"
           version="1.1"
           TEIform="teiHeader">
   <fileDesc>
      <titleStmt>
         <textSigle>NKJP_NKJP.KolakowskiOco</textSigle>
         <t.title>TEI P5 encoded version of sample(s) of "O co nas pytają wielcy filozofowie. Seria 3 "</t.title>
      </titleStmt>
      <publicationStmt>
         <availability status="free">
            <p>See the licence agreement.</p>
         </availability>
      </publicationStmt>
   </fileDesc>
   <profileDesc>
      <textClass>
         <catRef scheme="#taxonomy-NKJP-type" target="#typ_lit"/>
         <catRef scheme="#taxonomy-NKJP-channel" target="#kanal_ksiazka"/>
      </textClass>
   </profileDesc>
</idsHeader>
