<?xml version="1.0" encoding="UTF-8"?>
<?xml-model href="span.rng" type="application/xml" schematypens="http://relaxng.org/ns/structure/1.0"?>

<layer xmlns="http://ids-mannheim.de/ns/KorAP" version="KorAP-0.4" docid="WDF19_A0000.13865">
 <spanList>
  <span id="t_0" from="0" to="12">
   <fs type="lex" xmlns="http://www.tei-c.org/ns/1.0">
    <f name="lex">
     <fs>
      <f name="lemma">abréviation</f>
      <f name="certainty">0.338813</f>
      <f name="ctag">NOM</f>
     </fs>
    </f>
    <f name="lex">
     <fs>
      <f name="lemma">UNKNOWN</f>
      <f name="certainty">0.306295</f>
      <f name="ctag">NAM</f>
     </fs>
    </f>
    <f name="lex">
     <fs>
      <f name="lemma">UNKNOWN</f>
      <f name="certainty">0.177791</f>
      <f name="ctag">VER:impf</f>
     </fs>
    </f>
    <f name="lex">
     <fs>
      <f name="lemma">UNKNOWN</f>
      <f name="certainty">0.145543</f>
      <f name="ctag">VER:subp</f>
     </fs>
    </f>
   </fs>
  </span>
  <span id="t_1" from="13" to="15">
   <fs type="lex" xmlns="http://www.tei-c.org/ns/1.0">
    <f name="lex">
     <fs>
      <f name="lemma">en</f>
      <f name="certainty">0.998586</f>
      <f name="ctag">PRP</f>
     </fs>
    </f>
   </fs>
  </span>
  <span id="t_2" from="16" to="28">
   <fs type="lex" xmlns="http://www.tei-c.org/ns/1.0">
    <f name="lex">
     <fs>
      <f name="lemma">informatique</f>
      <f name="certainty">0.509346</f>
      <f name="ctag">ADJ</f>
     </fs>
    </f>
    <f name="lex">
     <fs>
      <f name="lemma">informatique</f>
      <f name="certainty">0.490654</f>
      <f name="ctag">NOM</f>
     </fs>
    </f>
   </fs>
  </span>
  <span id="t_3" from="29" to="37">
   <fs type="lex" xmlns="http://www.tei-c.org/ns/1.0">
    <f name="lex">
     <fs>
      <f name="lemma">pourquoi</f>
      <f name="certainty">0.985351</f>
      <f name="ctag">ADV</f>
     </fs>
    </f>
   </fs>
  </span>
  <span id="t_4" from="38" to="41">
   <fs type="lex" xmlns="http://www.tei-c.org/ns/1.0">
    <f name="lex">
     <fs>
      <f name="lemma">le</f>
      <f name="certainty">0.999842</f>
      <f name="ctag">DET:ART</f>
     </fs>
    </f>
   </fs>
  </span>
  <span id="t_5" from="42" to="47">
   <fs type="lex" xmlns="http://www.tei-c.org/ns/1.0">
    <f name="lex">
     <fs>
      <f name="lemma">lien</f>
      <f name="certainty">1.000000</f>
      <f name="ctag">NOM</f>
     </fs>
    </f>
   </fs>
  </span>
  <span id="t_6" from="48" to="51">
   <fs type="lex" xmlns="http://www.tei-c.org/ns/1.0">
    <f name="lex">
     <fs>
      <f name="lemma">du</f>
      <f name="certainty">0.999979</f>
      <f name="ctag">PRP:det</f>
     </fs>
    </f>
   </fs>
  </span>
  <span id="t_7" from="52" to="64">
   <fs type="lex" xmlns="http://www.tei-c.org/ns/1.0">
    <f name="lex">
     <fs>
      <f name="lemma">abréviation</f>
      <f name="certainty">1.000000</f>
      <f name="ctag">NOM</f>
     </fs>
    </f>
   </fs>
  </span>
  <span id="t_8" from="65" to="67">
   <fs type="lex" xmlns="http://www.tei-c.org/ns/1.0">
    <f name="lex">
     <fs>
      <f name="lemma">ne</f>
      <f name="certainty">1.000000</f>
      <f name="ctag">ADV</f>
     </fs>
    </f>
   </fs>
  </span>
  <span id="t_9" from="68" to="76">
   <fs type="lex" xmlns="http://www.tei-c.org/ns/1.0">
    <f name="lex">
     <fs>
      <f name="lemma">pointer</f>
      <f name="certainty">0.995887</f>
      <f name="ctag">VER:pres</f>
     </fs>
    </f>
   </fs>
  </span>
  <span id="t_10" from="77" to="80">
   <fs type="lex" xmlns="http://www.tei-c.org/ns/1.0">
    <f name="lex">
     <fs>
      <f name="lemma">pas</f>
      <f name="certainty">0.999264</f>
      <f name="ctag">ADV</f>
     </fs>
    </f>
   </fs>
  </span>
  <span id="t_11" from="81" to="92">
   <fs type="lex" xmlns="http://www.tei-c.org/ns/1.0">
    <f name="lex">
     <fs>
      <f name="lemma">directement</f>
      <f name="certainty">1.000000</f>
      <f name="ctag">ADV</f>
     </fs>
    </f>
   </fs>
  </span>
  <span id="t_12" from="93" to="96">
   <fs type="lex" xmlns="http://www.tei-c.org/ns/1.0">
    <f name="lex">
     <fs>
      <f name="lemma">sur</f>
      <f name="certainty">1.000000</f>
      <f name="ctag">PRP</f>
     </fs>
    </f>
   </fs>
  </span>
  <span id="t_13" from="97" to="99">
   <fs type="lex" xmlns="http://www.tei-c.org/ns/1.0">
    <f name="lex">
     <fs>
      <f name="lemma">le</f>
      <f name="certainty">0.991776</f>
      <f name="ctag">DET:ART</f>
     </fs>
    </f>
   </fs>
  </span>
  <span id="t_14" from="99" to="106">
   <fs type="lex" xmlns="http://www.tei-c.org/ns/1.0">
    <f name="lex">
     <fs>
      <f name="lemma">article</f>
      <f name="certainty">0.991317</f>
      <f name="ctag">NOM</f>
     </fs>
    </f>
   </fs>
  </span>
  <span id="t_15" from="107" to="109">
   <fs type="lex" xmlns="http://www.tei-c.org/ns/1.0">
    <f name="lex">
     <fs>
      <f name="lemma">de</f>
      <f name="certainty">1.000000</f>
      <f name="ctag">PRP</f>
     </fs>
    </f>
   </fs>
  </span>
  <span id="t_16" from="110" to="112">
   <fs type="lex" xmlns="http://www.tei-c.org/ns/1.0">
    <f name="lex">
     <fs>
      <f name="lemma">le</f>
      <f name="certainty">0.999931</f>
      <f name="ctag">DET:ART</f>
     </fs>
    </f>
   </fs>
  </span>
  <span id="t_17" from="112" to="122">
   <fs type="lex" xmlns="http://www.tei-c.org/ns/1.0">
    <f name="lex">
     <fs>
      <f name="lemma">expression</f>
      <f name="certainty">1.000000</f>
      <f name="ctag">NOM</f>
     </fs>
    </f>
   </fs>
  </span>
  <span id="t_18" from="123" to="131">
   <fs type="lex" xmlns="http://www.tei-c.org/ns/1.0">
    <f name="lex">
     <fs>
      <f name="lemma">complet</f>
      <f name="certainty">0.978795</f>
      <f name="ctag">ADJ</f>
     </fs>
    </f>
   </fs>
  </span>
  <span id="t_19" from="132" to="133">
   <fs type="lex" xmlns="http://www.tei-c.org/ns/1.0">
    <f name="lex">
     <fs>
      <f name="lemma">?</f>
      <f name="certainty">1.000000</f>
      <f name="ctag">SENT</f>
     </fs>
    </f>
   </fs>
  </span>
  <span id="t_20" from="134" to="136">
   <fs type="lex" xmlns="http://www.tei-c.org/ns/1.0">
    <f name="lex">
     <fs>
      <f name="lemma">je</f>
      <f name="certainty">1.000000</f>
      <f name="ctag">PRO:PER</f>
     </fs>
    </f>
   </fs>
  </span>
  <span id="t_21" from="137" to="141">
   <fs type="lex" xmlns="http://www.tei-c.org/ns/1.0">
    <f name="lex">
     <fs>
      <f name="lemma">suivre|être</f>
      <f name="certainty">1.000000</f>
      <f name="ctag">VER:pres</f>
     </fs>
    </f>
   </fs>
  </span>
  <span id="t_22" from="142" to="145">
   <fs type="lex" xmlns="http://www.tei-c.org/ns/1.0">
    <f name="lex">
     <fs>
      <f name="lemma">pas</f>
      <f name="certainty">0.996431</f>
      <f name="ctag">ADV</f>
     </fs>
    </f>
   </fs>
  </span>
  <span id="t_23" from="146" to="149">
   <fs type="lex" xmlns="http://www.tei-c.org/ns/1.0">
    <f name="lex">
     <fs>
      <f name="lemma">sur</f>
      <f name="certainty">1.000000</f>
      <f name="ctag">PRP</f>
     </fs>
    </f>
   </fs>
  </span>
  <span id="t_24" from="150" to="152">
   <fs type="lex" xmlns="http://www.tei-c.org/ns/1.0">
    <f name="lex">
     <fs>
      <f name="lemma">de</f>
      <f name="certainty">1.000000</f>
      <f name="ctag">PRP</f>
     </fs>
    </f>
   </fs>
  </span>
  <span id="t_25" from="153" to="157">
   <fs type="lex" xmlns="http://www.tei-c.org/ns/1.0">
    <f name="lex">
     <fs>
      <f name="lemma">bien</f>
      <f name="certainty">0.998718</f>
      <f name="ctag">ADV</f>
     </fs>
    </f>
   </fs>
  </span>
  <span id="t_26" from="158" to="163">
   <fs type="lex" xmlns="http://www.tei-c.org/ns/1.0">
    <f name="lex">
     <fs>
      <f name="lemma">avoir</f>
      <f name="certainty">0.999378</f>
      <f name="ctag">VER:infi</f>
     </fs>
    </f>
   </fs>
  </span>
  <span id="t_27" from="164" to="171">
   <fs type="lex" xmlns="http://www.tei-c.org/ns/1.0">
    <f name="lex">
     <fs>
      <f name="lemma">comprendre</f>
      <f name="certainty">0.999989</f>
      <f name="ctag">VER:pper</f>
     </fs>
    </f>
   </fs>
  </span>
  <span id="t_28" from="172" to="174">
   <fs type="lex" xmlns="http://www.tei-c.org/ns/1.0">
    <f name="lex">
     <fs>
      <f name="lemma">ton</f>
      <f name="certainty">1.000000</f>
      <f name="ctag">DET:POS</f>
     </fs>
    </f>
   </fs>
  </span>
  <span id="t_29" from="175" to="183">
   <fs type="lex" xmlns="http://www.tei-c.org/ns/1.0">
    <f name="lex">
     <fs>
      <f name="lemma">question</f>
      <f name="certainty">1.000000</f>
      <f name="ctag">NOM</f>
     </fs>
    </f>
   </fs>
  </span>
  <span id="t_30" from="183" to="184">
   <fs type="lex" xmlns="http://www.tei-c.org/ns/1.0">
    <f name="lex">
     <fs>
      <f name="lemma">,</f>
      <f name="certainty">1.000000</f>
      <f name="ctag">PUN</f>
     </fs>
    </f>
   </fs>
  </span>
  <span id="t_31" from="185" to="189">
   <fs type="lex" xmlns="http://www.tei-c.org/ns/1.0">
    <f name="lex">
     <fs>
      <f name="lemma">mais</f>
      <f name="certainty">1.000000</f>
      <f name="ctag">KON</f>
     </fs>
    </f>
   </fs>
  </span>
  <span id="t_32" from="190" to="195">
   <fs type="lex" xmlns="http://www.tei-c.org/ns/1.0">
    <f name="lex">
     <fs>
      <f name="lemma">voici</f>
      <f name="certainty">1.000000</f>
      <f name="ctag">ADV</f>
     </fs>
    </f>
   </fs>
  </span>
  <span id="t_33" from="196" to="199">
   <fs type="lex" xmlns="http://www.tei-c.org/ns/1.0">
    <f name="lex">
     <fs>
      <f name="lemma">le</f>
      <f name="certainty">0.999847</f>
      <f name="ctag">DET:ART</f>
     </fs>
    </f>
   </fs>
  </span>
  <span id="t_34" from="200" to="215">
   <fs type="lex" xmlns="http://www.tei-c.org/ns/1.0">
    <f name="lex">
     <fs>
      <f name="lemma">recommandation</f>
      <f name="certainty">1.000000</f>
      <f name="ctag">NOM</f>
     </fs>
    </f>
   </fs>
  </span>
  <span id="t_35" from="216" to="218">
   <fs type="lex" xmlns="http://www.tei-c.org/ns/1.0">
    <f name="lex">
     <fs>
      <f name="lemma">en</f>
      <f name="certainty">0.879140</f>
      <f name="ctag">PRP</f>
     </fs>
    </f>
    <f name="lex">
     <fs>
      <f name="lemma">en</f>
      <f name="certainty">0.120860</f>
      <f name="ctag">PRO:PER</f>
     </fs>
    </f>
   </fs>
  </span>
  <span id="t_36" from="219" to="227">
   <fs type="lex" xmlns="http://www.tei-c.org/ns/1.0">
    <f name="lex">
     <fs>
      <f name="lemma">UNKNOWN</f>
      <f name="certainty">0.782947</f>
      <f name="ctag">NOM</f>
     </fs>
    </f>
    <f name="lex">
     <fs>
      <f name="lemma">UNKNOWN</f>
      <f name="certainty">0.083477</f>
      <f name="ctag">ADJ</f>
     </fs>
    </f>
   </fs>
  </span>
  <span id="t_37" from="228" to="230">
   <fs type="lex" xmlns="http://www.tei-c.org/ns/1.0">
    <f name="lex">
     <fs>
      <f name="lemma">de</f>
      <f name="certainty">1.000000</f>
      <f name="ctag">PRP</f>
     </fs>
    </f>
   </fs>
  </span>
  <span id="t_38" from="231" to="238">
   <fs type="lex" xmlns="http://www.tei-c.org/ns/1.0">
    <f name="lex">
     <fs>
      <f name="lemma">UNKNOWN</f>
      <f name="certainty">0.841756</f>
      <f name="ctag">NOM</f>
     </fs>
    </f>
    <f name="lex">
     <fs>
      <f name="lemma">UNKNOWN</f>
      <f name="certainty">0.150861</f>
      <f name="ctag">VER:ppre</f>
     </fs>
    </f>
   </fs>
  </span>
  <span id="t_39" from="239" to="242">
   <fs type="lex" xmlns="http://www.tei-c.org/ns/1.0">
    <f name="lex">
     <fs>
      <f name="lemma">du</f>
      <f name="certainty">0.999961</f>
      <f name="ctag">PRP:det</f>
     </fs>
    </f>
   </fs>
  </span>
  <span id="t_40" from="243" to="249">
   <fs type="lex" xmlns="http://www.tei-c.org/ns/1.0">
    <f name="lex">
     <fs>
      <f name="lemma">sigle</f>
      <f name="certainty">1.000000</f>
      <f name="ctag">NOM</f>
     </fs>
    </f>
   </fs>
  </span>
  <span id="t_41" from="250" to="252">
   <fs type="lex" xmlns="http://www.tei-c.org/ns/1.0">
    <f name="lex">
     <fs>
      <f name="lemma">et</f>
      <f name="certainty">1.000000</f>
      <f name="ctag">KON</f>
     </fs>
    </f>
   </fs>
  </span>
  <span id="t_42" from="253" to="262">
   <fs type="lex" xmlns="http://www.tei-c.org/ns/1.0">
    <f name="lex">
     <fs>
      <f name="lemma">acronyme</f>
      <f name="certainty">1.000000</f>
      <f name="ctag">NOM</f>
     </fs>
    </f>
   </fs>
  </span>
  <span id="t_43" from="263" to="264">
   <fs type="lex" xmlns="http://www.tei-c.org/ns/1.0">
    <f name="lex">
     <fs>
      <f name="lemma">:</f>
      <f name="certainty">1.000000</f>
      <f name="ctag">PUN</f>
     </fs>
    </f>
   </fs>
  </span>
  <span id="t_44" from="265" to="267">
   <fs type="lex" xmlns="http://www.tei-c.org/ns/1.0">
    <f name="lex">
     <fs>
      <f name="lemma">il</f>
      <f name="certainty">1.000000</f>
      <f name="ctag">PRO:PER</f>
     </fs>
    </f>
   </fs>
  </span>
  <span id="t_45" from="268" to="272">
   <fs type="lex" xmlns="http://www.tei-c.org/ns/1.0">
    <f name="lex">
     <fs>
      <f name="lemma">falloir</f>
      <f name="certainty">1.000000</f>
      <f name="ctag">VER:pres</f>
     </fs>
    </f>
   </fs>
  </span>
  <span id="t_46" from="273" to="278">
   <fs type="lex" xmlns="http://www.tei-c.org/ns/1.0">
    <f name="lex">
     <fs>
      <f name="lemma">UNKNOWN</f>
      <f name="certainty">0.501135</f>
      <f name="ctag">VER:infi</f>
     </fs>
    </f>
    <f name="lex">
     <fs>
      <f name="lemma">UNKNOWN</f>
      <f name="certainty">0.426926</f>
      <f name="ctag">NOM</f>
     </fs>
    </f>
    <f name="lex">
     <fs>
      <f name="lemma">UNKNOWN</f>
      <f name="certainty">0.069777</f>
      <f name="ctag">VER:pper</f>
     </fs>
    </f>
   </fs>
  </span>
  <span id="t_47" from="279" to="280">
   <fs type="lex" xmlns="http://www.tei-c.org/ns/1.0">
    <f name="lex">
     <fs>
      <f name="lemma">@card@</f>
      <f name="certainty">0.999925</f>
      <f name="ctag">NUM</f>
     </fs>
    </f>
   </fs>
  </span>
  <span id="t_48" from="281" to="286">
   <fs type="lex" xmlns="http://www.tei-c.org/ns/1.0">
    <f name="lex">
     <fs>
      <f name="lemma">page</f>
      <f name="certainty">0.999958</f>
      <f name="ctag">NOM</f>
     </fs>
    </f>
   </fs>
  </span>
  <span id="t_49" from="286" to="287">
   <fs type="lex" xmlns="http://www.tei-c.org/ns/1.0">
    <f name="lex">
     <fs>
      <f name="lemma">,</f>
      <f name="certainty">1.000000</f>
      <f name="ctag">PUN</f>
     </fs>
    </f>
   </fs>
  </span>
  <span id="t_50" from="288" to="291">
   <fs type="lex" xmlns="http://www.tei-c.org/ns/1.0">
    <f name="lex">
     <fs>
      <f name="lemma">un</f>
      <f name="certainty">0.712359</f>
      <f name="ctag">NUM</f>
     </fs>
    </f>
    <f name="lex">
     <fs>
      <f name="lemma">un</f>
      <f name="certainty">0.199561</f>
      <f name="ctag">DET:ART</f>
     </fs>
    </f>
    <f name="lex">
     <fs>
      <f name="lemma">un</f>
      <f name="certainty">0.088080</f>
      <f name="ctag">NOM</f>
     </fs>
    </f>
   </fs>
  </span>
  <span id="t_51" from="292" to="296">
   <fs type="lex" xmlns="http://www.tei-c.org/ns/1.0">
    <f name="lex">
     <fs>
      <f name="lemma">pour</f>
      <f name="certainty">0.648812</f>
      <f name="ctag">PRP</f>
     </fs>
    </f>
    <f name="lex">
     <fs>
      <f name="lemma">pour</f>
      <f name="certainty">0.351188</f>
      <f name="ctag">KON</f>
     </fs>
    </f>
   </fs>
  </span>
  <span id="t_52" from="297" to="299">
   <fs type="lex" xmlns="http://www.tei-c.org/ns/1.0">
    <f name="lex">
     <fs>
      <f name="lemma">le</f>
      <f name="certainty">0.999739</f>
      <f name="ctag">DET:ART</f>
     </fs>
    </f>
   </fs>
  </span>
  <span id="t_53" from="299" to="307">
   <fs type="lex" xmlns="http://www.tei-c.org/ns/1.0">
    <f name="lex">
     <fs>
      <f name="lemma">acronyme</f>
      <f name="certainty">1.000000</f>
      <f name="ctag">NOM</f>
     </fs>
    </f>
   </fs>
  </span>
  <span id="t_54" from="308" to="310">
   <fs type="lex" xmlns="http://www.tei-c.org/ns/1.0">
    <f name="lex">
     <fs>
      <f name="lemma">et</f>
      <f name="certainty">1.000000</f>
      <f name="ctag">KON</f>
     </fs>
    </f>
   </fs>
  </span>
  <span id="t_55" from="311" to="314">
   <fs type="lex" xmlns="http://www.tei-c.org/ns/1.0">
    <f name="lex">
     <fs>
      <f name="lemma">un</f>
      <f name="certainty">0.645506</f>
      <f name="ctag">NUM</f>
     </fs>
    </f>
    <f name="lex">
     <fs>
      <f name="lemma">un</f>
      <f name="certainty">0.327043</f>
      <f name="ctag">DET:ART</f>
     </fs>
    </f>
   </fs>
  </span>
  <span id="t_56" from="315" to="319">
   <fs type="lex" xmlns="http://www.tei-c.org/ns/1.0">
    <f name="lex">
     <fs>
      <f name="lemma">pour</f>
      <f name="certainty">0.632863</f>
      <f name="ctag">PRP</f>
     </fs>
    </f>
    <f name="lex">
     <fs>
      <f name="lemma">pour</f>
      <f name="certainty">0.367137</f>
      <f name="ctag">KON</f>
     </fs>
    </f>
   </fs>
  </span>
  <span id="t_57" from="320" to="322">
   <fs type="lex" xmlns="http://www.tei-c.org/ns/1.0">
    <f name="lex">
     <fs>
      <f name="lemma">le</f>
      <f name="certainty">0.999760</f>
      <f name="ctag">DET:ART</f>
     </fs>
    </f>
   </fs>
  </span>
  <span id="t_58" from="323" to="326">
   <fs type="lex" xmlns="http://www.tei-c.org/ns/1.0">
    <f name="lex">
     <fs>
      <f name="lemma">nom</f>
      <f name="certainty">1.000000</f>
      <f name="ctag">NOM</f>
     </fs>
    </f>
   </fs>
  </span>
  <span id="t_59" from="327" to="334">
   <fs type="lex" xmlns="http://www.tei-c.org/ns/1.0">
    <f name="lex">
     <fs>
      <f name="lemma">complet</f>
      <f name="certainty">0.996682</f>
      <f name="ctag">ADJ</f>
     </fs>
    </f>
   </fs>
  </span>
  <span id="t_60" from="334" to="335">
   <fs type="lex" xmlns="http://www.tei-c.org/ns/1.0">
    <f name="lex">
     <fs>
      <f name="lemma">.</f>
      <f name="certainty">1.000000</f>
      <f name="ctag">SENT</f>
     </fs>
    </f>
   </fs>
  </span>
  <span id="t_61" from="336" to="338">
   <fs type="lex" xmlns="http://www.tei-c.org/ns/1.0">
    <f name="lex">
     <fs>
      <f name="lemma">le</f>
      <f name="certainty">0.936859</f>
      <f name="ctag">DET:ART</f>
     </fs>
    </f>
   </fs>
  </span>
  <span id="t_62" from="338" to="345">
   <fs type="lex" xmlns="http://www.tei-c.org/ns/1.0">
    <f name="lex">
     <fs>
      <f name="lemma">article</f>
      <f name="certainty">0.936658</f>
      <f name="ctag">NOM</f>
     </fs>
    </f>
   </fs>
  </span>
  <span id="t_63" from="346" to="348">
   <fs type="lex" xmlns="http://www.tei-c.org/ns/1.0">
    <f name="lex">
     <fs>
      <f name="lemma">en</f>
      <f name="certainty">0.893921</f>
      <f name="ctag">PRP</f>
     </fs>
    </f>
    <f name="lex">
     <fs>
      <f name="lemma">en</f>
      <f name="certainty">0.106079</f>
      <f name="ctag">PRO:PER</f>
     </fs>
    </f>
   </fs>
  </span>
  <span id="t_64" from="349" to="352">
   <fs type="lex" xmlns="http://www.tei-c.org/ns/1.0">
    <f name="lex">
     <fs>
      <f name="lemma">lui</f>
      <f name="certainty">0.999966</f>
      <f name="ctag">PRO:PER</f>
     </fs>
    </f>
   </fs>
  </span>
  <span id="t_65" from="352" to="357">
   <fs type="lex" xmlns="http://www.tei-c.org/ns/1.0">
    <f name="lex">
     <fs>
      <f name="lemma">même</f>
      <f name="certainty">1.000000</f>
      <f name="ctag">ADJ</f>
     </fs>
    </f>
   </fs>
  </span>
  <span id="t_66" from="358" to="360">
   <fs type="lex" xmlns="http://www.tei-c.org/ns/1.0">
    <f name="lex">
     <fs>
      <f name="lemma">se</f>
      <f name="certainty">1.000000</f>
      <f name="ctag">PRO:PER</f>
     </fs>
    </f>
   </fs>
  </span>
  <span id="t_67" from="361" to="367">
   <fs type="lex" xmlns="http://www.tei-c.org/ns/1.0">
    <f name="lex">
     <fs>
      <f name="lemma">trouver</f>
      <f name="certainty">0.999626</f>
      <f name="ctag">VER:pres</f>
     </fs>
    </f>
   </fs>
  </span>
  <span id="t_68" from="368" to="371">
   <fs type="lex" xmlns="http://www.tei-c.org/ns/1.0">
    <f name="lex">
     <fs>
      <f name="lemma">sur</f>
      <f name="certainty">1.000000</f>
      <f name="ctag">PRP</f>
     </fs>
    </f>
   </fs>
  </span>
  <span id="t_69" from="372" to="374">
   <fs type="lex" xmlns="http://www.tei-c.org/ns/1.0">
    <f name="lex">
     <fs>
      <f name="lemma">le</f>
      <f name="certainty">0.999802</f>
      <f name="ctag">DET:ART</f>
     </fs>
    </f>
   </fs>
  </span>
  <span id="t_70" from="375" to="379">
   <fs type="lex" xmlns="http://www.tei-c.org/ns/1.0">
    <f name="lex">
     <fs>
      <f name="lemma">page</f>
      <f name="certainty">0.999741</f>
      <f name="ctag">NOM</f>
     </fs>
    </f>
   </fs>
  </span>
  <span id="t_71" from="380" to="382">
   <fs type="lex" xmlns="http://www.tei-c.org/ns/1.0">
    <f name="lex">
     <fs>
      <f name="lemma">au</f>
      <f name="certainty">1.000000</f>
      <f name="ctag">PRP:det</f>
     </fs>
    </f>
   </fs>
  </span>
  <span id="t_72" from="383" to="386">
   <fs type="lex" xmlns="http://www.tei-c.org/ns/1.0">
    <f name="lex">
     <fs>
      <f name="lemma">nom</f>
      <f name="certainty">1.000000</f>
      <f name="ctag">NOM</f>
     </fs>
    </f>
   </fs>
  </span>
  <span id="t_73" from="387" to="394">
   <fs type="lex" xmlns="http://www.tei-c.org/ns/1.0">
    <f name="lex">
     <fs>
      <f name="lemma">complet</f>
      <f name="certainty">0.996682</f>
      <f name="ctag">ADJ</f>
     </fs>
    </f>
   </fs>
  </span>
  <span id="t_74" from="394" to="395">
   <fs type="lex" xmlns="http://www.tei-c.org/ns/1.0">
    <f name="lex">
     <fs>
      <f name="lemma">.</f>
      <f name="certainty">1.000000</f>
      <f name="ctag">SENT</f>
     </fs>
    </f>
   </fs>
  </span>
  <span id="t_75" from="396" to="398">
   <fs type="lex" xmlns="http://www.tei-c.org/ns/1.0">
    <f name="lex">
     <fs>
      <f name="lemma">le</f>
      <f name="certainty">0.771817</f>
      <f name="ctag">DET:ART</f>
     </fs>
    </f>
    <f name="lex">
     <fs>
      <f name="lemma">la|le</f>
      <f name="certainty">0.228183</f>
      <f name="ctag">PRO:PER</f>
     </fs>
    </f>
   </fs>
  </span>
  <span id="t_76" from="398" to="405">
   <fs type="lex" xmlns="http://www.tei-c.org/ns/1.0">
    <f name="lex">
     <fs>
      <f name="lemma">article</f>
      <f name="certainty">0.769903</f>
      <f name="ctag">NOM</f>
     </fs>
    </f>
    <f name="lex">
     <fs>
      <f name="lemma">articler</f>
      <f name="certainty">0.220276</f>
      <f name="ctag">VER:pres</f>
     </fs>
    </f>
   </fs>
  </span>
  <span id="t_77" from="406" to="414">
   <fs type="lex" xmlns="http://www.tei-c.org/ns/1.0">
    <f name="lex">
     <fs>
      <f name="lemma">acronyme</f>
      <f name="certainty">1.000000</f>
      <f name="ctag">NOM</f>
     </fs>
    </f>
   </fs>
  </span>
  <span id="t_78" from="415" to="418">
   <fs type="lex" xmlns="http://www.tei-c.org/ns/1.0">
    <f name="lex">
     <fs>
      <f name="lemma">être</f>
      <f name="certainty">0.999886</f>
      <f name="ctag">VER:pres</f>
     </fs>
    </f>
   </fs>
  </span>
  <span id="t_79" from="419" to="422">
   <fs type="lex" xmlns="http://www.tei-c.org/ns/1.0">
    <f name="lex">
     <fs>
      <f name="lemma">un</f>
      <f name="certainty">0.995920</f>
      <f name="ctag">DET:ART</f>
     </fs>
    </f>
   </fs>
  </span>
  <span id="t_80" from="423" to="434">
   <fs type="lex" xmlns="http://www.tei-c.org/ns/1.0">
    <f name="lex">
     <fs>
      <f name="lemma">UNKNOWN</f>
      <f name="certainty">0.999338</f>
      <f name="ctag">NOM</f>
     </fs>
    </f>
   </fs>
  </span>
  <span id="t_81" from="435" to="442">
   <fs type="lex" xmlns="http://www.tei-c.org/ns/1.0">
    <f name="lex">
     <fs>
      <f name="lemma">direct</f>
      <f name="certainty">1.000000</f>
      <f name="ctag">ADJ</f>
     </fs>
    </f>
   </fs>
  </span>
  <span id="t_82" from="443" to="447">
   <fs type="lex" xmlns="http://www.tei-c.org/ns/1.0">
    <f name="lex">
     <fs>
      <f name="lemma">vers</f>
      <f name="certainty">0.999988</f>
      <f name="ctag">PRP</f>
     </fs>
    </f>
   </fs>
  </span>
  <span id="t_83" from="448" to="450">
   <fs type="lex" xmlns="http://www.tei-c.org/ns/1.0">
    <f name="lex">
     <fs>
      <f name="lemma">le</f>
      <f name="certainty">0.994670</f>
      <f name="ctag">DET:ART</f>
     </fs>
    </f>
   </fs>
  </span>
  <span id="t_84" from="450" to="457">
   <fs type="lex" xmlns="http://www.tei-c.org/ns/1.0">
    <f name="lex">
     <fs>
      <f name="lemma">article</f>
      <f name="certainty">0.994398</f>
      <f name="ctag">NOM</f>
     </fs>
    </f>
   </fs>
  </span>
  <span id="t_85" from="458" to="460">
   <fs type="lex" xmlns="http://www.tei-c.org/ns/1.0">
    <f name="lex">
     <fs>
      <f name="lemma">au</f>
      <f name="certainty">1.000000</f>
      <f name="ctag">PRP:det</f>
     </fs>
    </f>
   </fs>
  </span>
  <span id="t_86" from="461" to="464">
   <fs type="lex" xmlns="http://www.tei-c.org/ns/1.0">
    <f name="lex">
     <fs>
      <f name="lemma">nom</f>
      <f name="certainty">1.000000</f>
      <f name="ctag">NOM</f>
     </fs>
    </f>
   </fs>
  </span>
  <span id="t_87" from="465" to="472">
   <fs type="lex" xmlns="http://www.tei-c.org/ns/1.0">
    <f name="lex">
     <fs>
      <f name="lemma">complet</f>
      <f name="certainty">0.996855</f>
      <f name="ctag">ADJ</f>
     </fs>
    </f>
   </fs>
  </span>
  <span id="t_88" from="473" to="474">
   <fs type="lex" xmlns="http://www.tei-c.org/ns/1.0">
    <f name="lex">
     <fs>
      <f name="lemma">(</f>
      <f name="certainty">1.000000</f>
      <f name="ctag">PUN</f>
     </fs>
    </f>
   </fs>
  </span>
  <span id="t_89" from="474" to="478">
   <fs type="lex" xmlns="http://www.tei-c.org/ns/1.0">
    <f name="lex">
     <fs>
      <f name="lemma">sauf</f>
      <f name="certainty">0.808784</f>
      <f name="ctag">PRP</f>
     </fs>
    </f>
    <f name="lex">
     <fs>
      <f name="lemma">sauf</f>
      <f name="certainty">0.191216</f>
      <f name="ctag">ADJ</f>
     </fs>
    </f>
   </fs>
  </span>
  <span id="t_90" from="479" to="483">
   <fs type="lex" xmlns="http://www.tei-c.org/ns/1.0">
    <f name="lex">
     <fs>
      <f name="lemma">dans</f>
      <f name="certainty">0.999088</f>
      <f name="ctag">PRP</f>
     </fs>
    </f>
   </fs>
  </span>
  <span id="t_91" from="484" to="486">
   <fs type="lex" xmlns="http://www.tei-c.org/ns/1.0">
    <f name="lex">
     <fs>
      <f name="lemma">le</f>
      <f name="certainty">0.999938</f>
      <f name="ctag">DET:ART</f>
     </fs>
    </f>
   </fs>
  </span>
  <span id="t_92" from="487" to="490">
   <fs type="lex" xmlns="http://www.tei-c.org/ns/1.0">
    <f name="lex">
     <fs>
      <f name="lemma">cas</f>
      <f name="certainty">1.000000</f>
      <f name="ctag">NOM</f>
     </fs>
    </f>
   </fs>
  </span>
  <span id="t_93" from="491" to="493">
   <fs type="lex" xmlns="http://www.tei-c.org/ns/1.0">
    <f name="lex">
     <fs>
      <f name="lemma">ou</f>
      <f name="certainty">1.000000</f>
      <f name="ctag">KON</f>
     </fs>
    </f>
   </fs>
  </span>
  <span id="t_94" from="494" to="496">
   <fs type="lex" xmlns="http://www.tei-c.org/ns/1.0">
    <f name="lex">
     <fs>
      <f name="lemma">un</f>
      <f name="certainty">0.989548</f>
      <f name="ctag">DET:ART</f>
     </fs>
    </f>
   </fs>
  </span>
  <span id="t_95" from="497" to="501">
   <fs type="lex" xmlns="http://www.tei-c.org/ns/1.0">
    <f name="lex">
     <fs>
      <f name="lemma">UNKNOWN</f>
      <f name="certainty">0.613887</f>
      <f name="ctag">NOM</f>
     </fs>
    </f>
    <f name="lex">
     <fs>
      <f name="lemma">UNKNOWN</f>
      <f name="certainty">0.385367</f>
      <f name="ctag">ADJ</f>
     </fs>
    </f>
   </fs>
  </span>
  <span id="t_96" from="502" to="510">
   <fs type="lex" xmlns="http://www.tei-c.org/ns/1.0">
    <f name="lex">
     <fs>
      <f name="lemma">acronyme</f>
      <f name="certainty">1.000000</f>
      <f name="ctag">NOM</f>
     </fs>
    </f>
   </fs>
  </span>
  <span id="t_97" from="511" to="512">
   <fs type="lex" xmlns="http://www.tei-c.org/ns/1.0">
    <f name="lex">
     <fs>
      <f name="lemma">avoir</f>
      <f name="certainty">1.000000</f>
      <f name="ctag">VER:pres</f>
     </fs>
    </f>
   </fs>
  </span>
  <span id="t_98" from="513" to="521">
   <fs type="lex" xmlns="http://www.tei-c.org/ns/1.0">
    <f name="lex">
     <fs>
      <f name="lemma">UNKNOWN</f>
      <f name="certainty">0.879424</f>
      <f name="ctag">ADJ</f>
     </fs>
    </f>
    <f name="lex">
     <fs>
      <f name="lemma">UNKNOWN</f>
      <f name="certainty">0.119767</f>
      <f name="ctag">NOM</f>
     </fs>
    </f>
   </fs>
  </span>
  <span id="t_99" from="522" to="536">
   <fs type="lex" xmlns="http://www.tei-c.org/ns/1.0">
    <f name="lex">
     <fs>
      <f name="lemma">UNKNOWN</f>
      <f name="certainty">0.998365</f>
      <f name="ctag">NOM</f>
     </fs>
    </f>
   </fs>
  </span>
  <span id="t_100" from="536" to="537">
   <fs type="lex" xmlns="http://www.tei-c.org/ns/1.0">
    <f name="lex">
     <fs>
      <f name="lemma">)</f>
      <f name="certainty">1.000000</f>
      <f name="ctag">PUN</f>
     </fs>
    </f>
   </fs>
  </span>
  <span id="t_101" from="538" to="540">
   <fs type="lex" xmlns="http://www.tei-c.org/ns/1.0">
    <f name="lex">
     <fs>
      <f name="lemma">le</f>
      <f name="certainty">0.999606</f>
      <f name="ctag">DET:ART</f>
     </fs>
    </f>
   </fs>
  </span>
  <span id="t_102" from="541" to="546">
   <fs type="lex" xmlns="http://www.tei-c.org/ns/1.0">
    <f name="lex">
     <fs>
      <f name="lemma">UNKNOWN</f>
      <f name="certainty">0.944791</f>
      <f name="ctag">NOM</f>
     </fs>
    </f>
   </fs>
  </span>
  <span id="t_103" from="547" to="549">
   <fs type="lex" xmlns="http://www.tei-c.org/ns/1.0">
    <f name="lex">
     <fs>
      <f name="lemma">de</f>
      <f name="certainty">1.000000</f>
      <f name="ctag">PRP</f>
     </fs>
    </f>
   </fs>
  </span>
  <span id="t_104" from="550" to="557">
   <fs type="lex" xmlns="http://www.tei-c.org/ns/1.0">
    <f name="lex">
     <fs>
      <f name="lemma">UNKNOWN</f>
      <f name="certainty">0.902478</f>
      <f name="ctag">NOM</f>
     </fs>
    </f>
   </fs>
  </span>
  <span id="t_105" from="558" to="560">
   <fs type="lex" xmlns="http://www.tei-c.org/ns/1.0">
    <f name="lex">
     <fs>
      <f name="lemma">de</f>
      <f name="certainty">1.000000</f>
      <f name="ctag">PRP</f>
     </fs>
    </f>
   </fs>
  </span>
  <span id="t_106" from="561" to="563">
   <fs type="lex" xmlns="http://www.tei-c.org/ns/1.0">
    <f name="lex">
     <fs>
      <f name="lemma">le</f>
      <f name="certainty">0.999698</f>
      <f name="ctag">DET:ART</f>
     </fs>
    </f>
   </fs>
  </span>
  <span id="t_107" from="564" to="568">
   <fs type="lex" xmlns="http://www.tei-c.org/ns/1.0">
    <f name="lex">
     <fs>
      <f name="lemma">page</f>
      <f name="certainty">0.999597</f>
      <f name="ctag">NOM</f>
     </fs>
    </f>
   </fs>
  </span>
  <span id="t_108" from="569" to="571">
   <fs type="lex" xmlns="http://www.tei-c.org/ns/1.0">
    <f name="lex">
     <fs>
      <f name="lemma">de</f>
      <f name="certainty">1.000000</f>
      <f name="ctag">PRP</f>
     </fs>
    </f>
   </fs>
  </span>
  <span id="t_109" from="572" to="580">
   <fs type="lex" xmlns="http://www.tei-c.org/ns/1.0">
    <f name="lex">
     <fs>
      <f name="lemma">acronyme</f>
      <f name="certainty">1.000000</f>
      <f name="ctag">NOM</f>
     </fs>
    </f>
   </fs>
  </span>
  <span id="t_110" from="581" to="584">
   <fs type="lex" xmlns="http://www.tei-c.org/ns/1.0">
    <f name="lex">
     <fs>
      <f name="lemma">être</f>
      <f name="certainty">0.995342</f>
      <f name="ctag">VER:pres</f>
     </fs>
    </f>
   </fs>
  </span>
  <span id="t_111" from="584" to="585">
   <fs type="lex" xmlns="http://www.tei-c.org/ns/1.0">
    <f name="lex">
     <fs>
      <f name="lemma">:</f>
      <f name="certainty">1.000000</f>
      <f name="ctag">PUN</f>
     </fs>
    </f>
   </fs>
  </span>
  <span id="t_112" from="586" to="587">
   <fs type="lex" xmlns="http://www.tei-c.org/ns/1.0">
    <f name="lex">
     <fs>
      <f name="lemma">UNKNOWN</f>
      <f name="certainty">0.749774</f>
      <f name="ctag">NOM</f>
     </fs>
    </f>
    <f name="lex">
     <fs>
      <f name="lemma">UNKNOWN</f>
      <f name="certainty">0.191795</f>
      <f name="ctag">ABR</f>
     </fs>
    </f>
   </fs>
  </span>
  <span id="t_113" from="587" to="593">
   <fs type="lex" xmlns="http://www.tei-c.org/ns/1.0">
    <f name="lex">
     <fs>
      <f name="lemma">UNKNOWN</f>
      <f name="certainty">0.364404</f>
      <f name="ctag">VER:pres</f>
     </fs>
    </f>
    <f name="lex">
     <fs>
      <f name="lemma">UNKNOWN</f>
      <f name="certainty">0.350069</f>
      <f name="ctag">VER:subp</f>
     </fs>
    </f>
    <f name="lex">
     <fs>
      <f name="lemma">UNKNOWN</f>
      <f name="certainty">0.251904</f>
      <f name="ctag">NAM</f>
     </fs>
    </f>
   </fs>
  </span>
  <span id="t_114" from="594" to="597">
   <fs type="lex" xmlns="http://www.tei-c.org/ns/1.0">
    <f name="lex">
     <fs>
      <f name="lemma">le</f>
      <f name="certainty">0.999107</f>
      <f name="ctag">DET:ART</f>
     </fs>
    </f>
   </fs>
  </span>
  <span id="t_115" from="598" to="605">
   <fs type="lex" xmlns="http://www.tei-c.org/ns/1.0">
    <f name="lex">
     <fs>
      <f name="lemma">lettre</f>
      <f name="certainty">0.999335</f>
      <f name="ctag">NOM</f>
     </fs>
    </f>
   </fs>
  </span>
  <span id="t_116" from="606" to="608">
   <fs type="lex" xmlns="http://www.tei-c.org/ns/1.0">
    <f name="lex">
     <fs>
      <f name="lemma">en</f>
      <f name="certainty">0.999471</f>
      <f name="ctag">PRP</f>
     </fs>
    </f>
   </fs>
  </span>
  <span id="t_117" from="609" to="619">
   <fs type="lex" xmlns="http://www.tei-c.org/ns/1.0">
    <f name="lex">
     <fs>
      <f name="lemma">majuscule</f>
      <f name="certainty">0.669564</f>
      <f name="ctag">ADJ</f>
     </fs>
    </f>
    <f name="lex">
     <fs>
      <f name="lemma">majuscule</f>
      <f name="certainty">0.330436</f>
      <f name="ctag">NOM</f>
     </fs>
    </f>
   </fs>
  </span>
  <span id="t_118" from="620" to="621">
   <fs type="lex" xmlns="http://www.tei-c.org/ns/1.0">
    <f name="lex">
     <fs>
      <f name="lemma">UNKNOWN</f>
      <f name="certainty">0.652183</f>
      <f name="ctag">NOM</f>
     </fs>
    </f>
    <f name="lex">
     <fs>
      <f name="lemma">UNKNOWN</f>
      <f name="certainty">0.296194</f>
      <f name="ctag">ADJ</f>
     </fs>
    </f>
   </fs>
  </span>
  <span id="t_119" from="621" to="624">
   <fs type="lex" xmlns="http://www.tei-c.org/ns/1.0">
    <f name="lex">
     <fs>
      <f name="lemma">pas</f>
      <f name="certainty">0.319535</f>
      <f name="ctag">NOM</f>
     </fs>
    </f>
    <f name="lex">
     <fs>
      <f name="lemma">UNKNOWN</f>
      <f name="certainty">0.157126</f>
      <f name="ctag">VER:pper</f>
     </fs>
    </f>
    <f name="lex">
     <fs>
      <f name="lemma">UNKNOWN</f>
      <f name="certainty">0.107929</f>
      <f name="ctag">VER:subi</f>
     </fs>
    </f>
    <f name="lex">
     <fs>
      <f name="lemma">UNKNOWN</f>
      <f name="certainty">0.087394</f>
      <f name="ctag">VER:futu</f>
     </fs>
    </f>
    <f name="lex">
     <fs>
      <f name="lemma">UNKNOWN</f>
      <f name="certainty">0.075183</f>
      <f name="ctag">VER:simp</f>
     </fs>
    </f>
    <f name="lex">
     <fs>
      <f name="lemma">UNKNOWN</f>
      <f name="certainty">0.073209</f>
      <f name="ctag">NAM</f>
     </fs>
    </f>
    <f name="lex">
     <fs>
      <f name="lemma">UNKNOWN</f>
      <f name="certainty">0.047224</f>
      <f name="ctag">ADJ</f>
     </fs>
    </f>
    <f name="lex">
     <fs>
      <f name="lemma">UNKNOWN</f>
      <f name="certainty">0.036886</f>
      <f name="ctag">VER:cond</f>
     </fs>
    </f>
    <f name="lex">
     <fs>
      <f name="lemma">UNKNOWN</f>
      <f name="certainty">0.036565</f>
      <f name="ctag">VER:impf</f>
     </fs>
    </f>
   </fs>
  </span>
  <span id="t_120" from="625" to="627">
   <fs type="lex" xmlns="http://www.tei-c.org/ns/1.0">
    <f name="lex">
     <fs>
      <f name="lemma">de</f>
      <f name="certainty">1.000000</f>
      <f name="ctag">PRP</f>
     </fs>
    </f>
   </fs>
  </span>
  <span id="t_121" from="628" to="633">
   <fs type="lex" xmlns="http://www.tei-c.org/ns/1.0">
    <f name="lex">
     <fs>
      <f name="lemma">point</f>
      <f name="certainty">0.794326</f>
      <f name="ctag">NOM</f>
     </fs>
    </f>
    <f name="lex">
     <fs>
      <f name="lemma">point</f>
      <f name="certainty">0.205585</f>
      <f name="ctag">ADV</f>
     </fs>
    </f>
   </fs>
  </span>
  <span id="t_122" from="634" to="636">
   <fs type="lex" xmlns="http://www.tei-c.org/ns/1.0">
    <f name="lex">
     <fs>
      <f name="lemma">ni</f>
      <f name="certainty">1.000000</f>
      <f name="ctag">KON</f>
     </fs>
    </f>
   </fs>
  </span>
  <span id="t_123" from="637" to="639">
   <fs type="lex" xmlns="http://www.tei-c.org/ns/1.0">
    <f name="lex">
     <fs>
      <f name="lemma">de</f>
      <f name="certainty">0.887015</f>
      <f name="ctag">PRP</f>
     </fs>
    </f>
    <f name="lex">
     <fs>
      <f name="lemma">de</f>
      <f name="certainty">0.112985</f>
      <f name="ctag">DET:ART</f>
     </fs>
    </f>
   </fs>
  </span>
  <span id="t_124" from="639" to="645">
   <fs type="lex" xmlns="http://www.tei-c.org/ns/1.0">
    <f name="lex">
     <fs>
      <f name="lemma">espace</f>
      <f name="certainty">0.999756</f>
      <f name="ctag">NOM</f>
     </fs>
    </f>
   </fs>
  </span>
  <span id="t_125" from="646" to="651">
   <fs type="lex" xmlns="http://www.tei-c.org/ns/1.0">
    <f name="lex">
     <fs>
      <f name="lemma">entre</f>
      <f name="certainty">0.999473</f>
      <f name="ctag">PRP</f>
     </fs>
    </f>
   </fs>
  </span>
  <span id="t_126" from="652" to="655">
   <fs type="lex" xmlns="http://www.tei-c.org/ns/1.0">
    <f name="lex">
     <fs>
      <f name="lemma">le</f>
      <f name="certainty">0.998552</f>
      <f name="ctag">DET:ART</f>
     </fs>
    </f>
   </fs>
  </span>
  <span id="t_127" from="656" to="663">
   <fs type="lex" xmlns="http://www.tei-c.org/ns/1.0">
    <f name="lex">
     <fs>
      <f name="lemma">lettre</f>
      <f name="certainty">0.998498</f>
      <f name="ctag">NOM</f>
     </fs>
    </f>
   </fs>
  </span>
  <span id="t_128" from="664" to="666">
   <fs type="lex" xmlns="http://www.tei-c.org/ns/1.0">
    <f name="lex">
     <fs>
      <f name="lemma">le</f>
      <f name="certainty">0.999701</f>
      <f name="ctag">DET:ART</f>
     </fs>
    </f>
   </fs>
  </span>
  <span id="t_129" from="667" to="672">
   <fs type="lex" xmlns="http://www.tei-c.org/ns/1.0">
    <f name="lex">
     <fs>
      <f name="lemma">UNKNOWN</f>
      <f name="certainty">0.944880</f>
      <f name="ctag">NOM</f>
     </fs>
    </f>
   </fs>
  </span>
  <span id="t_130" from="673" to="675">
   <fs type="lex" xmlns="http://www.tei-c.org/ns/1.0">
    <f name="lex">
     <fs>
      <f name="lemma">de</f>
      <f name="certainty">1.000000</f>
      <f name="ctag">PRP</f>
     </fs>
    </f>
   </fs>
  </span>
  <span id="t_131" from="676" to="683">
   <fs type="lex" xmlns="http://www.tei-c.org/ns/1.0">
    <f name="lex">
     <fs>
      <f name="lemma">UNKNOWN</f>
      <f name="certainty">0.902478</f>
      <f name="ctag">NOM</f>
     </fs>
    </f>
   </fs>
  </span>
  <span id="t_132" from="684" to="686">
   <fs type="lex" xmlns="http://www.tei-c.org/ns/1.0">
    <f name="lex">
     <fs>
      <f name="lemma">de</f>
      <f name="certainty">1.000000</f>
      <f name="ctag">PRP</f>
     </fs>
    </f>
   </fs>
  </span>
  <span id="t_133" from="687" to="689">
   <fs type="lex" xmlns="http://www.tei-c.org/ns/1.0">
    <f name="lex">
     <fs>
      <f name="lemma">le</f>
      <f name="certainty">0.999802</f>
      <f name="ctag">DET:ART</f>
     </fs>
    </f>
   </fs>
  </span>
  <span id="t_134" from="690" to="694">
   <fs type="lex" xmlns="http://www.tei-c.org/ns/1.0">
    <f name="lex">
     <fs>
      <f name="lemma">page</f>
      <f name="certainty">0.999741</f>
      <f name="ctag">NOM</f>
     </fs>
    </f>
   </fs>
  </span>
  <span id="t_135" from="695" to="697">
   <fs type="lex" xmlns="http://www.tei-c.org/ns/1.0">
    <f name="lex">
     <fs>
      <f name="lemma">au</f>
      <f name="certainty">1.000000</f>
      <f name="ctag">PRP:det</f>
     </fs>
    </f>
   </fs>
  </span>
  <span id="t_136" from="698" to="701">
   <fs type="lex" xmlns="http://www.tei-c.org/ns/1.0">
    <f name="lex">
     <fs>
      <f name="lemma">nom</f>
      <f name="certainty">1.000000</f>
      <f name="ctag">NOM</f>
     </fs>
    </f>
   </fs>
  </span>
  <span id="t_137" from="702" to="709">
   <fs type="lex" xmlns="http://www.tei-c.org/ns/1.0">
    <f name="lex">
     <fs>
      <f name="lemma">complet</f>
      <f name="certainty">0.996263</f>
      <f name="ctag">ADJ</f>
     </fs>
    </f>
   </fs>
  </span>
  <span id="t_138" from="710" to="713">
   <fs type="lex" xmlns="http://www.tei-c.org/ns/1.0">
    <f name="lex">
     <fs>
      <f name="lemma">être</f>
      <f name="certainty">0.941945</f>
      <f name="ctag">VER:pres</f>
     </fs>
    </f>
   </fs>
  </span>
  <span id="t_139" from="713" to="714">
   <fs type="lex" xmlns="http://www.tei-c.org/ns/1.0">
    <f name="lex">
     <fs>
      <f name="lemma">:</f>
      <f name="certainty">1.000000</f>
      <f name="ctag">PUN</f>
     </fs>
    </f>
   </fs>
  </span>
  <span id="t_140" from="715" to="716">
   <fs type="lex" xmlns="http://www.tei-c.org/ns/1.0">
    <f name="lex">
     <fs>
      <f name="lemma">UNKNOWN</f>
      <f name="certainty">0.670698</f>
      <f name="ctag">ABR</f>
     </fs>
    </f>
    <f name="lex">
     <fs>
      <f name="lemma">UNKNOWN</f>
      <f name="certainty">0.232135</f>
      <f name="ctag">NOM</f>
     </fs>
    </f>
    <f name="lex">
     <fs>
      <f name="lemma">UNKNOWN</f>
      <f name="certainty">0.088198</f>
      <f name="ctag">ADJ</f>
     </fs>
    </f>
   </fs>
  </span>
  <span id="t_141" from="716" to="720">
   <fs type="lex" xmlns="http://www.tei-c.org/ns/1.0">
    <f name="lex">
     <fs>
      <f name="lemma">UNKNOWN</f>
      <f name="certainty">0.718016</f>
      <f name="ctag">NAM</f>
     </fs>
    </f>
    <f name="lex">
     <fs>
      <f name="lemma">UNKNOWN</f>
      <f name="certainty">0.154416</f>
      <f name="ctag">ABR</f>
     </fs>
    </f>
    <f name="lex">
     <fs>
      <f name="lemma">seul</f>
      <f name="certainty">0.127569</f>
      <f name="ctag">NOM</f>
     </fs>
    </f>
   </fs>
  </span>
  <span id="t_142" from="721" to="723">
   <fs type="lex" xmlns="http://www.tei-c.org/ns/1.0">
    <f name="lex">
     <fs>
      <f name="lemma">le</f>
      <f name="certainty">0.999645</f>
      <f name="ctag">DET:ART</f>
     </fs>
    </f>
   </fs>
  </span>
  <span id="t_143" from="724" to="732">
   <fs type="lex" xmlns="http://www.tei-c.org/ns/1.0">
    <f name="lex">
     <fs>
      <f name="lemma">UNKNOWN</f>
      <f name="certainty">1.000000</f>
      <f name="ctag">NOM</f>
     </fs>
    </f>
   </fs>
  </span>
  <span id="t_144" from="733" to="736">
   <fs type="lex" xmlns="http://www.tei-c.org/ns/1.0">
    <f name="lex">
     <fs>
      <f name="lemma">mot</f>
      <f name="certainty">1.000000</f>
      <f name="ctag">NOM</f>
     </fs>
    </f>
   </fs>
  </span>
  <span id="t_145" from="737" to="739">
   <fs type="lex" xmlns="http://www.tei-c.org/ns/1.0">
    <f name="lex">
     <fs>
      <f name="lemma">et</f>
      <f name="certainty">1.000000</f>
      <f name="ctag">KON</f>
     </fs>
    </f>
   </fs>
  </span>
  <span id="t_146" from="740" to="743">
   <fs type="lex" xmlns="http://www.tei-c.org/ns/1.0">
    <f name="lex">
     <fs>
      <f name="lemma">le</f>
      <f name="certainty">0.999490</f>
      <f name="ctag">DET:ART</f>
     </fs>
    </f>
   </fs>
  </span>
  <span id="t_147" from="744" to="747">
   <fs type="lex" xmlns="http://www.tei-c.org/ns/1.0">
    <f name="lex">
     <fs>
      <f name="lemma">nom</f>
      <f name="certainty">1.000000</f>
      <f name="ctag">NOM</f>
     </fs>
    </f>
   </fs>
  </span>
  <span id="t_148" from="748" to="755">
   <fs type="lex" xmlns="http://www.tei-c.org/ns/1.0">
    <f name="lex">
     <fs>
      <f name="lemma">propre</f>
      <f name="certainty">0.997100</f>
      <f name="ctag">ADJ</f>
     </fs>
    </f>
   </fs>
  </span>
  <span id="t_149" from="756" to="763">
   <fs type="lex" xmlns="http://www.tei-c.org/ns/1.0">
    <f name="lex">
     <fs>
      <f name="lemma">UNKNOWN</f>
      <f name="certainty">0.997110</f>
      <f name="ctag">VER:pres</f>
     </fs>
    </f>
   </fs>
  </span>
  <span id="t_150" from="764" to="767">
   <fs type="lex" xmlns="http://www.tei-c.org/ns/1.0">
    <f name="lex">
     <fs>
      <f name="lemma">un</f>
      <f name="certainty">0.997074</f>
      <f name="ctag">DET:ART</f>
     </fs>
    </f>
   </fs>
  </span>
  <span id="t_151" from="768" to="777">
   <fs type="lex" xmlns="http://www.tei-c.org/ns/1.0">
    <f name="lex">
     <fs>
      <f name="lemma">majuscule</f>
      <f name="certainty">0.513766</f>
      <f name="ctag">NOM</f>
     </fs>
    </f>
    <f name="lex">
     <fs>
      <f name="lemma">majuscule</f>
      <f name="certainty">0.486234</f>
      <f name="ctag">ADJ</f>
     </fs>
    </f>
   </fs>
  </span>
  <span id="t_152" from="777" to="778">
   <fs type="lex" xmlns="http://www.tei-c.org/ns/1.0">
    <f name="lex">
     <fs>
      <f name="lemma">.</f>
      <f name="certainty">1.000000</f>
      <f name="ctag">SENT</f>
     </fs>
    </f>
   </fs>
  </span>
  <span id="t_153" from="780" to="785">
   <fs type="lex" xmlns="http://www.tei-c.org/ns/1.0">
    <f name="lex">
     <fs>
      <f name="lemma">voiler</f>
      <f name="certainty">1.000000</f>
      <f name="ctag">VER:simp</f>
     </fs>
    </f>
   </fs>
  </span>
  <span id="t_154" from="785" to="786">
   <fs type="lex" xmlns="http://www.tei-c.org/ns/1.0">
    <f name="lex">
     <fs>
      <f name="lemma">,</f>
      <f name="certainty">1.000000</f>
      <f name="ctag">PUN</f>
     </fs>
    </f>
   </fs>
  </span>
  <span id="t_155" from="787" to="789">
   <fs type="lex" xmlns="http://www.tei-c.org/ns/1.0">
    <f name="lex">
     <fs>
      <f name="lemma">si</f>
      <f name="certainty">0.955281</f>
      <f name="ctag">KON</f>
     </fs>
    </f>
   </fs>
  </span>
  <span id="t_156" from="790" to="792">
   <fs type="lex" xmlns="http://www.tei-c.org/ns/1.0">
    <f name="lex">
     <fs>
      <f name="lemma">tu</f>
      <f name="certainty">0.999899</f>
      <f name="ctag">PRO:PER</f>
     </fs>
    </f>
   </fs>
  </span>
  <span id="t_157" from="793" to="795">
   <fs type="lex" xmlns="http://www.tei-c.org/ns/1.0">
    <f name="lex">
     <fs>
      <f name="lemma">avoir</f>
      <f name="certainty">0.998782</f>
      <f name="ctag">VER:pres</f>
     </fs>
    </f>
   </fs>
  </span>
  <span id="t_158" from="796" to="799">
   <fs type="lex" xmlns="http://www.tei-c.org/ns/1.0">
    <f name="lex">
     <fs>
      <f name="lemma">du</f>
      <f name="certainty">0.999756</f>
      <f name="ctag">PRP:det</f>
     </fs>
    </f>
   </fs>
  </span>
  <span id="t_159" from="800" to="809">
   <fs type="lex" xmlns="http://www.tei-c.org/ns/1.0">
    <f name="lex">
     <fs>
      <f name="lemma">question</f>
      <f name="certainty">1.000000</f>
      <f name="ctag">NOM</f>
     </fs>
    </f>
   </fs>
  </span>
  <span id="t_160" from="809" to="810">
   <fs type="lex" xmlns="http://www.tei-c.org/ns/1.0">
    <f name="lex">
     <fs>
      <f name="lemma">,</f>
      <f name="certainty">1.000000</f>
      <f name="ctag">PUN</f>
     </fs>
    </f>
   </fs>
  </span>
  <span id="t_161" from="811" to="817">
   <fs type="lex" xmlns="http://www.tei-c.org/ns/1.0">
    <f name="lex">
     <fs>
      <f name="lemma">UNKNOWN</f>
      <f name="certainty">0.982171</f>
      <f name="ctag">NOM</f>
     </fs>
    </f>
   </fs>
  </span>
  <span id="t_162" from="818" to="821">
   <fs type="lex" xmlns="http://www.tei-c.org/ns/1.0">
    <f name="lex">
     <fs>
      <f name="lemma">pas</f>
      <f name="certainty">0.988843</f>
      <f name="ctag">ADV</f>
     </fs>
    </f>
   </fs>
  </span>
  <span id="t_163" from="821" to="822">
   <fs type="lex" xmlns="http://www.tei-c.org/ns/1.0">
    <f name="lex">
     <fs>
      <f name="lemma">,</f>
      <f name="certainty">1.000000</f>
      <f name="ctag">PUN</f>
     </fs>
    </f>
   </fs>
  </span>
  <span id="t_164" from="823" to="828">
   <fs type="lex" xmlns="http://www.tei-c.org/ns/1.0">
    <f name="lex">
     <fs>
      <f name="lemma">sinon</f>
      <f name="certainty">1.000000</f>
      <f name="ctag">KON</f>
     </fs>
    </f>
   </fs>
  </span>
  <span id="t_165" from="829" to="831">
   <fs type="lex" xmlns="http://www.tei-c.org/ns/1.0">
    <f name="lex">
     <fs>
      <f name="lemma">tu</f>
      <f name="certainty">0.999978</f>
      <f name="ctag">PRO:PER</f>
     </fs>
    </f>
   </fs>
  </span>
  <span id="t_166" from="832" to="836">
   <fs type="lex" xmlns="http://www.tei-c.org/ns/1.0">
    <f name="lex">
     <fs>
      <f name="lemma">pouvoir</f>
      <f name="certainty">1.000000</f>
      <f name="ctag">VER:pres</f>
     </fs>
    </f>
   </fs>
  </span>
  <span id="t_167" from="837" to="844">
   <fs type="lex" xmlns="http://www.tei-c.org/ns/1.0">
    <f name="lex">
     <fs>
      <f name="lemma">trouver</f>
      <f name="certainty">1.000000</f>
      <f name="ctag">VER:infi</f>
     </fs>
    </f>
   </fs>
  </span>
  <span id="t_168" from="845" to="848">
   <fs type="lex" xmlns="http://www.tei-c.org/ns/1.0">
    <f name="lex">
     <fs>
      <f name="lemma">ce</f>
      <f name="certainty">1.000000</f>
      <f name="ctag">PRO:DEM</f>
     </fs>
    </f>
   </fs>
  </span>
  <span id="t_169" from="849" to="853">
   <fs type="lex" xmlns="http://www.tei-c.org/ns/1.0">
    <f name="lex">
     <fs>
      <f name="lemma">UNKNOWN</f>
      <f name="certainty">0.955552</f>
      <f name="ctag">NOM</f>
     </fs>
    </f>
   </fs>
  </span>
  <span id="t_170" from="854" to="861">
   <fs type="lex" xmlns="http://www.tei-c.org/ns/1.0">
    <f name="lex">
     <fs>
      <f name="lemma">quelque</f>
      <f name="certainty">1.000000</f>
      <f name="ctag">PRO:IND</f>
     </fs>
    </f>
   </fs>
  </span>
  <span id="t_171" from="862" to="866">
   <fs type="lex" xmlns="http://www.tei-c.org/ns/1.0">
    <f name="lex">
     <fs>
      <f name="lemma">part</f>
      <f name="certainty">0.967472</f>
      <f name="ctag">NOM</f>
     </fs>
    </f>
   </fs>
  </span>
  <span id="t_172" from="867" to="870">
   <fs type="lex" xmlns="http://www.tei-c.org/ns/1.0">
    <f name="lex">
     <fs>
      <f name="lemma">sur</f>
      <f name="certainty">1.000000</f>
      <f name="ctag">PRP</f>
     </fs>
    </f>
   </fs>
  </span>
  <span id="t_173" from="871" to="880">
   <fs type="lex" xmlns="http://www.tei-c.org/ns/1.0">
    <f name="lex">
     <fs>
      <f name="lemma">UNKNOWN</f>
      <f name="certainty">0.888055</f>
      <f name="ctag">NAM</f>
     </fs>
    </f>
   </fs>
  </span>
  <span id="t_174" from="881" to="884">
   <fs type="lex" xmlns="http://www.tei-c.org/ns/1.0">
    <f name="lex">
     <fs>
      <f name="lemma">UNKNOWN</f>
      <f name="certainty">0.774466</f>
      <f name="ctag">ABR</f>
     </fs>
    </f>
    <f name="lex">
     <fs>
      <f name="lemma">UNKNOWN</f>
      <f name="certainty">0.106790</f>
      <f name="ctag">ADJ</f>
     </fs>
    </f>
    <f name="lex">
     <fs>
      <f name="lemma">UNKNOWN</f>
      <f name="certainty">0.082531</f>
      <f name="ctag">NOM</f>
     </fs>
    </f>
   </fs>
  </span>
  <span id="t_175" from="884" to="891">
   <fs type="lex" xmlns="http://www.tei-c.org/ns/1.0">
    <f name="lex">
     <fs>
      <f name="lemma">UNKNOWN</f>
      <f name="certainty">0.999023</f>
      <f name="ctag">NAM</f>
     </fs>
    </f>
   </fs>
  </span>
  <span id="t_176" from="892" to="897">
   <fs type="lex" xmlns="http://www.tei-c.org/ns/1.0">
    <f name="lex">
     <fs>
      <f name="lemma">@card@</f>
      <f name="certainty">0.999440</f>
      <f name="ctag">NUM</f>
     </fs>
    </f>
   </fs>
  </span>
  <span id="t_177" from="898" to="901">
   <fs type="lex" xmlns="http://www.tei-c.org/ns/1.0">
    <f name="lex">
     <fs>
      <f name="lemma">UNKNOWN</f>
      <f name="certainty">1.000000</f>
      <f name="ctag">NOM</f>
     </fs>
    </f>
   </fs>
  </span>
  <span id="t_178" from="902" to="903">
   <fs type="lex" xmlns="http://www.tei-c.org/ns/1.0">
    <f name="lex">
     <fs>
      <f name="lemma">@card@</f>
      <f name="certainty">0.995387</f>
      <f name="ctag">NUM</f>
     </fs>
    </f>
   </fs>
  </span>
  <span id="t_179" from="903" to="904">
   <fs type="lex" xmlns="http://www.tei-c.org/ns/1.0">
    <f name="lex">
     <fs>
      <f name="lemma">,</f>
      <f name="certainty">1.000000</f>
      <f name="ctag">PUN</f>
     </fs>
    </f>
   </fs>
  </span>
  <span id="t_180" from="905" to="909">
   <fs type="lex" xmlns="http://www.tei-c.org/ns/1.0">
    <f name="lex">
     <fs>
      <f name="lemma">@card@</f>
      <f name="certainty">0.995344</f>
      <f name="ctag">NUM</f>
     </fs>
    </f>
   </fs>
  </span>
  <span id="t_181" from="910" to="911">
   <fs type="lex" xmlns="http://www.tei-c.org/ns/1.0">
    <f name="lex">
     <fs>
      <f name="lemma">(</f>
      <f name="certainty">1.000000</f>
      <f name="ctag">PUN</f>
     </fs>
    </f>
   </fs>
  </span>
  <span id="t_182" from="911" to="915">
   <fs type="lex" xmlns="http://www.tei-c.org/ns/1.0">
    <f name="lex">
     <fs>
      <f name="lemma">UNKNOWN</f>
      <f name="certainty">0.998680</f>
      <f name="ctag">NAM</f>
     </fs>
    </f>
   </fs>
  </span>
  <span id="t_183" from="915" to="916">
   <fs type="lex" xmlns="http://www.tei-c.org/ns/1.0">
    <f name="lex">
     <fs>
      <f name="lemma">)</f>
      <f name="certainty">1.000000</f>
      <f name="ctag">PUN</f>
     </fs>
    </f>
   </fs>
  </span>
  <span id="t_184" from="918" to="923">
   <fs type="lex" xmlns="http://www.tei-c.org/ns/1.0">
    <f name="lex">
     <fs>
      <f name="lemma">UNKNOWN</f>
      <f name="certainty">0.989685</f>
      <f name="ctag">NAM</f>
     </fs>
    </f>
   </fs>
  </span>
  <span id="t_185" from="924" to="928">
   <fs type="lex" xmlns="http://www.tei-c.org/ns/1.0">
    <f name="lex">
     <fs>
      <f name="lemma">pour</f>
      <f name="certainty">0.656967</f>
      <f name="ctag">PRP</f>
     </fs>
    </f>
    <f name="lex">
     <fs>
      <f name="lemma">pour</f>
      <f name="certainty">0.343033</f>
      <f name="ctag">KON</f>
     </fs>
    </f>
   </fs>
  </span>
  <span id="t_186" from="929" to="937">
   <fs type="lex" xmlns="http://www.tei-c.org/ns/1.0">
    <f name="lex">
     <fs>
      <f name="lemma">rappeler</f>
      <f name="certainty">1.000000</f>
      <f name="ctag">VER:infi</f>
     </fs>
    </f>
   </fs>
  </span>
  <span id="t_187" from="938" to="940">
   <fs type="lex" xmlns="http://www.tei-c.org/ns/1.0">
    <f name="lex">
     <fs>
      <f name="lemma">le</f>
      <f name="certainty">0.999962</f>
      <f name="ctag">DET:ART</f>
     </fs>
    </f>
   </fs>
  </span>
  <span id="t_188" from="940" to="949">
   <fs type="lex" xmlns="http://www.tei-c.org/ns/1.0">
    <f name="lex">
     <fs>
      <f name="lemma">existence</f>
      <f name="certainty">1.000000</f>
      <f name="ctag">NOM</f>
     </fs>
    </f>
   </fs>
  </span>
  <span id="t_189" from="949" to="950">
   <fs type="lex" xmlns="http://www.tei-c.org/ns/1.0">
    <f name="lex">
     <fs>
      <f name="lemma">,</f>
      <f name="certainty">1.000000</f>
      <f name="ctag">PUN</f>
     </fs>
    </f>
   </fs>
  </span>
  <span id="t_190" from="951" to="956">
   <fs type="lex" xmlns="http://www.tei-c.org/ns/1.0">
    <f name="lex">
     <fs>
      <f name="lemma">outre</f>
      <f name="certainty">0.808872</f>
      <f name="ctag">ADV</f>
     </fs>
    </f>
    <f name="lex">
     <fs>
      <f name="lemma">outre</f>
      <f name="certainty">0.163219</f>
      <f name="ctag">PRP</f>
     </fs>
    </f>
   </fs>
  </span>
  <span id="t_191" from="957" to="958">
   <fs type="lex" xmlns="http://www.tei-c.org/ns/1.0">
    <f name="lex">
     <fs>
      <f name="lemma">"</f>
      <f name="certainty">1.000000</f>
      <f name="ctag">PUN:cit</f>
     </fs>
    </f>
   </fs>
  </span>
  <span id="t_192" from="958" to="964">
   <fs type="lex" xmlns="http://www.tei-c.org/ns/1.0">
    <f name="lex">
     <fs>
      <f name="lemma">UNKNOWN</f>
      <f name="certainty">0.998601</f>
      <f name="ctag">NAM</f>
     </fs>
    </f>
   </fs>
  </span>
  <span id="t_193" from="964" to="965">
   <fs type="lex" xmlns="http://www.tei-c.org/ns/1.0">
    <f name="lex">
     <fs>
      <f name="lemma">"</f>
      <f name="certainty">1.000000</f>
      <f name="ctag">PUN:cit</f>
     </fs>
    </f>
   </fs>
  </span>
  <span id="t_194" from="966" to="968">
   <fs type="lex" xmlns="http://www.tei-c.org/ns/1.0">
    <f name="lex">
     <fs>
      <f name="lemma">et</f>
      <f name="certainty">1.000000</f>
      <f name="ctag">KON</f>
     </fs>
    </f>
   </fs>
  </span>
  <span id="t_195" from="969" to="971">
   <fs type="lex" xmlns="http://www.tei-c.org/ns/1.0">
    <f name="lex">
     <fs>
      <f name="lemma">le</f>
      <f name="certainty">0.999614</f>
      <f name="ctag">DET:ART</f>
     </fs>
    </f>
   </fs>
  </span>
  <span id="t_196" from="972" to="973">
   <fs type="lex" xmlns="http://www.tei-c.org/ns/1.0">
    <f name="lex">
     <fs>
      <f name="lemma">"</f>
      <f name="certainty">1.000000</f>
      <f name="ctag">PUN:cit</f>
     </fs>
    </f>
   </fs>
  </span>
  <span id="t_197" from="973" to="979">
   <fs type="lex" xmlns="http://www.tei-c.org/ns/1.0">
    <f name="lex">
     <fs>
      <f name="lemma">UNKNOWN</f>
      <f name="certainty">0.998600</f>
      <f name="ctag">NAM</f>
     </fs>
    </f>
   </fs>
  </span>
  <span id="t_198" from="980" to="984">
   <fs type="lex" xmlns="http://www.tei-c.org/ns/1.0">
    <f name="lex">
     <fs>
      <f name="lemma">UNKNOWN</f>
      <f name="certainty">0.919111</f>
      <f name="ctag">NAM</f>
     </fs>
    </f>
   </fs>
  </span>
  <span id="t_199" from="984" to="985">
   <fs type="lex" xmlns="http://www.tei-c.org/ns/1.0">
    <f name="lex">
     <fs>
      <f name="lemma">"</f>
      <f name="certainty">1.000000</f>
      <f name="ctag">PUN:cit</f>
     </fs>
    </f>
   </fs>
  </span>
  <span id="t_200" from="985" to="986">
   <fs type="lex" xmlns="http://www.tei-c.org/ns/1.0">
    <f name="lex">
     <fs>
      <f name="lemma">,</f>
      <f name="certainty">1.000000</f>
      <f name="ctag">PUN</f>
     </fs>
    </f>
   </fs>
  </span>
  <span id="t_201" from="987" to="989">
   <fs type="lex" xmlns="http://www.tei-c.org/ns/1.0">
    <f name="lex">
     <fs>
      <f name="lemma">de</f>
      <f name="certainty">1.000000</f>
      <f name="ctag">PRP</f>
     </fs>
    </f>
   </fs>
  </span>
  <span id="t_202" from="990" to="991">
   <fs type="lex" xmlns="http://www.tei-c.org/ns/1.0">
    <f name="lex">
     <fs>
      <f name="lemma">"</f>
      <f name="certainty">1.000000</f>
      <f name="ctag">PUN:cit</f>
     </fs>
    </f>
   </fs>
  </span>
  <span id="t_203" from="991" to="993">
   <fs type="lex" xmlns="http://www.tei-c.org/ns/1.0">
    <f name="lex">
     <fs>
      <f name="lemma">UNKNOWN</f>
      <f name="certainty">0.543307</f>
      <f name="ctag">ABR</f>
     </fs>
    </f>
    <f name="lex">
     <fs>
      <f name="lemma">UNKNOWN</f>
      <f name="certainty">0.456693</f>
      <f name="ctag">NAM</f>
     </fs>
    </f>
   </fs>
  </span>
  <span id="t_204" from="993" to="995">
   <fs type="lex" xmlns="http://www.tei-c.org/ns/1.0">
    <f name="lex">
     <fs>
      <f name="lemma">UNKNOWN</f>
      <f name="certainty">0.998291</f>
      <f name="ctag">ABR</f>
     </fs>
    </f>
   </fs>
  </span>
  <span id="t_205" from="995" to="997">
   <fs type="lex" xmlns="http://www.tei-c.org/ns/1.0">
    <f name="lex">
     <fs>
      <f name="lemma">UNKNOWN</f>
      <f name="certainty">0.980891</f>
      <f name="ctag">ABR</f>
     </fs>
    </f>
   </fs>
  </span>
  <span id="t_206" from="997" to="999">
   <fs type="lex" xmlns="http://www.tei-c.org/ns/1.0">
    <f name="lex">
     <fs>
      <f name="lemma">UNKNOWN</f>
      <f name="certainty">0.970954</f>
      <f name="ctag">ABR</f>
     </fs>
    </f>
   </fs>
  </span>
  <span id="t_207" from="999" to="1000">
   <fs type="lex" xmlns="http://www.tei-c.org/ns/1.0">
    <f name="lex">
     <fs>
      <f name="lemma">"</f>
      <f name="certainty">1.000000</f>
      <f name="ctag">PUN:cit</f>
     </fs>
    </f>
   </fs>
  </span>
  <span id="t_208" from="1001" to="1002">
   <fs type="lex" xmlns="http://www.tei-c.org/ns/1.0">
    <f name="lex">
     <fs>
      <f name="lemma">(</f>
      <f name="certainty">1.000000</f>
      <f name="ctag">PUN</f>
     </fs>
    </f>
   </fs>
  </span>
  <span id="t_209" from="1002" to="1003">
   <fs type="lex" xmlns="http://www.tei-c.org/ns/1.0">
    <f name="lex">
     <fs>
      <f name="lemma">"</f>
      <f name="certainty">1.000000</f>
      <f name="ctag">PUN:cit</f>
     </fs>
    </f>
   </fs>
  </span>
  <span id="t_210" from="1003" to="1010">
   <fs type="lex" xmlns="http://www.tei-c.org/ns/1.0">
    <f name="lex">
     <fs>
      <f name="lemma">UNKNOWN</f>
      <f name="certainty">0.946311</f>
      <f name="ctag">NAM</f>
     </fs>
    </f>
   </fs>
  </span>
  <span id="t_211" from="1011" to="1017">
   <fs type="lex" xmlns="http://www.tei-c.org/ns/1.0">
    <f name="lex">
     <fs>
      <f name="lemma">UNKNOWN</f>
      <f name="certainty">0.998026</f>
      <f name="ctag">NAM</f>
     </fs>
    </f>
   </fs>
  </span>
  <span id="t_212" from="1018" to="1020">
   <fs type="lex" xmlns="http://www.tei-c.org/ns/1.0">
    <f name="lex">
     <fs>
      <f name="lemma">UNKNOWN</f>
      <f name="certainty">0.450028</f>
      <f name="ctag">VER:futu</f>
     </fs>
    </f>
    <f name="lex">
     <fs>
      <f name="lemma">UNKNOWN</f>
      <f name="certainty">0.423299</f>
      <f name="ctag">VER:simp</f>
     </fs>
    </f>
   </fs>
  </span>
  <span id="t_213" from="1021" to="1029">
   <fs type="lex" xmlns="http://www.tei-c.org/ns/1.0">
    <f name="lex">
     <fs>
      <f name="lemma">UNKNOWN</f>
      <f name="certainty">0.700395</f>
      <f name="ctag">NAM</f>
     </fs>
    </f>
    <f name="lex">
     <fs>
      <f name="lemma">UNKNOWN</f>
      <f name="certainty">0.213482</f>
      <f name="ctag">NOM</f>
     </fs>
    </f>
    <f name="lex">
     <fs>
      <f name="lemma">UNKNOWN</f>
      <f name="certainty">0.081630</f>
      <f name="ctag">ADJ</f>
     </fs>
    </f>
   </fs>
  </span>
  <span id="t_214" from="1030" to="1038">
   <fs type="lex" xmlns="http://www.tei-c.org/ns/1.0">
    <f name="lex">
     <fs>
      <f name="lemma">UNKNOWN</f>
      <f name="certainty">0.927412</f>
      <f name="ctag">NAM</f>
     </fs>
    </f>
   </fs>
  </span>
  <span id="t_215" from="1038" to="1039">
   <fs type="lex" xmlns="http://www.tei-c.org/ns/1.0">
    <f name="lex">
     <fs>
      <f name="lemma">"</f>
      <f name="certainty">1.000000</f>
      <f name="ctag">PUN:cit</f>
     </fs>
    </f>
   </fs>
  </span>
  <span id="t_216" from="1039" to="1040">
   <fs type="lex" xmlns="http://www.tei-c.org/ns/1.0">
    <f name="lex">
     <fs>
      <f name="lemma">)</f>
      <f name="certainty">1.000000</f>
      <f name="ctag">PUN</f>
     </fs>
    </f>
   </fs>
  </span>
  <span id="t_217" from="1040" to="1041">
   <fs type="lex" xmlns="http://www.tei-c.org/ns/1.0">
    <f name="lex">
     <fs>
      <f name="lemma">.</f>
      <f name="certainty">1.000000</f>
      <f name="ctag">SENT</f>
     </fs>
    </f>
   </fs>
  </span>
  <span id="t_218" from="1042" to="1044">
   <fs type="lex" xmlns="http://www.tei-c.org/ns/1.0">
    <f name="lex">
     <fs>
      <f name="lemma">le</f>
      <f name="certainty">0.999779</f>
      <f name="ctag">DET:ART</f>
     </fs>
    </f>
   </fs>
  </span>
  <span id="t_219" from="1045" to="1053">
   <fs type="lex" xmlns="http://www.tei-c.org/ns/1.0">
    <f name="lex">
     <fs>
      <f name="lemma">dernier</f>
      <f name="certainty">0.991584</f>
      <f name="ctag">ADJ</f>
     </fs>
    </f>
   </fs>
  </span>
  <span id="t_220" from="1054" to="1061">
   <fs type="lex" xmlns="http://www.tei-c.org/ns/1.0">
    <f name="lex">
     <fs>
      <f name="lemma">version</f>
      <f name="certainty">1.000000</f>
      <f name="ctag">NOM</f>
     </fs>
    </f>
   </fs>
  </span>
  <span id="t_221" from="1062" to="1065">
   <fs type="lex" xmlns="http://www.tei-c.org/ns/1.0">
    <f name="lex">
     <fs>
      <f name="lemma">que</f>
      <f name="certainty">0.552262</f>
      <f name="ctag">KON</f>
     </fs>
    </f>
    <f name="lex">
     <fs>
      <f name="lemma">que</f>
      <f name="certainty">0.446736</f>
      <f name="ctag">PRO:REL</f>
     </fs>
    </f>
   </fs>
  </span>
  <span id="t_222" from="1066" to="1068">
   <fs type="lex" xmlns="http://www.tei-c.org/ns/1.0">
    <f name="lex">
     <fs>
      <f name="lemma">je</f>
      <f name="certainty">1.000000</f>
      <f name="ctag">PRO:PER</f>
     </fs>
    </f>
   </fs>
  </span>
  <span id="t_223" from="1068" to="1070">
   <fs type="lex" xmlns="http://www.tei-c.org/ns/1.0">
    <f name="lex">
     <fs>
      <f name="lemma">avoir</f>
      <f name="certainty">1.000000</f>
      <f name="ctag">VER:pres</f>
     </fs>
    </f>
   </fs>
  </span>
  <span id="t_224" from="1071" to="1073">
   <fs type="lex" xmlns="http://www.tei-c.org/ns/1.0">
    <f name="lex">
     <fs>
      <f name="lemma">pouvoir</f>
      <f name="certainty">1.000000</f>
      <f name="ctag">VER:pper</f>
     </fs>
    </f>
   </fs>
  </span>
  <span id="t_225" from="1074" to="1081">
   <fs type="lex" xmlns="http://www.tei-c.org/ns/1.0">
    <f name="lex">
     <fs>
      <f name="lemma">trouver</f>
      <f name="certainty">1.000000</f>
      <f name="ctag">VER:infi</f>
     </fs>
    </f>
   </fs>
  </span>
  <span id="t_226" from="1082" to="1083">
   <fs type="lex" xmlns="http://www.tei-c.org/ns/1.0">
    <f name="lex">
     <fs>
      <f name="lemma">(</f>
      <f name="certainty">1.000000</f>
      <f name="ctag">PUN</f>
     </fs>
    </f>
   </fs>
  </span>
  <span id="t_227" from="1083" to="1088">
   <fs type="lex" xmlns="http://www.tei-c.org/ns/1.0">
    <f name="lex">
     <fs>
      <f name="lemma">celui</f>
      <f name="certainty">1.000000</f>
      <f name="ctag">PRO:DEM</f>
     </fs>
    </f>
   </fs>
  </span>
  <span id="t_228" from="1089" to="1093">
   <fs type="lex" xmlns="http://www.tei-c.org/ns/1.0">
    <f name="lex">
     <fs>
      <f name="lemma">dans</f>
      <f name="certainty">0.997803</f>
      <f name="ctag">PRP</f>
     </fs>
    </f>
   </fs>
  </span>
  <span id="t_229" from="1094" to="1100">
   <fs type="lex" xmlns="http://www.tei-c.org/ns/1.0">
    <f name="lex">
     <fs>
      <f name="lemma">UNKNOWN</f>
      <f name="certainty">0.999893</f>
      <f name="ctag">NAM</f>
     </fs>
    </f>
   </fs>
  </span>
  <span id="t_230" from="1101" to="1104">
   <fs type="lex" xmlns="http://www.tei-c.org/ns/1.0">
    <f name="lex">
     <fs>
      <f name="lemma">UNKNOWN</f>
      <f name="certainty">0.999889</f>
      <f name="ctag">NAM</f>
     </fs>
    </f>
   </fs>
  </span>
  <span id="t_231" from="1105" to="1106">
   <fs type="lex" xmlns="http://www.tei-c.org/ns/1.0">
    <f name="lex">
     <fs>
      <f name="lemma">à</f>
      <f name="certainty">1.000000</f>
      <f name="ctag">PRP</f>
     </fs>
    </f>
   </fs>
  </span>
  <span id="t_232" from="1107" to="1109">
   <fs type="lex" xmlns="http://www.tei-c.org/ns/1.0">
    <f name="lex">
     <fs>
      <f name="lemma">ce</f>
      <f name="certainty">1.000000</f>
      <f name="ctag">PRO:DEM</f>
     </fs>
    </f>
   </fs>
  </span>
  <span id="t_233" from="1110" to="1114">
   <fs type="lex" xmlns="http://www.tei-c.org/ns/1.0">
    <f name="lex">
     <fs>
      <f name="lemma">jour</f>
      <f name="certainty">1.000000</f>
      <f name="ctag">NOM</f>
     </fs>
    </f>
   </fs>
  </span>
  <span id="t_234" from="1114" to="1115">
   <fs type="lex" xmlns="http://www.tei-c.org/ns/1.0">
    <f name="lex">
     <fs>
      <f name="lemma">)</f>
      <f name="certainty">1.000000</f>
      <f name="ctag">PUN</f>
     </fs>
    </f>
   </fs>
  </span>
  <span id="t_235" from="1116" to="1119">
   <fs type="lex" xmlns="http://www.tei-c.org/ns/1.0">
    <f name="lex">
     <fs>
      <f name="lemma">être</f>
      <f name="certainty">0.999314</f>
      <f name="ctag">VER:pres</f>
     </fs>
    </f>
   </fs>
  </span>
  <span id="t_236" from="1120" to="1122">
   <fs type="lex" xmlns="http://www.tei-c.org/ns/1.0">
    <f name="lex">
     <fs>
      <f name="lemma">là</f>
      <f name="certainty">1.000000</f>
      <f name="ctag">ADV</f>
     </fs>
    </f>
   </fs>
  </span>
  <span id="t_237" from="1123" to="1124">
   <fs type="lex" xmlns="http://www.tei-c.org/ns/1.0">
    <f name="lex">
     <fs>
      <f name="lemma">:</f>
      <f name="certainty">1.000000</f>
      <f name="ctag">PUN</f>
     </fs>
    </f>
   </fs>
  </span>
  <span id="t_238" from="1125" to="1168">
   <fs type="lex" xmlns="http://www.tei-c.org/ns/1.0">
    <f name="lex">
     <fs>
      <f name="lemma">UNKNOWN</f>
      <f name="certainty">0.750210</f>
      <f name="ctag">NOM</f>
     </fs>
    </f>
    <f name="lex">
     <fs>
      <f name="lemma">UNKNOWN</f>
      <f name="certainty">0.136107</f>
      <f name="ctag">ABR</f>
     </fs>
    </f>
    <f name="lex">
     <fs>
      <f name="lemma">UNKNOWN</f>
      <f name="certainty">0.109485</f>
      <f name="ctag">ADJ</f>
     </fs>
    </f>
   </fs>
  </span>
  <span id="t_239" from="1169" to="1171">
   <fs type="lex" xmlns="http://www.tei-c.org/ns/1.0">
    <f name="lex">
     <fs>
      <f name="lemma">--</f>
      <f name="certainty">1.000000</f>
      <f name="ctag">PUN</f>
     </fs>
    </f>
   </fs>
  </span>
  <span id="t_240" from="1172" to="1174">
   <fs type="lex" xmlns="http://www.tei-c.org/ns/1.0">
    <f name="lex">
     <fs>
      <f name="lemma">UNKNOWN</f>
      <f name="certainty">0.991516</f>
      <f name="ctag">NAM</f>
     </fs>
    </f>
   </fs>
  </span>
  <span id="t_241" from="1176" to="1178">
   <fs type="lex" xmlns="http://www.tei-c.org/ns/1.0">
    <f name="lex">
     <fs>
      <f name="lemma">messieurs</f>
      <f name="certainty">1.000000</f>
      <f name="ctag">NOM</f>
     </fs>
    </f>
   </fs>
  </span>
  <span id="t_242" from="1179" to="1181">
   <fs type="lex" xmlns="http://www.tei-c.org/ns/1.0">
    <f name="lex">
     <fs>
      <f name="lemma">@card@</f>
      <f name="certainty">0.999827</f>
      <f name="ctag">NUM</f>
     </fs>
    </f>
   </fs>
  </span>
  <span id="t_243" from="1182" to="1185">
   <fs type="lex" xmlns="http://www.tei-c.org/ns/1.0">
    <f name="lex">
     <fs>
      <f name="lemma">UNKNOWN</f>
      <f name="certainty">1.000000</f>
      <f name="ctag">NOM</f>
     </fs>
    </f>
   </fs>
  </span>
  <span id="t_244" from="1186" to="1190">
   <fs type="lex" xmlns="http://www.tei-c.org/ns/1.0">
    <f name="lex">
     <fs>
      <f name="lemma">@card@</f>
      <f name="certainty">0.986206</f>
      <f name="ctag">NUM</f>
     </fs>
    </f>
   </fs>
  </span>
  <span id="t_245" from="1191" to="1192">
   <fs type="lex" xmlns="http://www.tei-c.org/ns/1.0">
    <f name="lex">
     <fs>
      <f name="lemma">à</f>
      <f name="certainty">1.000000</f>
      <f name="ctag">PRP</f>
     </fs>
    </f>
   </fs>
  </span>
  <span id="t_246" from="1193" to="1198">
   <fs type="lex" xmlns="http://www.tei-c.org/ns/1.0">
    <f name="lex">
     <fs>
      <f name="lemma">@card@</f>
      <f name="certainty">0.999591</f>
      <f name="ctag">NUM</f>
     </fs>
    </f>
   </fs>
  </span>
  <span id="t_247" from="1199" to="1200">
   <fs type="lex" xmlns="http://www.tei-c.org/ns/1.0">
    <f name="lex">
     <fs>
      <f name="lemma">(</f>
      <f name="certainty">1.000000</f>
      <f name="ctag">PUN</f>
     </fs>
    </f>
   </fs>
  </span>
  <span id="t_248" from="1200" to="1204">
   <fs type="lex" xmlns="http://www.tei-c.org/ns/1.0">
    <f name="lex">
     <fs>
      <f name="lemma">UNKNOWN</f>
      <f name="certainty">0.998680</f>
      <f name="ctag">NAM</f>
     </fs>
    </f>
   </fs>
  </span>
  <span id="t_249" from="1204" to="1205">
   <fs type="lex" xmlns="http://www.tei-c.org/ns/1.0">
    <f name="lex">
     <fs>
      <f name="lemma">)</f>
      <f name="certainty">1.000000</f>
      <f name="ctag">PUN</f>
     </fs>
    </f>
   </fs>
  </span>
  <span id="t_250" from="1206" to="1208">
   <fs type="lex" xmlns="http://www.tei-c.org/ns/1.0">
    <f name="lex">
     <fs>
      <f name="lemma">je</f>
      <f name="certainty">1.000000</f>
      <f name="ctag">PRO:PER</f>
     </fs>
    </f>
   </fs>
  </span>
  <span id="t_251" from="1209" to="1216">
   <fs type="lex" xmlns="http://www.tei-c.org/ns/1.0">
    <f name="lex">
     <fs>
      <f name="lemma">préciser</f>
      <f name="certainty">0.976317</f>
      <f name="ctag">VER:pres</f>
     </fs>
    </f>
   </fs>
  </span>
  <span id="t_252" from="1217" to="1219">
   <fs type="lex" xmlns="http://www.tei-c.org/ns/1.0">
    <f name="lex">
     <fs>
      <f name="lemma">le</f>
      <f name="certainty">0.999846</f>
      <f name="ctag">DET:ART</f>
     </fs>
    </f>
   </fs>
  </span>
  <span id="t_253" from="1219" to="1228">
   <fs type="lex" xmlns="http://www.tei-c.org/ns/1.0">
    <f name="lex">
     <fs>
      <f name="lemma">existence</f>
      <f name="certainty">1.000000</f>
      <f name="ctag">NOM</f>
     </fs>
    </f>
   </fs>
  </span>
  <span id="t_254" from="1229" to="1231">
   <fs type="lex" xmlns="http://www.tei-c.org/ns/1.0">
    <f name="lex">
     <fs>
      <f name="lemma">de</f>
      <f name="certainty">1.000000</f>
      <f name="ctag">PRP</f>
     </fs>
    </f>
   </fs>
  </span>
  <span id="t_255" from="1232" to="1234">
   <fs type="lex" xmlns="http://www.tei-c.org/ns/1.0">
    <f name="lex">
     <fs>
      <f name="lemma">le</f>
      <f name="certainty">0.999606</f>
      <f name="ctag">DET:ART</f>
     </fs>
    </f>
   </fs>
  </span>
  <span id="t_256" from="1235" to="1239">
   <fs type="lex" xmlns="http://www.tei-c.org/ns/1.0">
    <f name="lex">
     <fs>
      <f name="lemma">page</f>
      <f name="certainty">0.999469</f>
      <f name="ctag">NOM</f>
     </fs>
    </f>
   </fs>
  </span>
  <span id="t_257" from="1240" to="1249">
   <fs type="lex" xmlns="http://www.tei-c.org/ns/1.0">
    <f name="lex">
     <fs>
      <f name="lemma">UNKNOWN</f>
      <f name="certainty">0.792509</f>
      <f name="ctag">ADJ</f>
     </fs>
    </f>
    <f name="lex">
     <fs>
      <f name="lemma">UNKNOWN</f>
      <f name="certainty">0.112481</f>
      <f name="ctag">NAM</f>
     </fs>
    </f>
    <f name="lex">
     <fs>
      <f name="lemma">glossaire</f>
      <f name="certainty">0.094022</f>
      <f name="ctag">NOM</f>
     </fs>
    </f>
   </fs>
  </span>
  <span id="t_258" from="1250" to="1262">
   <fs type="lex" xmlns="http://www.tei-c.org/ns/1.0">
    <f name="lex">
     <fs>
      <f name="lemma">informatique</f>
      <f name="certainty">0.544949</f>
      <f name="ctag">NOM</f>
     </fs>
    </f>
    <f name="lex">
     <fs>
      <f name="lemma">informatique</f>
      <f name="certainty">0.455051</f>
      <f name="ctag">ADJ</f>
     </fs>
    </f>
   </fs>
  </span>
  <span id="t_259" from="1262" to="1263">
   <fs type="lex" xmlns="http://www.tei-c.org/ns/1.0">
    <f name="lex">
     <fs>
      <f name="lemma">,</f>
      <f name="certainty">1.000000</f>
      <f name="ctag">PUN</f>
     </fs>
    </f>
   </fs>
  </span>
  <span id="t_260" from="1264" to="1267">
   <fs type="lex" xmlns="http://www.tei-c.org/ns/1.0">
    <f name="lex">
     <fs>
      <f name="lemma">le</f>
      <f name="certainty">0.999747</f>
      <f name="ctag">DET:ART</f>
     </fs>
    </f>
   </fs>
  </span>
  <span id="t_261" from="1268" to="1272">
   <fs type="lex" xmlns="http://www.tei-c.org/ns/1.0">
    <f name="lex">
     <fs>
      <f name="lemma">deux</f>
      <f name="certainty">0.999934</f>
      <f name="ctag">NUM</f>
     </fs>
    </f>
   </fs>
  </span>
  <span id="t_262" from="1273" to="1281">
   <fs type="lex" xmlns="http://www.tei-c.org/ns/1.0">
    <f name="lex">
     <fs>
      <f name="lemma">article</f>
      <f name="certainty">0.999973</f>
      <f name="ctag">NOM</f>
     </fs>
    </f>
   </fs>
  </span>
  <span id="t_263" from="1282" to="1287">
   <fs type="lex" xmlns="http://www.tei-c.org/ns/1.0">
    <f name="lex">
     <fs>
      <f name="lemma">être</f>
      <f name="certainty">0.999206</f>
      <f name="ctag">VER:ppre</f>
     </fs>
    </f>
   </fs>
  </span>
  <span id="t_264" from="1288" to="1301">
   <fs type="lex" xmlns="http://www.tei-c.org/ns/1.0">
    <f name="lex">
     <fs>
      <f name="lemma">partiellement</f>
      <f name="certainty">1.000000</f>
      <f name="ctag">ADV</f>
     </fs>
    </f>
   </fs>
  </span>
  <span id="t_265" from="1302" to="1312">
   <fs type="lex" xmlns="http://www.tei-c.org/ns/1.0">
    <f name="lex">
     <fs>
      <f name="lemma">redondant</f>
      <f name="certainty">1.000000</f>
      <f name="ctag">ADJ</f>
     </fs>
    </f>
   </fs>
  </span>
  <span id="t_266" from="1312" to="1313">
   <fs type="lex" xmlns="http://www.tei-c.org/ns/1.0">
    <f name="lex">
     <fs>
      <f name="lemma">.</f>
      <f name="certainty">1.000000</f>
      <f name="ctag">SENT</f>
     </fs>
    </f>
   </fs>
  </span>
  <span id="t_267" from="1314" to="1316">
   <fs type="lex" xmlns="http://www.tei-c.org/ns/1.0">
    <f name="lex">
     <fs>
      <f name="lemma">--</f>
      <f name="certainty">1.000000</f>
      <f name="ctag">PUN</f>
     </fs>
    </f>
   </fs>
  </span>
  <span id="t_268" from="1316" to="1319">
   <fs type="lex" xmlns="http://www.tei-c.org/ns/1.0">
    <f name="lex">
     <fs>
      <f name="lemma">UNKNOWN</f>
      <f name="certainty">0.999346</f>
      <f name="ctag">NAM</f>
     </fs>
    </f>
   </fs>
  </span>
  <span id="t_269" from="1320" to="1322">
   <fs type="lex" xmlns="http://www.tei-c.org/ns/1.0">
    <f name="lex">
     <fs>
      <f name="lemma">@card@</f>
      <f name="certainty">0.999440</f>
      <f name="ctag">NUM</f>
     </fs>
    </f>
   </fs>
  </span>
  <span id="t_270" from="1323" to="1331">
   <fs type="lex" xmlns="http://www.tei-c.org/ns/1.0">
    <f name="lex">
     <fs>
      <f name="lemma">décembre</f>
      <f name="certainty">1.000000</f>
      <f name="ctag">NOM</f>
     </fs>
    </f>
   </fs>
  </span>
  <span id="t_271" from="1332" to="1336">
   <fs type="lex" xmlns="http://www.tei-c.org/ns/1.0">
    <f name="lex">
     <fs>
      <f name="lemma">@card@</f>
      <f name="certainty">0.986206</f>
      <f name="ctag">NUM</f>
     </fs>
    </f>
   </fs>
  </span>
  <span id="t_272" from="1337" to="1338">
   <fs type="lex" xmlns="http://www.tei-c.org/ns/1.0">
    <f name="lex">
     <fs>
      <f name="lemma">à</f>
      <f name="certainty">1.000000</f>
      <f name="ctag">PRP</f>
     </fs>
    </f>
   </fs>
  </span>
  <span id="t_273" from="1339" to="1341">
   <fs type="lex" xmlns="http://www.tei-c.org/ns/1.0">
    <f name="lex">
     <fs>
      <f name="lemma">@card@</f>
      <f name="certainty">0.999591</f>
      <f name="ctag">NUM</f>
     </fs>
    </f>
   </fs>
  </span>
  <span id="t_274" from="1341" to="1342">
   <fs type="lex" xmlns="http://www.tei-c.org/ns/1.0">
    <f name="lex">
     <fs>
      <f name="lemma">:</f>
      <f name="certainty">1.000000</f>
      <f name="ctag">PUN</f>
     </fs>
    </f>
   </fs>
  </span>
  <span id="t_275" from="1342" to="1344">
   <fs type="lex" xmlns="http://www.tei-c.org/ns/1.0">
    <f name="lex">
     <fs>
      <f name="lemma">@card@</f>
      <f name="certainty">0.995344</f>
      <f name="ctag">NUM</f>
     </fs>
    </f>
   </fs>
  </span>
  <span id="t_276" from="1345" to="1346">
   <fs type="lex" xmlns="http://www.tei-c.org/ns/1.0">
    <f name="lex">
     <fs>
      <f name="lemma">(</f>
      <f name="certainty">1.000000</f>
      <f name="ctag">PUN</f>
     </fs>
    </f>
   </fs>
  </span>
  <span id="t_277" from="1346" to="1349">
   <fs type="lex" xmlns="http://www.tei-c.org/ns/1.0">
    <f name="lex">
     <fs>
      <f name="lemma">UNKNOWN</f>
      <f name="certainty">0.998794</f>
      <f name="ctag">NAM</f>
     </fs>
    </f>
   </fs>
  </span>
  <span id="t_278" from="1349" to="1350">
   <fs type="lex" xmlns="http://www.tei-c.org/ns/1.0">
    <f name="lex">
     <fs>
      <f name="lemma">)</f>
      <f name="certainty">1.000000</f>
      <f name="ctag">PUN</f>
     </fs>
    </f>
   </fs>
  </span>
 </spanList>
</layer>
