<?xml version="1.0" encoding="UTF-8"?>
<?xml-model href="header.rng"
            type="application/xml"
            schematypens="http://relaxng.org/ns/structure/1.0"?>
<!DOCTYPE idsCorpus PUBLIC "-//IDS//DTD IDS-XCES 1.0//EN"
          "http://corpora.ids-mannheim.de/idsxces1/DTD/ids.xcesdoc.dtd">
<idsHeader pattern="text" type="text" version="1">
        <fileDesc>
          <titleStmt>
            <textSigle>WDF19/A0000.14247</textSigle>
            <t.title assemblage="external">WDF19/A0000.14247 Discussion:Angiosperme. URL:https://fr.wikipedia.org/wiki/Discussion:Angiosperme . In: Wikipedia, 2019</t.title>
          </titleStmt>
          <publicationStmt>
            <distributor>French-German-English Project Comparable Wikipedia Corpora 2019;
Leibniz-Institute for the German Language and Université de Toulouse Jean Jaurès</distributor>
            <pubAddress/>
            <idno type="cmc-core-filename">14247.tei.xml</idno>
            <availability region="world" status="free">CC-BY-SA</availability>
            <pubDate type="year">2020</pubDate>
            <pubPlace>Mannheim</pubPlace>
            <pubPlace>Toulouse</pubPlace>
          </publicationStmt>
          <sourceDesc>
            <biblStruct>
              <analytic>
                <h.title type="main">Discussion:Angiosperme</h.title>
                <h.author>Joscquin et al.</h.author>
                <imprint>
                  <pubPlace>
                    <ref target="https://fr.wikipedia.org/wiki/Discussion:Angiosperme" type="page_url"/>
                  </pubPlace>
                </imprint>
                <idno type="wikipedia-id">14247</idno>
              </analytic>
              <monogr>
                <h.title>Wikipedia</h.title>
                <edition>
                  <further/>
                  <kind>French language version</kind>
                  <appearance/>
                </edition>
                <imprint>
                  <publisher>Wikimedia Foundation, Inc</publisher>
                  <pubPlace>
                    <ref target="https://wikipedia.org/"/>
                  </pubPlace>
                </imprint>
              </monogr>
              <monogr>
                <h.title>frwiki-20190801-pages-meta-current</h.title>
                <edition>
                  <further/>
                  <kind>Dump file</kind>
                  <appearance/>
                </edition>
                <imprint>
                  <publisher>Wikimedia Foundation, Inc</publisher>
                  <pubPlace>
                    <ref target="http://dumps.wikimedia.org"/>
                  </pubPlace>
                  <pubDate type="year">2019</pubDate>
                  <pubDate type="month">08</pubDate>
                  <pubDate type="day">01</pubDate>
                </imprint>
                <idno type="dump-filename">frwiki-20190801-pages-meta-current</idno>
              </monogr>
              <relatedItem type="langLink">
                <ref target="https://de.wikipedia.org/wiki/Bedecktsamer" targetLang="de">Bedecktsamer</ref>
              </relatedItem>
              <relatedItem type="langLink">
                <ref target="https://en.wikipedia.org/wiki/Flowering%20plant" targetLang="en">Flowering plant</ref>
              </relatedItem>
              <relatedItem type="articleLink">
                <ref n="21398" target="https://fr.wikipedia.org/wiki/Angiosperme" targetLang="fr">Angiosperme</ref>
              </relatedItem>
              <relatedItem type="articleTextSigle">
                <ref type="derekoTextSigle">WPF19/A0000.21398</ref>
              </relatedItem>
            </biblStruct>
            <reference assemblage="non-automatic" type="complete">WDF19/A0000.14247 Wikipedia: Discussion:Angiosperme. URL: https://fr.wikipedia.org/wiki/Discussion:Angiosperme (Letzte Änderung 20.5.2015). In: Wikipedia, Die freie Enzyklopädie - Dump vom 1.8.2019</reference>
            <reference assemblage="regular" type="short">WDF19/A0000.14247 Wikipedia: Discussion:Angiosperme, (Letzte Änderung 20.5.2015), 2019</reference>
          </sourceDesc>
        </fileDesc>
        <profileDesc>
          <creation>
            <creatDate>2015.05.20</creatDate>
            <creatRef>(Letzte Änderung 20.5.2015)</creatRef>
            <creatRefShort>(Letzte Änderung 20.5.2015)</creatRefShort>
          </creation>
          <textClass>
            <classCode scheme="https://fr.wikipedia.org/wiki/Portail:Accueil">
              <ref target="https://fr.wikipedia.org/wiki/Portail:Sciences" targetLang="fr">Portail:Sciences</ref>
              <ref target="https://fr.wikipedia.org/wiki/Portail:Origine%20et%20%C3%A9volution%20du%20vivant" targetLang="fr">Portail:Origine et évolution du vivant</ref>
              <ref target="https://fr.wikipedia.org/wiki/Portail:Botanique" targetLang="fr">Portail:Botanique</ref>
              <ref target="https://fr.wikipedia.org/wiki/Portail:Biologie" targetLang="fr">Portail:Biologie</ref>
            </classCode>
            <classCode scheme="https://fr.wikipedia.org/wiki/Catégorie:Accueil">
              <ref target="https://fr.wikipedia.org/wiki/Catégorie:Magnoliophyta%20(Cronquist)" targetLang="fr">Catégorie:Magnoliophyta (Cronquist)</ref>
              <ref target="https://fr.wikipedia.org/wiki/Catégorie:Angiosperme" targetLang="fr">Catégorie:Angiosperme</ref>
            </classCode>
            <h.keywords>
              <keyTerm>OEV</keyTerm>
              <keyTerm>Botanique</keyTerm>
            </h.keywords>
            <classCode scheme="https://fr.wikipedia.org/wiki/Projet:Évaluation">
              <ref target="https://fr.wikipedia.org/wiki/Catégorie:Article_d%27avancement_B" targetLang="fr">B</ref>
            </classCode>
            <classCode scheme="https://en.wikipedia.org/wiki/Category:Contents">
              <ref target="https://en.wikipedia.org/wiki/Category:Angiosperms" targetLang="en">Category:Angiosperms</ref>
            </classCode>
            <classCode scheme="https://en.wikipedia.org/wiki/Wikipedia:Contents/Portals">
              <ref target="https://en.wikipedia.org/wiki/Portal:Science" targetLang="en">Portal:Science</ref>
              <ref target="https://en.wikipedia.org/wiki/Portal:Plants" targetLang="en">Portal:Plants</ref>
              <ref target="https://en.wikipedia.org/wiki/Portal:Biology" targetLang="en">Portal:Biology</ref>
            </classCode>
          </textClass>
          <textDesc>
            <textType>Diskussion</textType>
            <textTypeArt>Diskussion</textTypeArt>
            <textDomain/>
          </textDesc>
        </profileDesc>
      </idsHeader>