<?xml version="1.0" encoding="UTF-8"?>
<idsHeader type="document"
            pattern="text"
            status="new"
            version="1.1"
            TEIform="teiHeader">
   <fileDesc>
      <titleStmt>
         <textSigle>NKJP_NKJP.620-3-010001144</textSigle>
         <t.title>TEI P5 encoded version of sample(s) of "Usenet -- pl.soc.polityka"</t.title>
      </titleStmt>
      <publicationStmt>
         <availability status="free">
            <p>See the licence agreement.</p>
         </availability>
      </publicationStmt>
   </fileDesc>
   <profileDesc>
      <textClass>
         <catRef scheme="#taxonomy-NKJP-type" target="#typ_net_interakt"/>
         <catRef scheme="#taxonomy-NKJP-channel" target="#kanal_internet"/>
      </textClass>
   </profileDesc>
</idsHeader>
