<?xml version="1.0" encoding="UTF-8"?>
<?xml-model href="span.rng"
            type="application/xml"
            schematypens="http://relaxng.org/ns/structure/1.0"?>
<layer docid="WDF19_A0000.13865"
       xmlns="http://ids-mannheim.de/ns/KorAP"
       version="KorAP-0.4">
  <spanList>
    <span id="s0" from="0" to="1350" l="1">
      <fs type="struct" xmlns="http://www.tei-c.org/ns/1.0">
        <f name="name">text</f>
      </fs>
    </span>
    <span id="s1" from="0" to="1350" l="2">
      <fs type="struct" xmlns="http://www.tei-c.org/ns/1.0">
        <f name="name">body</f>
      </fs>
    </span>
    <span id="s2" from="0" to="1350" l="3">
      <fs type="struct" xmlns="http://www.tei-c.org/ns/1.0">
        <f name="name">div</f>
        <f name="attr">
          <fs type="attr">
            <f name="type">talk</f>
          </fs>
        </f>
      </fs>
    </span>
    <span id="s3" from="0" to="28" l="4">
      <fs type="struct" xmlns="http://www.tei-c.org/ns/1.0">
        <f name="name">head</f>
      </fs>
    </span>
    <span id="s4" from="28" to="1350" l="4">
      <fs type="struct" xmlns="http://www.tei-c.org/ns/1.0">
        <f name="name">div</f>
        <f name="attr">
          <fs type="attr">
            <f name="id">i.13865_1</f>
            <f name="type">thread</f>
          </fs>
        </f>
      </fs>
    </span>
    <span id="s5" from="28" to="28" l="5">
      <fs type="struct" xmlns="http://www.tei-c.org/ns/1.0">
        <f name="name">head</f>
      </fs>
    </span>
    <span id="s6" from="28" to="133" l="5">
      <fs type="struct" xmlns="http://www.tei-c.org/ns/1.0">
        <f name="name">posting</f>
        <f name="attr">
          <fs type="attr">
            <f name="id">i.13865_1_1</f>
            <f name="indentLevel">0</f>
            <f name="who">WU00000000</f>
          </fs>
        </f>
      </fs>
    </span>
    <span id="s7" from="29" to="133" l="6">
      <fs type="struct" xmlns="http://www.tei-c.org/ns/1.0">
        <f name="name">p</f>
      </fs>
    </span>
    <span id="s8" from="133" to="916" l="5">
      <fs type="struct" xmlns="http://www.tei-c.org/ns/1.0">
        <f name="name">posting</f>
        <f name="attr">
          <fs type="attr">
            <f name="id">i.13865_1_2</f>
            <f name="indentLevel">1</f>
            <f name="when-iso">2003-04-03T04:02+02</f>
            <f name="who">WU00000093</f>
          </fs>
        </f>
      </fs>
    </span>
    <span id="s9" from="134" to="264" l="6">
      <fs type="struct" xmlns="http://www.tei-c.org/ns/1.0">
        <f name="name">p</f>
      </fs>
    </span>
    <span id="s10" from="264" to="778" l="6">
      <fs type="struct" xmlns="http://www.tei-c.org/ns/1.0">
        <f name="name">list</f>
      </fs>
    </span>
    <span id="s11" from="265" to="335" l="7">
      <fs type="struct" xmlns="http://www.tei-c.org/ns/1.0">
        <f name="name">item</f>
      </fs>
    </span>
    <span id="s12" from="336" to="395" l="7">
      <fs type="struct" xmlns="http://www.tei-c.org/ns/1.0">
        <f name="name">item</f>
      </fs>
    </span>
    <span id="s13" from="396" to="537" l="7">
      <fs type="struct" xmlns="http://www.tei-c.org/ns/1.0">
        <f name="name">item</f>
      </fs>
    </span>
    <span id="s14" from="538" to="585" l="7">
      <fs type="struct" xmlns="http://www.tei-c.org/ns/1.0">
        <f name="name">item</f>
      </fs>
    </span>
    <span id="s15" from="586" to="619" l="7">
      <fs type="struct" xmlns="http://www.tei-c.org/ns/1.0">
        <f name="name">item</f>
      </fs>
    </span>
    <span id="s16" from="620" to="663" l="7">
      <fs type="struct" xmlns="http://www.tei-c.org/ns/1.0">
        <f name="name">item</f>
      </fs>
    </span>
    <span id="s17" from="664" to="714" l="7">
      <fs type="struct" xmlns="http://www.tei-c.org/ns/1.0">
        <f name="name">item</f>
      </fs>
    </span>
    <span id="s18" from="715" to="778" l="7">
      <fs type="struct" xmlns="http://www.tei-c.org/ns/1.0">
        <f name="name">item</f>
      </fs>
    </span>
    <span id="s19" from="779" to="884" l="6">
      <fs type="struct" xmlns="http://www.tei-c.org/ns/1.0">
        <f name="name">p</f>
      </fs>
    </span>
    <span id="s20" from="884" to="916" l="6">
      <fs type="struct" xmlns="http://www.tei-c.org/ns/1.0">
        <f name="name">p</f>
      </fs>
    </span>
    <span id="s21" from="884" to="916" l="7">
      <fs type="struct" xmlns="http://www.tei-c.org/ns/1.0">
        <f name="name">autoSignature</f>
        <f name="attr">
          <fs type="attr">
            <f name="type">signed</f>
          </fs>
        </f>
      </fs>
    </span>
    <span id="s22" from="892" to="916" l="8">
      <fs type="struct" xmlns="http://www.tei-c.org/ns/1.0">
        <f name="name">timestamp</f>
      </fs>
    </span>
    <span id="s23" from="916" to="1168" l="5">
      <fs type="struct" xmlns="http://www.tei-c.org/ns/1.0">
        <f name="name">posting</f>
        <f name="attr">
          <fs type="attr">
            <f name="id">i.13865_1_3</f>
            <f name="indentLevel">0</f>
            <f name="who">WU00000000</f>
          </fs>
        </f>
      </fs>
    </span>
    <span id="s24" from="917" to="1168" l="6">
      <fs type="struct" xmlns="http://www.tei-c.org/ns/1.0">
        <f name="name">p</f>
      </fs>
    </span>
    <span id="s25" from="1168" to="1205" l="5">
      <fs type="struct" xmlns="http://www.tei-c.org/ns/1.0">
        <f name="name">posting</f>
        <f name="attr">
          <fs type="attr">
            <f name="id">i.13865_1_4</f>
            <f name="indentLevel">1</f>
            <f name="when-iso">2003-04-18T16:30+02</f>
            <f name="who">WU00000305</f>
          </fs>
        </f>
      </fs>
    </span>
    <span id="s26" from="1169" to="1205" l="6">
      <fs type="struct" xmlns="http://www.tei-c.org/ns/1.0">
        <f name="name">p</f>
      </fs>
    </span>
    <span id="s27" from="1172" to="1205" l="7">
      <fs type="struct" xmlns="http://www.tei-c.org/ns/1.0">
        <f name="name">autoSignature</f>
        <f name="attr">
          <fs type="attr">
            <f name="type">signed</f>
          </fs>
        </f>
      </fs>
    </span>
    <span id="s28" from="1179" to="1205" l="8">
      <fs type="struct" xmlns="http://www.tei-c.org/ns/1.0">
        <f name="name">timestamp</f>
      </fs>
    </span>
    <span id="s29" from="1205" to="1350" l="5">
      <fs type="struct" xmlns="http://www.tei-c.org/ns/1.0">
        <f name="name">posting</f>
        <f name="attr">
          <fs type="attr">
            <f name="id">i.13865_1_5</f>
            <f name="indentLevel">1</f>
            <f name="when-iso">2006-12-13T21:53+01</f>
            <f name="who">WU00000111</f>
          </fs>
        </f>
      </fs>
    </span>
    <span id="s30" from="1206" to="1350" l="6">
      <fs type="struct" xmlns="http://www.tei-c.org/ns/1.0">
        <f name="name">p</f>
      </fs>
    </span>
    <span id="s31" from="1316" to="1350" l="7">
      <fs type="struct" xmlns="http://www.tei-c.org/ns/1.0">
        <f name="name">autoSignature</f>
        <f name="attr">
          <fs type="attr">
            <f name="type">signed</f>
          </fs>
        </f>
      </fs>
    </span>
    <span id="s32" from="1320" to="1350" l="8">
      <fs type="struct" xmlns="http://www.tei-c.org/ns/1.0">
        <f name="name">timestamp</f>
      </fs>
    </span>
    <span id="s33" from="0" to="133" l="-1">
      <fs type="struct" xmlns="http://www.tei-c.org/ns/1.0">
        <f name="name">s</f>
      </fs>
    </span>
    <span id="s34" from="134" to="335" l="-1">
      <fs type="struct" xmlns="http://www.tei-c.org/ns/1.0">
        <f name="name">s</f>
      </fs>
    </span>
    <span id="s35" from="336" to="395" l="-1">
      <fs type="struct" xmlns="http://www.tei-c.org/ns/1.0">
        <f name="name">s</f>
      </fs>
    </span>
    <span id="s36" from="396" to="778" l="-1">
      <fs type="struct" xmlns="http://www.tei-c.org/ns/1.0">
        <f name="name">s</f>
      </fs>
    </span>
    <span id="s37" from="780" to="1041" l="-1">
      <fs type="struct" xmlns="http://www.tei-c.org/ns/1.0">
        <f name="name">s</f>
      </fs>
    </span>
    <span id="s38" from="1042" to="1313" l="-1">
      <fs type="struct" xmlns="http://www.tei-c.org/ns/1.0">
        <f name="name">s</f>
      </fs>
    </span>
    <span id="s39" from="1314" to="1350" l="-1">
      <fs type="struct" xmlns="http://www.tei-c.org/ns/1.0">
        <f name="name">s</f>
      </fs>
    </span>
  </spanList>
</layer>