<?xml version="1.0" encoding="UTF-8"?>
<?xml-model href="span.rng" type="application/xml" schematypens="http://relaxng.org/ns/structure/1.0"?>

<layer xmlns="http://ids-mannheim.de/ns/KorAP" version="KorAP-0.4" docid="WDF19_A0000.13072">
 <spanList>
  <span id="t_0" from="0" to="12">
   <fs type="lex" xmlns="http://www.tei-c.org/ns/1.0">
    <f name="lex">
     <fs>
      <f name="lemma">UNKNOWN</f>
      <f name="certainty">0.966912</f>
      <f name="ctag">NAM</f>
     </fs>
    </f>
   </fs>
  </span>
  <span id="t_1" from="14" to="16">
   <fs type="lex" xmlns="http://www.tei-c.org/ns/1.0">
    <f name="lex">
     <fs>
      <f name="lemma">on</f>
      <f name="certainty">1.000000</f>
      <f name="ctag">PRO:PER</f>
     </fs>
    </f>
   </fs>
  </span>
  <span id="t_2" from="17" to="24">
   <fs type="lex" xmlns="http://www.tei-c.org/ns/1.0">
    <f name="lex">
     <fs>
      <f name="lemma">devoir</f>
      <f name="certainty">1.000000</f>
      <f name="ctag">VER:cond</f>
     </fs>
    </f>
   </fs>
  </span>
  <span id="t_3" from="25" to="29">
   <fs type="lex" xmlns="http://www.tei-c.org/ns/1.0">
    <f name="lex">
     <fs>
      <f name="lemma">pouvoir</f>
      <f name="certainty">1.000000</f>
      <f name="ctag">VER:pres</f>
     </fs>
    </f>
   </fs>
  </span>
  <span id="t_4" from="30" to="34">
   <fs type="lex" xmlns="http://www.tei-c.org/ns/1.0">
    <f name="lex">
     <fs>
      <f name="lemma">être</f>
      <f name="certainty">0.996884</f>
      <f name="ctag">VER:infi</f>
     </fs>
    </f>
   </fs>
  </span>
  <span id="t_5" from="35" to="41">
   <fs type="lex" xmlns="http://www.tei-c.org/ns/1.0">
    <f name="lex">
     <fs>
      <f name="lemma">plutôt</f>
      <f name="certainty">1.000000</f>
      <f name="ctag">ADV</f>
     </fs>
    </f>
   </fs>
  </span>
  <span id="t_6" from="42" to="43">
   <fs type="lex" xmlns="http://www.tei-c.org/ns/1.0">
    <f name="lex">
     <fs>
      <f name="lemma">UNKNOWN</f>
      <f name="certainty">0.412483</f>
      <f name="ctag">VER:cond</f>
     </fs>
    </f>
    <f name="lex">
     <fs>
      <f name="lemma">UNKNOWN</f>
      <f name="certainty">0.248987</f>
      <f name="ctag">VER:subi</f>
     </fs>
    </f>
    <f name="lex">
     <fs>
      <f name="lemma">UNKNOWN</f>
      <f name="certainty">0.132459</f>
      <f name="ctag">VER:pper</f>
     </fs>
    </f>
    <f name="lex">
     <fs>
      <f name="lemma">UNKNOWN</f>
      <f name="certainty">0.074772</f>
      <f name="ctag">VER:futu</f>
     </fs>
    </f>
    <f name="lex">
     <fs>
      <f name="lemma">UNKNOWN</f>
      <f name="certainty">0.059481</f>
      <f name="ctag">VER:simp</f>
     </fs>
    </f>
    <f name="lex">
     <fs>
      <f name="lemma">UNKNOWN</f>
      <f name="certainty">0.051492</f>
      <f name="ctag">VER:impf</f>
     </fs>
    </f>
   </fs>
  </span>
  <span id="t_7" from="44" to="51">
   <fs type="lex" xmlns="http://www.tei-c.org/ns/1.0">
    <f name="lex">
     <fs>
      <f name="lemma">appeler</f>
      <f name="certainty">1.000000</f>
      <f name="ctag">VER:infi</f>
     </fs>
    </f>
   </fs>
  </span>
  <span id="t_8" from="52" to="59">
   <fs type="lex" xmlns="http://www.tei-c.org/ns/1.0">
    <f name="lex">
     <fs>
      <f name="lemma">UNKNOWN</f>
      <f name="certainty">0.972621</f>
      <f name="ctag">NOM</f>
     </fs>
    </f>
   </fs>
  </span>
  <span id="t_9" from="60" to="72">
   <fs type="lex" xmlns="http://www.tei-c.org/ns/1.0">
    <f name="lex">
     <fs>
      <f name="lemma">australien</f>
      <f name="certainty">0.972033</f>
      <f name="ctag">ADJ</f>
     </fs>
    </f>
   </fs>
  </span>
  <span id="t_10" from="73" to="74">
   <fs type="lex" xmlns="http://www.tei-c.org/ns/1.0">
    <f name="lex">
     <fs>
      <f name="lemma">?</f>
      <f name="certainty">1.000000</f>
      <f name="ctag">SENT</f>
     </fs>
    </f>
   </fs>
  </span>
  <span id="t_11" from="76" to="78">
   <fs type="lex" xmlns="http://www.tei-c.org/ns/1.0">
    <f name="lex">
     <fs>
      <f name="lemma">ou</f>
      <f name="certainty">1.000000</f>
      <f name="ctag">KON</f>
     </fs>
    </f>
   </fs>
  </span>
  <span id="t_12" from="79" to="81">
   <fs type="lex" xmlns="http://www.tei-c.org/ns/1.0">
    <f name="lex">
     <fs>
      <f name="lemma">en</f>
      <f name="certainty">0.793099</f>
      <f name="ctag">PRO:PER</f>
     </fs>
    </f>
    <f name="lex">
     <fs>
      <f name="lemma">en</f>
      <f name="certainty">0.206901</f>
      <f name="ctag">PRP</f>
     </fs>
    </f>
   </fs>
  </span>
  <span id="t_13" from="82" to="84">
   <fs type="lex" xmlns="http://www.tei-c.org/ns/1.0">
    <f name="lex">
     <fs>
      <f name="lemma">se</f>
      <f name="certainty">1.000000</f>
      <f name="ctag">PRO:PER</f>
     </fs>
    </f>
   </fs>
  </span>
  <span id="t_14" from="85" to="91">
   <fs type="lex" xmlns="http://www.tei-c.org/ns/1.0">
    <f name="lex">
     <fs>
      <f name="lemma">baser</f>
      <f name="certainty">1.000000</f>
      <f name="ctag">VER:ppre</f>
     </fs>
    </f>
   </fs>
  </span>
  <span id="t_15" from="92" to="95">
   <fs type="lex" xmlns="http://www.tei-c.org/ns/1.0">
    <f name="lex">
     <fs>
      <f name="lemma">sur</f>
      <f name="certainty">1.000000</f>
      <f name="ctag">PRP</f>
     </fs>
    </f>
   </fs>
  </span>
  <span id="t_16" from="96" to="98">
   <fs type="lex" xmlns="http://www.tei-c.org/ns/1.0">
    <f name="lex">
     <fs>
      <f name="lemma">le</f>
      <f name="certainty">0.999938</f>
      <f name="ctag">DET:ART</f>
     </fs>
    </f>
   </fs>
  </span>
  <span id="t_17" from="99" to="102">
   <fs type="lex" xmlns="http://www.tei-c.org/ns/1.0">
    <f name="lex">
     <fs>
      <f name="lemma">nom</f>
      <f name="certainty">1.000000</f>
      <f name="ctag">NOM</f>
     </fs>
    </f>
   </fs>
  </span>
  <span id="t_18" from="103" to="110">
   <fs type="lex" xmlns="http://www.tei-c.org/ns/1.0">
    <f name="lex">
     <fs>
      <f name="lemma">anglais</f>
      <f name="certainty">0.994508</f>
      <f name="ctag">ADJ</f>
     </fs>
    </f>
   </fs>
  </span>
  <span id="t_19" from="111" to="122">
   <fs type="lex" xmlns="http://www.tei-c.org/ns/1.0">
    <f name="lex">
     <fs>
      <f name="lemma">UNKNOWN</f>
      <f name="certainty">0.634299</f>
      <f name="ctag">VER:simp</f>
     </fs>
    </f>
    <f name="lex">
     <fs>
      <f name="lemma">UNKNOWN</f>
      <f name="certainty">0.205120</f>
      <f name="ctag">NAM</f>
     </fs>
    </f>
    <f name="lex">
     <fs>
      <f name="lemma">UNKNOWN</f>
      <f name="certainty">0.160518</f>
      <f name="ctag">NOM</f>
     </fs>
    </f>
   </fs>
  </span>
  <span id="t_20" from="122" to="123">
   <fs type="lex" xmlns="http://www.tei-c.org/ns/1.0">
    <f name="lex">
     <fs>
      <f name="lemma">UNKNOWN</f>
      <f name="certainty">0.644598</f>
      <f name="ctag">ADJ</f>
     </fs>
    </f>
    <f name="lex">
     <fs>
      <f name="lemma">UNKNOWN</f>
      <f name="certainty">0.168749</f>
      <f name="ctag">NOM</f>
     </fs>
    </f>
    <f name="lex">
     <fs>
      <f name="lemma">UNKNOWN</f>
      <f name="certainty">0.150947</f>
      <f name="ctag">ABR</f>
     </fs>
    </f>
   </fs>
  </span>
  <span id="t_21" from="123" to="134">
   <fs type="lex" xmlns="http://www.tei-c.org/ns/1.0">
    <f name="lex">
     <fs>
      <f name="lemma">UNKNOWN</f>
      <f name="certainty">0.590501</f>
      <f name="ctag">NOM</f>
     </fs>
    </f>
    <f name="lex">
     <fs>
      <f name="lemma">UNKNOWN</f>
      <f name="certainty">0.368592</f>
      <f name="ctag">NAM</f>
     </fs>
    </f>
   </fs>
  </span>
  <span id="t_22" from="135" to="139">
   <fs type="lex" xmlns="http://www.tei-c.org/ns/1.0">
    <f name="lex">
     <fs>
      <f name="lemma">pour</f>
      <f name="certainty">0.751323</f>
      <f name="ctag">PRP</f>
     </fs>
    </f>
    <f name="lex">
     <fs>
      <f name="lemma">pour</f>
      <f name="certainty">0.248677</f>
      <f name="ctag">KON</f>
     </fs>
    </f>
   </fs>
  </span>
  <span id="t_23" from="140" to="142">
   <fs type="lex" xmlns="http://www.tei-c.org/ns/1.0">
    <f name="lex">
     <fs>
      <f name="lemma">le</f>
      <f name="certainty">0.999817</f>
      <f name="ctag">DET:ART</f>
     </fs>
    </f>
   </fs>
  </span>
  <span id="t_24" from="143" to="146">
   <fs type="lex" xmlns="http://www.tei-c.org/ns/1.0">
    <f name="lex">
     <fs>
      <f name="lemma">nom</f>
      <f name="certainty">1.000000</f>
      <f name="ctag">NOM</f>
     </fs>
    </f>
   </fs>
  </span>
  <span id="t_25" from="147" to="149">
   <fs type="lex" xmlns="http://www.tei-c.org/ns/1.0">
    <f name="lex">
     <fs>
      <f name="lemma">et</f>
      <f name="certainty">1.000000</f>
      <f name="ctag">KON</f>
     </fs>
    </f>
   </fs>
  </span>
  <span id="t_26" from="150" to="162">
   <fs type="lex" xmlns="http://www.tei-c.org/ns/1.0">
    <f name="lex">
     <fs>
      <f name="lemma">UNKNOWN</f>
      <f name="certainty">0.836320</f>
      <f name="ctag">ADJ</f>
     </fs>
    </f>
    <f name="lex">
     <fs>
      <f name="lemma">UNKNOWN</f>
      <f name="certainty">0.163680</f>
      <f name="ctag">NOM</f>
     </fs>
    </f>
   </fs>
  </span>
  <span id="t_27" from="163" to="167">
   <fs type="lex" xmlns="http://www.tei-c.org/ns/1.0">
    <f name="lex">
     <fs>
      <f name="lemma">pour</f>
      <f name="certainty">0.756804</f>
      <f name="ctag">PRP</f>
     </fs>
    </f>
    <f name="lex">
     <fs>
      <f name="lemma">pour</f>
      <f name="certainty">0.243196</f>
      <f name="ctag">KON</f>
     </fs>
    </f>
   </fs>
  </span>
  <span id="t_28" from="168" to="170">
   <fs type="lex" xmlns="http://www.tei-c.org/ns/1.0">
    <f name="lex">
     <fs>
      <f name="lemma">le</f>
      <f name="certainty">0.999612</f>
      <f name="ctag">DET:ART</f>
     </fs>
    </f>
   </fs>
  </span>
  <span id="t_29" from="170" to="178">
   <fs type="lex" xmlns="http://www.tei-c.org/ns/1.0">
    <f name="lex">
     <fs>
      <f name="lemma">adjectif</f>
      <f name="certainty">0.513110</f>
      <f name="ctag">NOM</f>
     </fs>
    </f>
    <f name="lex">
     <fs>
      <f name="lemma">adjectif</f>
      <f name="certainty">0.486890</f>
      <f name="ctag">ADJ</f>
     </fs>
    </f>
   </fs>
  </span>
  <span id="t_30" from="178" to="179">
   <fs type="lex" xmlns="http://www.tei-c.org/ns/1.0">
    <f name="lex">
     <fs>
      <f name="lemma">?</f>
      <f name="certainty">1.000000</f>
      <f name="ctag">SENT</f>
     </fs>
    </f>
   </fs>
  </span>
  <span id="t_31" from="179" to="188">
   <fs type="lex" xmlns="http://www.tei-c.org/ns/1.0">
    <f name="lex">
     <fs>
      <f name="lemma">UNKNOWN</f>
      <f name="certainty">0.882589</f>
      <f name="ctag">NAM</f>
     </fs>
    </f>
    <f name="lex">
     <fs>
      <f name="lemma">UNKNOWN</f>
      <f name="certainty">0.117335</f>
      <f name="ctag">NOM</f>
     </fs>
    </f>
   </fs>
  </span>
  <span id="t_32" from="189" to="191">
   <fs type="lex" xmlns="http://www.tei-c.org/ns/1.0">
    <f name="lex">
     <fs>
      <f name="lemma">@card@</f>
      <f name="certainty">0.999485</f>
      <f name="ctag">NUM</f>
     </fs>
    </f>
   </fs>
  </span>
  <span id="t_33" from="192" to="197">
   <fs type="lex" xmlns="http://www.tei-c.org/ns/1.0">
    <f name="lex">
     <fs>
      <f name="lemma">avril</f>
      <f name="certainty">1.000000</f>
      <f name="ctag">NOM</f>
     </fs>
    </f>
   </fs>
  </span>
  <span id="t_34" from="198" to="202">
   <fs type="lex" xmlns="http://www.tei-c.org/ns/1.0">
    <f name="lex">
     <fs>
      <f name="lemma">@card@</f>
      <f name="certainty">0.986206</f>
      <f name="ctag">NUM</f>
     </fs>
    </f>
   </fs>
  </span>
  <span id="t_35" from="203" to="204">
   <fs type="lex" xmlns="http://www.tei-c.org/ns/1.0">
    <f name="lex">
     <fs>
      <f name="lemma">à</f>
      <f name="certainty">1.000000</f>
      <f name="ctag">PRP</f>
     </fs>
    </f>
   </fs>
  </span>
  <span id="t_36" from="205" to="207">
   <fs type="lex" xmlns="http://www.tei-c.org/ns/1.0">
    <f name="lex">
     <fs>
      <f name="lemma">@card@</f>
      <f name="certainty">0.999591</f>
      <f name="ctag">NUM</f>
     </fs>
    </f>
   </fs>
  </span>
  <span id="t_37" from="207" to="208">
   <fs type="lex" xmlns="http://www.tei-c.org/ns/1.0">
    <f name="lex">
     <fs>
      <f name="lemma">:</f>
      <f name="certainty">1.000000</f>
      <f name="ctag">PUN</f>
     </fs>
    </f>
   </fs>
  </span>
  <span id="t_38" from="208" to="210">
   <fs type="lex" xmlns="http://www.tei-c.org/ns/1.0">
    <f name="lex">
     <fs>
      <f name="lemma">@card@</f>
      <f name="certainty">0.995344</f>
      <f name="ctag">NUM</f>
     </fs>
    </f>
   </fs>
  </span>
  <span id="t_39" from="211" to="212">
   <fs type="lex" xmlns="http://www.tei-c.org/ns/1.0">
    <f name="lex">
     <fs>
      <f name="lemma">(</f>
      <f name="certainty">1.000000</f>
      <f name="ctag">PUN</f>
     </fs>
    </f>
   </fs>
  </span>
  <span id="t_40" from="212" to="216">
   <fs type="lex" xmlns="http://www.tei-c.org/ns/1.0">
    <f name="lex">
     <fs>
      <f name="lemma">UNKNOWN</f>
      <f name="certainty">0.998680</f>
      <f name="ctag">NAM</f>
     </fs>
    </f>
   </fs>
  </span>
  <span id="t_41" from="216" to="217">
   <fs type="lex" xmlns="http://www.tei-c.org/ns/1.0">
    <f name="lex">
     <fs>
      <f name="lemma">)</f>
      <f name="certainty">1.000000</f>
      <f name="ctag">PUN</f>
     </fs>
    </f>
   </fs>
  </span>
  <span id="t_42" from="218" to="221">
   <fs type="lex" xmlns="http://www.tei-c.org/ns/1.0">
    <f name="lex">
     <fs>
      <f name="lemma">UNKNOWN</f>
      <f name="certainty">0.310918</f>
      <f name="ctag">VER:simp</f>
     </fs>
    </f>
    <f name="lex">
     <fs>
      <f name="lemma">UNKNOWN</f>
      <f name="certainty">0.170667</f>
      <f name="ctag">VER:subi</f>
     </fs>
    </f>
    <f name="lex">
     <fs>
      <f name="lemma">UNKNOWN</f>
      <f name="certainty">0.157452</f>
      <f name="ctag">VER:futu</f>
     </fs>
    </f>
    <f name="lex">
     <fs>
      <f name="lemma">UNKNOWN</f>
      <f name="certainty">0.125340</f>
      <f name="ctag">VER:impf</f>
     </fs>
    </f>
    <f name="lex">
     <fs>
      <f name="lemma">UNKNOWN</f>
      <f name="certainty">0.099411</f>
      <f name="ctag">VER:cond</f>
     </fs>
    </f>
    <f name="lex">
     <fs>
      <f name="lemma">UNKNOWN</f>
      <f name="certainty">0.043383</f>
      <f name="ctag">VER:pper</f>
     </fs>
    </f>
    <f name="lex">
     <fs>
      <f name="lemma">UNKNOWN</f>
      <f name="certainty">0.035762</f>
      <f name="ctag">VER:pres</f>
     </fs>
    </f>
   </fs>
  </span>
  <span id="t_43" from="222" to="226">
   <fs type="lex" xmlns="http://www.tei-c.org/ns/1.0">
    <f name="lex">
     <fs>
      <f name="lemma">tout</f>
      <f name="certainty">0.963045</f>
      <f name="ctag">ADV</f>
     </fs>
    </f>
   </fs>
  </span>
  <span id="t_44" from="227" to="228">
   <fs type="lex" xmlns="http://www.tei-c.org/ns/1.0">
    <f name="lex">
     <fs>
      <f name="lemma">à</f>
      <f name="certainty">1.000000</f>
      <f name="ctag">PRP</f>
     </fs>
    </f>
   </fs>
  </span>
  <span id="t_45" from="229" to="233">
   <fs type="lex" xmlns="http://www.tei-c.org/ns/1.0">
    <f name="lex">
     <fs>
      <f name="lemma">fait</f>
      <f name="certainty">0.949018</f>
      <f name="ctag">NOM</f>
     </fs>
    </f>
   </fs>
  </span>
  <span id="t_46" from="234" to="236">
   <fs type="lex" xmlns="http://www.tei-c.org/ns/1.0">
    <f name="lex">
     <fs>
      <f name="lemma">de</f>
      <f name="certainty">0.992328</f>
      <f name="ctag">PRP</f>
     </fs>
    </f>
   </fs>
  </span>
  <span id="t_47" from="236" to="242">
   <fs type="lex" xmlns="http://www.tei-c.org/ns/1.0">
    <f name="lex">
     <fs>
      <f name="lemma">accord</f>
      <f name="certainty">1.000000</f>
      <f name="ctag">NOM</f>
     </fs>
    </f>
   </fs>
  </span>
  <span id="t_48" from="242" to="243">
   <fs type="lex" xmlns="http://www.tei-c.org/ns/1.0">
    <f name="lex">
     <fs>
      <f name="lemma">!</f>
      <f name="certainty">1.000000</f>
      <f name="ctag">SENT</f>
     </fs>
    </f>
   </fs>
  </span>
  <span id="t_49" from="244" to="252">
   <fs type="lex" xmlns="http://www.tei-c.org/ns/1.0">
    <f name="lex">
     <fs>
      <f name="lemma">UNKNOWN</f>
      <f name="certainty">0.988259</f>
      <f name="ctag">NOM</f>
     </fs>
    </f>
   </fs>
  </span>
  <span id="t_50" from="253" to="255">
   <fs type="lex" xmlns="http://www.tei-c.org/ns/1.0">
    <f name="lex">
     <fs>
      <f name="lemma">@card@</f>
      <f name="certainty">0.999825</f>
      <f name="ctag">NUM</f>
     </fs>
    </f>
   </fs>
  </span>
  <span id="t_51" from="256" to="263">
   <fs type="lex" xmlns="http://www.tei-c.org/ns/1.0">
    <f name="lex">
     <fs>
      <f name="lemma">juillet</f>
      <f name="certainty">1.000000</f>
      <f name="ctag">NOM</f>
     </fs>
    </f>
   </fs>
  </span>
  <span id="t_52" from="264" to="268">
   <fs type="lex" xmlns="http://www.tei-c.org/ns/1.0">
    <f name="lex">
     <fs>
      <f name="lemma">@card@</f>
      <f name="certainty">0.986206</f>
      <f name="ctag">NUM</f>
     </fs>
    </f>
   </fs>
  </span>
  <span id="t_53" from="269" to="270">
   <fs type="lex" xmlns="http://www.tei-c.org/ns/1.0">
    <f name="lex">
     <fs>
      <f name="lemma">à</f>
      <f name="certainty">1.000000</f>
      <f name="ctag">PRP</f>
     </fs>
    </f>
   </fs>
  </span>
  <span id="t_54" from="271" to="276">
   <fs type="lex" xmlns="http://www.tei-c.org/ns/1.0">
    <f name="lex">
     <fs>
      <f name="lemma">@card@</f>
      <f name="certainty">0.999591</f>
      <f name="ctag">NUM</f>
     </fs>
    </f>
   </fs>
  </span>
  <span id="t_55" from="277" to="278">
   <fs type="lex" xmlns="http://www.tei-c.org/ns/1.0">
    <f name="lex">
     <fs>
      <f name="lemma">(</f>
      <f name="certainty">1.000000</f>
      <f name="ctag">PUN</f>
     </fs>
    </f>
   </fs>
  </span>
  <span id="t_56" from="278" to="282">
   <fs type="lex" xmlns="http://www.tei-c.org/ns/1.0">
    <f name="lex">
     <fs>
      <f name="lemma">UNKNOWN</f>
      <f name="certainty">0.998680</f>
      <f name="ctag">NAM</f>
     </fs>
    </f>
   </fs>
  </span>
  <span id="t_57" from="282" to="283">
   <fs type="lex" xmlns="http://www.tei-c.org/ns/1.0">
    <f name="lex">
     <fs>
      <f name="lemma">)</f>
      <f name="certainty">1.000000</f>
      <f name="ctag">PUN</f>
     </fs>
    </f>
   </fs>
  </span>
 </spanList>
</layer>
