<?xml version="1.0" encoding="UTF-8"?>
<?xml-model href="span.rng"
            type="application/xml"
            schematypens="http://relaxng.org/ns/structure/1.0"?>
<layer docid="WDF19_A0000.12006"
       xmlns="http://ids-mannheim.de/ns/KorAP"
       version="KorAP-0.4">
  <spanList>
    <span id="s0" from="0" to="2205" l="1">
      <fs type="struct" xmlns="http://www.tei-c.org/ns/1.0">
        <f name="name">text</f>
      </fs>
    </span>
    <span id="s1" from="0" to="2205" l="2">
      <fs type="struct" xmlns="http://www.tei-c.org/ns/1.0">
        <f name="name">body</f>
      </fs>
    </span>
    <span id="s2" from="0" to="2205" l="3">
      <fs type="struct" xmlns="http://www.tei-c.org/ns/1.0">
        <f name="name">div</f>
        <f name="attr">
          <fs type="attr">
            <f name="type">talk</f>
          </fs>
        </f>
      </fs>
    </span>
    <span id="s3" from="0" to="8" l="4">
      <fs type="struct" xmlns="http://www.tei-c.org/ns/1.0">
        <f name="name">head</f>
      </fs>
    </span>
    <span id="s4" from="8" to="2205" l="4">
      <fs type="struct" xmlns="http://www.tei-c.org/ns/1.0">
        <f name="name">div</f>
        <f name="attr">
          <fs type="attr">
            <f name="id">i.12006_1</f>
            <f name="type">thread</f>
          </fs>
        </f>
      </fs>
    </span>
    <span id="s5" from="9" to="32" l="5">
      <fs type="struct" xmlns="http://www.tei-c.org/ns/1.0">
        <f name="name">head</f>
      </fs>
    </span>
    <span id="s6" from="32" to="737" l="5">
      <fs type="struct" xmlns="http://www.tei-c.org/ns/1.0">
        <f name="name">posting</f>
        <f name="attr">
          <fs type="attr">
            <f name="id">i.12006_1_1</f>
            <f name="indentLevel">0</f>
            <f name="when-iso">2003-03-15T12:01+01</f>
            <f name="who">WU00002378</f>
          </fs>
        </f>
      </fs>
    </span>
    <span id="s7" from="33" to="108" l="6">
      <fs type="struct" xmlns="http://www.tei-c.org/ns/1.0">
        <f name="name">p</f>
      </fs>
    </span>
    <span id="s8" from="109" to="186" l="6">
      <fs type="struct" xmlns="http://www.tei-c.org/ns/1.0">
        <f name="name">p</f>
      </fs>
    </span>
    <span id="s9" from="187" to="419" l="6">
      <fs type="struct" xmlns="http://www.tei-c.org/ns/1.0">
        <f name="name">p</f>
      </fs>
    </span>
    <span id="s10" from="420" to="433" l="6">
      <fs type="struct" xmlns="http://www.tei-c.org/ns/1.0">
        <f name="name">p</f>
      </fs>
    </span>
    <span id="s11" from="434" to="437" l="6">
      <fs type="struct" xmlns="http://www.tei-c.org/ns/1.0">
        <f name="name">p</f>
      </fs>
    </span>
    <span id="s12" from="438" to="541" l="6">
      <fs type="struct" xmlns="http://www.tei-c.org/ns/1.0">
        <f name="name">p</f>
      </fs>
    </span>
    <span id="s13" from="542" to="703" l="6">
      <fs type="struct" xmlns="http://www.tei-c.org/ns/1.0">
        <f name="name">p</f>
      </fs>
    </span>
    <span id="s14" from="703" to="737" l="6">
      <fs type="struct" xmlns="http://www.tei-c.org/ns/1.0">
        <f name="name">p</f>
      </fs>
    </span>
    <span id="s15" from="704" to="737" l="7">
      <fs type="struct" xmlns="http://www.tei-c.org/ns/1.0">
        <f name="name">autoSignature</f>
        <f name="attr">
          <fs type="attr">
            <f name="type">signed</f>
          </fs>
        </f>
      </fs>
    </span>
    <span id="s16" from="713" to="737" l="8">
      <fs type="struct" xmlns="http://www.tei-c.org/ns/1.0">
        <f name="name">timestamp</f>
      </fs>
    </span>
    <span id="s17" from="737" to="843" l="5">
      <fs type="struct" xmlns="http://www.tei-c.org/ns/1.0">
        <f name="name">posting</f>
        <f name="attr">
          <fs type="attr">
            <f name="id">i.12006_1_2</f>
            <f name="indentLevel">1</f>
            <f name="who">WU00000000</f>
          </fs>
        </f>
      </fs>
    </span>
    <span id="s18" from="738" to="843" l="6">
      <fs type="struct" xmlns="http://www.tei-c.org/ns/1.0">
        <f name="name">p</f>
      </fs>
    </span>
    <span id="s19" from="843" to="1192" l="5">
      <fs type="struct" xmlns="http://www.tei-c.org/ns/1.0">
        <f name="name">posting</f>
        <f name="attr">
          <fs type="attr">
            <f name="id">i.12006_1_3</f>
            <f name="indentLevel">2</f>
            <f name="when-iso">2003-03-18T00:46+01</f>
            <f name="who">WU00002378</f>
          </fs>
        </f>
      </fs>
    </span>
    <span id="s20" from="844" to="908" l="6">
      <fs type="struct" xmlns="http://www.tei-c.org/ns/1.0">
        <f name="name">p</f>
      </fs>
    </span>
    <span id="s21" from="909" to="1192" l="6">
      <fs type="struct" xmlns="http://www.tei-c.org/ns/1.0">
        <f name="name">p</f>
      </fs>
    </span>
    <span id="s22" from="1159" to="1192" l="7">
      <fs type="struct" xmlns="http://www.tei-c.org/ns/1.0">
        <f name="name">autoSignature</f>
        <f name="attr">
          <fs type="attr">
            <f name="type">signed</f>
          </fs>
        </f>
      </fs>
    </span>
    <span id="s23" from="1168" to="1192" l="8">
      <fs type="struct" xmlns="http://www.tei-c.org/ns/1.0">
        <f name="name">timestamp</f>
      </fs>
    </span>
    <span id="s24" from="1192" to="1417" l="5">
      <fs type="struct" xmlns="http://www.tei-c.org/ns/1.0">
        <f name="name">posting</f>
        <f name="attr">
          <fs type="attr">
            <f name="id">i.12006_1_4</f>
            <f name="indentLevel">0</f>
            <f name="who">WU00000000</f>
          </fs>
        </f>
      </fs>
    </span>
    <span id="s25" from="1193" to="1371" l="6">
      <fs type="struct" xmlns="http://www.tei-c.org/ns/1.0">
        <f name="name">p</f>
      </fs>
    </span>
    <span id="s26" from="1372" to="1417" l="6">
      <fs type="struct" xmlns="http://www.tei-c.org/ns/1.0">
        <f name="name">p</f>
      </fs>
    </span>
    <span id="s27" from="1417" to="1647" l="5">
      <fs type="struct" xmlns="http://www.tei-c.org/ns/1.0">
        <f name="name">posting</f>
        <f name="attr">
          <fs type="attr">
            <f name="id">i.12006_1_5</f>
            <f name="indentLevel">1</f>
            <f name="when-iso">2003-03-18T18:56+01</f>
            <f name="who">WU00002378</f>
          </fs>
        </f>
      </fs>
    </span>
    <span id="s28" from="1418" to="1647" l="6">
      <fs type="struct" xmlns="http://www.tei-c.org/ns/1.0">
        <f name="name">p</f>
      </fs>
    </span>
    <span id="s29" from="1614" to="1647" l="7">
      <fs type="struct" xmlns="http://www.tei-c.org/ns/1.0">
        <f name="name">autoSignature</f>
        <f name="attr">
          <fs type="attr">
            <f name="type">signed</f>
          </fs>
        </f>
      </fs>
    </span>
    <span id="s30" from="1623" to="1647" l="8">
      <fs type="struct" xmlns="http://www.tei-c.org/ns/1.0">
        <f name="name">timestamp</f>
      </fs>
    </span>
    <span id="s31" from="1647" to="1893" l="5">
      <fs type="struct" xmlns="http://www.tei-c.org/ns/1.0">
        <f name="name">posting</f>
        <f name="attr">
          <fs type="attr">
            <f name="id">i.12006_1_6</f>
            <f name="indentLevel">1</f>
            <f name="when-iso">2003-03-18T18:56+01</f>
            <f name="who">WU00002378</f>
          </fs>
        </f>
      </fs>
    </span>
    <span id="s32" from="1648" to="1893" l="6">
      <fs type="struct" xmlns="http://www.tei-c.org/ns/1.0">
        <f name="name">p</f>
      </fs>
    </span>
    <span id="s33" from="1860" to="1893" l="7">
      <fs type="struct" xmlns="http://www.tei-c.org/ns/1.0">
        <f name="name">autoSignature</f>
        <f name="attr">
          <fs type="attr">
            <f name="type">signed</f>
          </fs>
        </f>
      </fs>
    </span>
    <span id="s34" from="1869" to="1893" l="8">
      <fs type="struct" xmlns="http://www.tei-c.org/ns/1.0">
        <f name="name">timestamp</f>
      </fs>
    </span>
    <span id="s35" from="1893" to="2082" l="5">
      <fs type="struct" xmlns="http://www.tei-c.org/ns/1.0">
        <f name="name">posting</f>
        <f name="attr">
          <fs type="attr">
            <f name="id">i.12006_1_7</f>
            <f name="indentLevel">1</f>
            <f name="when-iso">2003-03-18T02:52+01</f>
            <f name="who">WU00000093</f>
          </fs>
        </f>
      </fs>
    </span>
    <span id="s36" from="1894" to="2082" l="6">
      <fs type="struct" xmlns="http://www.tei-c.org/ns/1.0">
        <f name="name">p</f>
      </fs>
    </span>
    <span id="s37" from="2050" to="2082" l="7">
      <fs type="struct" xmlns="http://www.tei-c.org/ns/1.0">
        <f name="name">autoSignature</f>
        <f name="attr">
          <fs type="attr">
            <f name="type">signed</f>
          </fs>
        </f>
      </fs>
    </span>
    <span id="s38" from="2058" to="2082" l="8">
      <fs type="struct" xmlns="http://www.tei-c.org/ns/1.0">
        <f name="name">timestamp</f>
      </fs>
    </span>
    <span id="s39" from="2082" to="2205" l="5">
      <fs type="struct" xmlns="http://www.tei-c.org/ns/1.0">
        <f name="name">posting</f>
        <f name="attr">
          <fs type="attr">
            <f name="id">i.12006_1_8</f>
            <f name="indentLevel">0</f>
            <f name="who">WU00000000</f>
          </fs>
        </f>
      </fs>
    </span>
    <span id="s40" from="2083" to="2205" l="6">
      <fs type="struct" xmlns="http://www.tei-c.org/ns/1.0">
        <f name="name">p</f>
      </fs>
    </span>
    <span id="s41" from="0" to="257" l="-1">
      <fs type="struct" xmlns="http://www.tei-c.org/ns/1.0">
        <f name="name">s</f>
      </fs>
    </span>
    <span id="s42" from="257" to="419" l="-1">
      <fs type="struct" xmlns="http://www.tei-c.org/ns/1.0">
        <f name="name">s</f>
      </fs>
    </span>
    <span id="s43" from="421" to="425" l="-1">
      <fs type="struct" xmlns="http://www.tei-c.org/ns/1.0">
        <f name="name">s</f>
      </fs>
    </span>
    <span id="s44" from="426" to="433" l="-1">
      <fs type="struct" xmlns="http://www.tei-c.org/ns/1.0">
        <f name="name">s</f>
      </fs>
    </span>
    <span id="s45" from="435" to="541" l="-1">
      <fs type="struct" xmlns="http://www.tei-c.org/ns/1.0">
        <f name="name">s</f>
      </fs>
    </span>
    <span id="s46" from="543" to="669" l="-1">
      <fs type="struct" xmlns="http://www.tei-c.org/ns/1.0">
        <f name="name">s</f>
      </fs>
    </span>
    <span id="s47" from="670" to="703" l="-1">
      <fs type="struct" xmlns="http://www.tei-c.org/ns/1.0">
        <f name="name">s</f>
      </fs>
    </span>
    <span id="s48" from="704" to="744" l="-1">
      <fs type="struct" xmlns="http://www.tei-c.org/ns/1.0">
        <f name="name">s</f>
      </fs>
    </span>
    <span id="s49" from="745" to="802" l="-1">
      <fs type="struct" xmlns="http://www.tei-c.org/ns/1.0">
        <f name="name">s</f>
      </fs>
    </span>
    <span id="s50" from="802" to="1158" l="-1">
      <fs type="struct" xmlns="http://www.tei-c.org/ns/1.0">
        <f name="name">s</f>
      </fs>
    </span>
    <span id="s51" from="1159" to="1280" l="-1">
      <fs type="struct" xmlns="http://www.tei-c.org/ns/1.0">
        <f name="name">s</f>
      </fs>
    </span>
    <span id="s52" from="1281" to="1371" l="-1">
      <fs type="struct" xmlns="http://www.tei-c.org/ns/1.0">
        <f name="name">s</f>
      </fs>
    </span>
    <span id="s53" from="1373" to="1388" l="-1">
      <fs type="struct" xmlns="http://www.tei-c.org/ns/1.0">
        <f name="name">s</f>
      </fs>
    </span>
    <span id="s54" from="1388" to="1417" l="-1">
      <fs type="struct" xmlns="http://www.tei-c.org/ns/1.0">
        <f name="name">s</f>
      </fs>
    </span>
    <span id="s55" from="1418" to="1516" l="-1">
      <fs type="struct" xmlns="http://www.tei-c.org/ns/1.0">
        <f name="name">s</f>
      </fs>
    </span>
    <span id="s56" from="1517" to="1613" l="-1">
      <fs type="struct" xmlns="http://www.tei-c.org/ns/1.0">
        <f name="name">s</f>
      </fs>
    </span>
    <span id="s57" from="1614" to="1775" l="-1">
      <fs type="struct" xmlns="http://www.tei-c.org/ns/1.0">
        <f name="name">s</f>
      </fs>
    </span>
    <span id="s58" from="1776" to="1859" l="-1">
      <fs type="struct" xmlns="http://www.tei-c.org/ns/1.0">
        <f name="name">s</f>
      </fs>
    </span>
    <span id="s59" from="1860" to="1984" l="-1">
      <fs type="struct" xmlns="http://www.tei-c.org/ns/1.0">
        <f name="name">s</f>
      </fs>
    </span>
    <span id="s60" from="1984" to="1986" l="-1">
      <fs type="struct" xmlns="http://www.tei-c.org/ns/1.0">
        <f name="name">s</f>
      </fs>
    </span>
    <span id="s61" from="1987" to="2049" l="-1">
      <fs type="struct" xmlns="http://www.tei-c.org/ns/1.0">
        <f name="name">s</f>
      </fs>
    </span>
    <span id="s62" from="2050" to="2169" l="-1">
      <fs type="struct" xmlns="http://www.tei-c.org/ns/1.0">
        <f name="name">s</f>
      </fs>
    </span>
    <span id="s63" from="2170" to="2205" l="-1">
      <fs type="struct" xmlns="http://www.tei-c.org/ns/1.0">
        <f name="name">s</f>
      </fs>
    </span>
  </spanList>
</layer>