<?xml version="1.0" encoding="UTF-8"?>
<?xml-model href="span.rng"
            type="application/xml"
            schematypens="http://relaxng.org/ns/structure/1.0"?>
<layer docid="WDF19_A0000.10894"
       xmlns="http://ids-mannheim.de/ns/KorAP"
       version="KorAP-0.4">
  <spanList>
    <span id="s0" from="0" to="394" l="1">
      <fs type="struct" xmlns="http://www.tei-c.org/ns/1.0">
        <f name="name">text</f>
      </fs>
    </span>
    <span id="s1" from="0" to="394" l="2">
      <fs type="struct" xmlns="http://www.tei-c.org/ns/1.0">
        <f name="name">body</f>
      </fs>
    </span>
    <span id="s2" from="0" to="394" l="3">
      <fs type="struct" xmlns="http://www.tei-c.org/ns/1.0">
        <f name="name">div</f>
        <f name="attr">
          <fs type="attr">
            <f name="type">talk</f>
          </fs>
        </f>
      </fs>
    </span>
    <span id="s3" from="0" to="12" l="4">
      <fs type="struct" xmlns="http://www.tei-c.org/ns/1.0">
        <f name="name">head</f>
      </fs>
    </span>
    <span id="s4" from="12" to="394" l="4">
      <fs type="struct" xmlns="http://www.tei-c.org/ns/1.0">
        <f name="name">div</f>
        <f name="attr">
          <fs type="attr">
            <f name="id">i.10894_1</f>
            <f name="type">thread</f>
          </fs>
        </f>
      </fs>
    </span>
    <span id="s5" from="12" to="12" l="5">
      <fs type="struct" xmlns="http://www.tei-c.org/ns/1.0">
        <f name="name">head</f>
      </fs>
    </span>
    <span id="s6" from="12" to="90" l="5">
      <fs type="struct" xmlns="http://www.tei-c.org/ns/1.0">
        <f name="name">posting</f>
        <f name="attr">
          <fs type="attr">
            <f name="id">i.10894_1_1</f>
            <f name="indentLevel">0</f>
            <f name="when-iso">2003-02-25T18:20+01</f>
            <f name="who">WU00001203</f>
          </fs>
        </f>
      </fs>
    </span>
    <span id="s7" from="13" to="90" l="6">
      <fs type="struct" xmlns="http://www.tei-c.org/ns/1.0">
        <f name="name">p</f>
      </fs>
    </span>
    <span id="s8" from="62" to="90" l="7">
      <fs type="struct" xmlns="http://www.tei-c.org/ns/1.0">
        <f name="name">autoSignature</f>
        <f name="attr">
          <fs type="attr">
            <f name="type">signed</f>
          </fs>
        </f>
      </fs>
    </span>
    <span id="s9" from="66" to="90" l="8">
      <fs type="struct" xmlns="http://www.tei-c.org/ns/1.0">
        <f name="name">timestamp</f>
      </fs>
    </span>
    <span id="s10" from="90" to="370" l="5">
      <fs type="struct" xmlns="http://www.tei-c.org/ns/1.0">
        <f name="name">posting</f>
        <f name="attr">
          <fs type="attr">
            <f name="id">i.10894_1_2</f>
            <f name="indentLevel">0</f>
            <f name="when-iso">2005-04-09T09:06+02</f>
            <f name="who">WU00003398</f>
          </fs>
        </f>
      </fs>
    </span>
    <span id="s11" from="91" to="281" l="6">
      <fs type="struct" xmlns="http://www.tei-c.org/ns/1.0">
        <f name="name">p</f>
      </fs>
    </span>
    <span id="s12" from="282" to="370" l="6">
      <fs type="struct" xmlns="http://www.tei-c.org/ns/1.0">
        <f name="name">p</f>
      </fs>
    </span>
    <span id="s13" from="341" to="370" l="7">
      <fs type="struct" xmlns="http://www.tei-c.org/ns/1.0">
        <f name="name">autoSignature</f>
        <f name="attr">
          <fs type="attr">
            <f name="type">signed</f>
          </fs>
        </f>
      </fs>
    </span>
    <span id="s14" from="345" to="370" l="8">
      <fs type="struct" xmlns="http://www.tei-c.org/ns/1.0">
        <f name="name">timestamp</f>
      </fs>
    </span>
    <span id="s15" from="370" to="394" l="5">
      <fs type="struct" xmlns="http://www.tei-c.org/ns/1.0">
        <f name="name">posting</f>
        <f name="attr">
          <fs type="attr">
            <f name="id">i.10894_1_3</f>
            <f name="indentLevel">0</f>
            <f name="who">WU00000000</f>
          </fs>
        </f>
      </fs>
    </span>
    <span id="s16" from="371" to="394" l="6">
      <fs type="struct" xmlns="http://www.tei-c.org/ns/1.0">
        <f name="name">p</f>
      </fs>
    </span>
    <span id="s17" from="0" to="61" l="-1">
      <fs type="struct" xmlns="http://www.tei-c.org/ns/1.0">
        <f name="name">s</f>
      </fs>
    </span>
    <span id="s18" from="62" to="178" l="-1">
      <fs type="struct" xmlns="http://www.tei-c.org/ns/1.0">
        <f name="name">s</f>
      </fs>
    </span>
    <span id="s19" from="179" to="224" l="-1">
      <fs type="struct" xmlns="http://www.tei-c.org/ns/1.0">
        <f name="name">s</f>
      </fs>
    </span>
    <span id="s20" from="225" to="281" l="-1">
      <fs type="struct" xmlns="http://www.tei-c.org/ns/1.0">
        <f name="name">s</f>
      </fs>
    </span>
    <span id="s21" from="283" to="340" l="-1">
      <fs type="struct" xmlns="http://www.tei-c.org/ns/1.0">
        <f name="name">s</f>
      </fs>
    </span>
    <span id="s22" from="341" to="394" l="-1">
      <fs type="struct" xmlns="http://www.tei-c.org/ns/1.0">
        <f name="name">s</f>
      </fs>
    </span>
  </spanList>
</layer>