<?xml version="1.0" encoding="UTF-8"?>
<?xml-model href="header.rng"
            type="application/xml"
            schematypens="http://relaxng.org/ns/structure/1.0"?>
<!DOCTYPE idsCorpus PUBLIC "-//IDS//DTD IDS-XCES 1.0//EN"
          "http://corpora.ids-mannheim.de/idsxces1/DTD/ids.xcesdoc.dtd">
<idsHeader pattern="text" type="text" version="1">
        <fileDesc>
          <titleStmt>
            <textSigle>WDF19/A0000.10894</textSigle>
            <t.title assemblage="external">WDF19/A0000.10894 Discussion:Arts visuels. URL:https://fr.wikipedia.org/wiki/Discussion:Arts%20visuels . In: Wikipedia, 2019</t.title>
          </titleStmt>
          <publicationStmt>
            <distributor>French-German-English Project Comparable Wikipedia Corpora 2019;
Leibniz-Institute for the German Language and Université de Toulouse Jean Jaurès</distributor>
            <pubAddress/>
            <idno type="cmc-core-filename">10894.tei.xml</idno>
            <availability region="world" status="free">CC-BY-SA</availability>
            <pubDate type="year">2020</pubDate>
            <pubPlace>Mannheim</pubPlace>
            <pubPlace>Toulouse</pubPlace>
          </publicationStmt>
          <sourceDesc>
            <biblStruct>
              <analytic>
                <h.title type="main">Discussion:Arts visuels</h.title>
                <h.author>Nitnek5091 et al.</h.author>
                <imprint>
                  <pubPlace>
                    <ref target="https://fr.wikipedia.org/wiki/Discussion:Arts%20visuels" type="page_url"/>
                  </pubPlace>
                </imprint>
                <idno type="wikipedia-id">10894</idno>
              </analytic>
              <monogr>
                <h.title>Wikipedia</h.title>
                <edition>
                  <further/>
                  <kind>French language version</kind>
                  <appearance/>
                </edition>
                <imprint>
                  <publisher>Wikimedia Foundation, Inc</publisher>
                  <pubPlace>
                    <ref target="https://wikipedia.org/"/>
                  </pubPlace>
                </imprint>
              </monogr>
              <monogr>
                <h.title>frwiki-20190801-pages-meta-current</h.title>
                <edition>
                  <further/>
                  <kind>Dump file</kind>
                  <appearance/>
                </edition>
                <imprint>
                  <publisher>Wikimedia Foundation, Inc</publisher>
                  <pubPlace>
                    <ref target="http://dumps.wikimedia.org"/>
                  </pubPlace>
                  <pubDate type="year">2019</pubDate>
                  <pubDate type="month">08</pubDate>
                  <pubDate type="day">01</pubDate>
                </imprint>
                <idno type="dump-filename">frwiki-20190801-pages-meta-current</idno>
              </monogr>
              <relatedItem type="articleLink">
                <ref n="2106030" target="https://fr.wikipedia.org/wiki/Arts%20Visuels" targetLang="fr">Arts Visuels</ref>
              </relatedItem>
              <relatedItem type="articleTextSigle">
                <ref type="derekoTextSigle">WPF19/A0021.06030</ref>
              </relatedItem>
            </biblStruct>
            <reference assemblage="non-automatic" type="complete">WDF19/A0000.10894 Wikipedia: Discussion:Arts visuels. URL: https://fr.wikipedia.org/wiki/Discussion:Arts%20visuels (Letzte Änderung 28.8.2014). In: Wikipedia, Die freie Enzyklopädie - Dump vom 1.8.2019</reference>
            <reference assemblage="regular" type="short">WDF19/A0000.10894 Wikipedia: Discussion:Arts visuels, (Letzte Änderung 28.8.2014), 2019</reference>
          </sourceDesc>
        </fileDesc>
        <profileDesc>
          <creation>
            <creatDate>2014.08.28</creatDate>
            <creatRef>(Letzte Änderung 28.8.2014)</creatRef>
            <creatRefShort>(Letzte Änderung 28.8.2014)</creatRefShort>
          </creation>
          <textClass>
            <h.keywords>
              <keyTerm>Histoire de l'art</keyTerm>
              <keyTerm>Sélection transversale</keyTerm>
            </h.keywords>
            <classCode scheme="https://fr.wikipedia.org/wiki/Projet:Évaluation">
              <ref target="https://fr.wikipedia.org/wiki/Catégorie:Article_d%27avancement_ébauche" targetLang="fr">ébauche</ref>
            </classCode>
          </textClass>
          <textDesc>
            <textType>Diskussion</textType>
            <textTypeArt>Diskussion</textTypeArt>
            <textDomain/>
          </textDesc>
        </profileDesc>
      </idsHeader>