<?xml version="1.0" encoding="UTF-8"?>
<?xml-model href="span.rng"
            type="application/xml"
            schematypens="http://relaxng.org/ns/structure/1.0"?>
<layer docid="WDF19_A0000.13072"
       xmlns="http://ids-mannheim.de/ns/KorAP"
       version="KorAP-0.4">
  <spanList>
    <span id="s0" from="0" to="283" l="1">
      <fs type="struct" xmlns="http://www.tei-c.org/ns/1.0">
        <f name="name">text</f>
      </fs>
    </span>
    <span id="s1" from="0" to="283" l="2">
      <fs type="struct" xmlns="http://www.tei-c.org/ns/1.0">
        <f name="name">body</f>
      </fs>
    </span>
    <span id="s2" from="0" to="283" l="3">
      <fs type="struct" xmlns="http://www.tei-c.org/ns/1.0">
        <f name="name">div</f>
        <f name="attr">
          <fs type="attr">
            <f name="type">talk</f>
          </fs>
        </f>
      </fs>
    </span>
    <span id="s3" from="0" to="12" l="4">
      <fs type="struct" xmlns="http://www.tei-c.org/ns/1.0">
        <f name="name">head</f>
      </fs>
    </span>
    <span id="s4" from="12" to="283" l="4">
      <fs type="struct" xmlns="http://www.tei-c.org/ns/1.0">
        <f name="name">div</f>
        <f name="attr">
          <fs type="attr">
            <f name="id">i.13072_1</f>
            <f name="type">thread</f>
          </fs>
        </f>
      </fs>
    </span>
    <span id="s5" from="12" to="12" l="5">
      <fs type="struct" xmlns="http://www.tei-c.org/ns/1.0">
        <f name="name">head</f>
      </fs>
    </span>
    <span id="s6" from="12" to="217" l="5">
      <fs type="struct" xmlns="http://www.tei-c.org/ns/1.0">
        <f name="name">posting</f>
        <f name="attr">
          <fs type="attr">
            <f name="id">i.13072_1_1</f>
            <f name="indentLevel">0</f>
            <f name="when-iso">2007-04-20T21:26+02</f>
            <f name="who">WU00003736</f>
          </fs>
        </f>
      </fs>
    </span>
    <span id="s7" from="13" to="74" l="6">
      <fs type="struct" xmlns="http://www.tei-c.org/ns/1.0">
        <f name="name">p</f>
      </fs>
    </span>
    <span id="s8" from="75" to="217" l="6">
      <fs type="struct" xmlns="http://www.tei-c.org/ns/1.0">
        <f name="name">p</f>
      </fs>
    </span>
    <span id="s9" from="179" to="217" l="7">
      <fs type="struct" xmlns="http://www.tei-c.org/ns/1.0">
        <f name="name">autoSignature</f>
        <f name="attr">
          <fs type="attr">
            <f name="type">signed</f>
          </fs>
        </f>
      </fs>
    </span>
    <span id="s10" from="189" to="217" l="8">
      <fs type="struct" xmlns="http://www.tei-c.org/ns/1.0">
        <f name="name">timestamp</f>
      </fs>
    </span>
    <span id="s11" from="217" to="283" l="5">
      <fs type="struct" xmlns="http://www.tei-c.org/ns/1.0">
        <f name="name">posting</f>
        <f name="attr">
          <fs type="attr">
            <f name="id">i.13072_1_2</f>
            <f name="indentLevel">1</f>
            <f name="when-iso">2007-07-18T10:00+02</f>
            <f name="who">WU00000330</f>
          </fs>
        </f>
      </fs>
    </span>
    <span id="s12" from="218" to="283" l="6">
      <fs type="struct" xmlns="http://www.tei-c.org/ns/1.0">
        <f name="name">p</f>
      </fs>
    </span>
    <span id="s13" from="244" to="283" l="7">
      <fs type="struct" xmlns="http://www.tei-c.org/ns/1.0">
        <f name="name">autoSignature</f>
        <f name="attr">
          <fs type="attr">
            <f name="type">signed</f>
          </fs>
        </f>
      </fs>
    </span>
    <span id="s14" from="253" to="283" l="8">
      <fs type="struct" xmlns="http://www.tei-c.org/ns/1.0">
        <f name="name">timestamp</f>
      </fs>
    </span>
    <span id="s15" from="0" to="74" l="-1">
      <fs type="struct" xmlns="http://www.tei-c.org/ns/1.0">
        <f name="name">s</f>
      </fs>
    </span>
    <span id="s16" from="76" to="179" l="-1">
      <fs type="struct" xmlns="http://www.tei-c.org/ns/1.0">
        <f name="name">s</f>
      </fs>
    </span>
    <span id="s17" from="179" to="243" l="-1">
      <fs type="struct" xmlns="http://www.tei-c.org/ns/1.0">
        <f name="name">s</f>
      </fs>
    </span>
    <span id="s18" from="244" to="283" l="-1">
      <fs type="struct" xmlns="http://www.tei-c.org/ns/1.0">
        <f name="name">s</f>
      </fs>
    </span>
  </spanList>
</layer>