<?xml version="1.0" encoding="UTF-8"?>
<?xml-model href="span.rng"
            type="application/xml"
            schematypens="http://relaxng.org/ns/structure/1.0"?>
<layer docid="WDF19_A0000.12690"
       xmlns="http://ids-mannheim.de/ns/KorAP"
       version="KorAP-0.4">
  <spanList>
    <span id="t_0" from="0" to="10" />
    <span id="t_1" from="11" to="19" />
    <span id="t_2" from="21" to="30" />
    <span id="t_3" from="30" to="31" />
    <span id="t_4" from="32" to="33" />
    <span id="t_5" from="33" to="34" />
    <span id="t_6" from="34" to="42" />
    <span id="t_7" from="43" to="51" />
    <span id="t_8" from="52" to="54" />
    <span id="t_9" from="55" to="62" />
    <span id="t_10" from="62" to="63" />
    <span id="t_11" from="63" to="64" />
    <span id="t_12" from="65" to="66" />
    <span id="t_13" from="67" to="71" />
    <span id="t_14" from="72" to="74" />
    <span id="t_15" from="75" to="81" />
    <span id="t_16" from="82" to="85" />
    <span id="t_17" from="86" to="91" />
    <span id="t_18" from="92" to="99" />
    <span id="t_19" from="100" to="106" />
    <span id="t_20" from="107" to="108" />
    <span id="t_21" from="109" to="112" />
    <span id="t_22" from="113" to="121" />
    <span id="t_23" from="121" to="122" />
    <span id="t_24" from="123" to="133" />
    <span id="t_25" from="133" to="134" />
    <span id="t_26" from="135" to="137" />
    <span id="t_27" from="138" to="141" />
    <span id="t_28" from="142" to="146" />
    <span id="t_29" from="147" to="149" />
    <span id="t_30" from="150" to="155" />
    <span id="t_31" from="156" to="159" />
    <span id="t_32" from="160" to="164" />
    <span id="t_33" from="165" to="167" />
    <span id="t_34" from="168" to="172" />
    <span id="t_35" from="173" to="179" />
    <span id="t_36" from="180" to="181" />
    <span id="t_37" from="181" to="189" />
    <span id="t_38" from="189" to="190" />
    <span id="t_39" from="190" to="191" />
    <span id="t_40" from="192" to="195" />
    <span id="t_41" from="195" to="196" />
    <span id="t_42" from="197" to="201" />
    <span id="t_43" from="202" to="210" />
    <span id="t_44" from="211" to="220" />
    <span id="t_45" from="221" to="223" />
    <span id="t_46" from="224" to="231" />
    <span id="t_47" from="231" to="232" />
    <span id="t_48" from="233" to="243" />
    <span id="t_49" from="243" to="244" />
    <span id="t_50" from="245" to="253" />
    <span id="t_51" from="254" to="257" />
    <span id="t_52" from="258" to="264" />
    <span id="t_53" from="265" to="269" />
    <span id="t_54" from="270" to="271" />
    <span id="t_55" from="272" to="274" />
    <span id="t_56" from="275" to="282" />
    <span id="t_57" from="283" to="284" />
    <span id="t_58" from="285" to="288" />
    <span id="t_59" from="289" to="301" />
    <span id="t_60" from="302" to="315" />
    <span id="t_61" from="316" to="317" />
    <span id="t_62" from="318" to="322" />
    <span id="t_63" from="323" to="324" />
    <span id="t_64" from="325" to="329" />
    <span id="t_65" from="330" to="337" />
    <span id="t_66" from="338" to="340" />
    <span id="t_67" from="341" to="347" />
    <span id="t_68" from="347" to="348" />
    <span id="t_69" from="349" to="351" />
    <span id="t_70" from="352" to="363" />
    <span id="t_71" from="364" to="366" />
    <span id="t_72" from="367" to="378" />
    <span id="t_73" from="379" to="380" />
    <span id="t_74" from="380" to="388" />
    <span id="t_75" from="389" to="391" />
    <span id="t_76" from="392" to="399" />
    <span id="t_77" from="399" to="400" />
    <span id="t_78" from="400" to="401" />
    <span id="t_79" from="402" to="408" />
    <span id="t_80" from="410" to="411" />
    <span id="t_81" from="412" to="415" />
    <span id="t_82" from="415" to="416" />
    <span id="t_83" from="417" to="423" />
    <span id="t_84" from="424" to="428" />
    <span id="t_85" from="429" to="431" />
    <span id="t_86" from="432" to="438" />
    <span id="t_87" from="438" to="439" />
    <span id="t_88" from="439" to="445" />
    <span id="t_89" from="445" to="446" />
    <span id="t_90" from="447" to="449" />
    <span id="t_91" from="450" to="454" />
    <span id="t_92" from="454" to="455" />
    <span id="t_93" from="456" to="458" />
    <span id="t_94" from="459" to="467" />
    <span id="t_95" from="468" to="471" />
    <span id="t_96" from="472" to="480" />
    <span id="t_97" from="480" to="481" />
    <span id="t_98" from="482" to="486" />
    <span id="t_99" from="487" to="497" />
    <span id="t_100" from="498" to="502" />
    <span id="t_101" from="503" to="512" />
    <span id="t_102" from="513" to="515" />
    <span id="t_103" from="516" to="521" />
    <span id="t_104" from="521" to="522" />
    <span id="t_105" from="523" to="528" />
    <span id="t_106" from="529" to="532" />
    <span id="t_107" from="533" to="535" />
    <span id="t_108" from="536" to="539" />
    <span id="t_109" from="540" to="541" />
    <span id="t_110" from="541" to="554" />
    <span id="t_111" from="554" to="555" />
    <span id="t_112" from="555" to="556" />
    <span id="t_113" from="558" to="560" />
    <span id="t_114" from="561" to="570" />
    <span id="t_115" from="571" to="574" />
    <span id="t_116" from="575" to="583" />
    <span id="t_117" from="584" to="594" />
    <span id="t_118" from="595" to="597" />
    <span id="t_119" from="598" to="603" />
    <span id="t_120" from="604" to="608" />
    <span id="t_121" from="609" to="620" />
    <span id="t_122" from="621" to="623" />
    <span id="t_123" from="624" to="637" />
    <span id="t_124" from="637" to="638" />
    <span id="t_125" from="639" to="640" />
    <span id="t_126" from="641" to="647" />
    <span id="t_127" from="647" to="648" />
    <span id="t_128" from="649" to="652" />
    <span id="t_129" from="653" to="663" />
    <span id="t_130" from="664" to="665" />
    <span id="t_131" from="666" to="674" />
    <span id="t_132" from="675" to="680" />
    <span id="t_133" from="681" to="684" />
    <span id="t_134" from="685" to="690" />
    <span id="t_135" from="691" to="694" />
    <span id="t_136" from="695" to="698" />
    <span id="t_137" from="699" to="705" />
    <span id="t_138" from="706" to="708" />
    <span id="t_139" from="709" to="717" />
    <span id="t_140" from="718" to="720" />
    <span id="t_141" from="721" to="724" />
    <span id="t_142" from="725" to="732" />
    <span id="t_143" from="733" to="734" />
    <span id="t_144" from="734" to="735" />
    <span id="t_145" from="735" to="745" />
    <span id="t_146" from="745" to="746" />
    <span id="t_147" from="746" to="747" />
    <span id="t_148" from="747" to="748" />
    <span id="t_149" from="749" to="759" />
    <span id="t_150" from="760" to="773" />
    <span id="t_151" from="775" to="783" />
    <span id="t_152" from="784" to="787" />
    <span id="t_153" from="788" to="789" />
    <span id="t_154" from="790" to="794" />
    <span id="t_155" from="795" to="799" />
    <span id="t_156" from="800" to="802" />
    <span id="t_157" from="803" to="810" />
    <span id="t_158" from="811" to="814" />
    <span id="t_159" from="815" to="827" />
    <span id="t_160" from="828" to="841" />
    <span id="t_161" from="841" to="842" />
    <span id="t_162" from="843" to="847" />
    <span id="t_163" from="848" to="852" />
    <span id="t_164" from="853" to="861" />
    <span id="t_165" from="862" to="866" />
    <span id="t_166" from="867" to="871" />
    <span id="t_167" from="872" to="878" />
    <span id="t_168" from="878" to="879" />
    <span id="t_169" from="880" to="883" />
    <span id="t_170" from="884" to="885" />
    <span id="t_171" from="886" to="894" />
    <span id="t_172" from="895" to="897" />
    <span id="t_173" from="898" to="906" />
    <span id="t_174" from="907" to="911" />
    <span id="t_175" from="912" to="913" />
    <span id="t_176" from="914" to="919" />
    <span id="t_177" from="920" to="921" />
    <span id="t_178" from="921" to="924" />
    <span id="t_179" from="924" to="925" />
    <span id="t_180" from="926" to="936" />
    <span id="t_181" from="937" to="941" />
    <span id="t_182" from="942" to="944" />
    <span id="t_183" from="945" to="949" />
    <span id="t_184" from="950" to="959" />
    <span id="t_185" from="960" to="962" />
    <span id="t_186" from="963" to="968" />
    <span id="t_187" from="968" to="970" />
    <span id="t_188" from="972" to="981" />
    <span id="t_189" from="982" to="990" />
    <span id="t_190" from="991" to="994" />
    <span id="t_191" from="995" to="1000" />
    <span id="t_192" from="1001" to="1011" />
    <span id="t_193" from="1012" to="1014" />
    <span id="t_194" from="1015" to="1018" />
    <span id="t_195" from="1019" to="1022" />
    <span id="t_196" from="1023" to="1025" />
    <span id="t_197" from="1025" to="1026" />
    <span id="t_198" from="1026" to="1028" />
    <span id="t_199" from="1029" to="1031" />
    <span id="t_200" from="1032" to="1038" />
    <span id="t_201" from="1039" to="1048" />
    <span id="t_202" from="1049" to="1058" />
    <span id="t_203" from="1059" to="1061" />
    <span id="t_204" from="1062" to="1069" />
    <span id="t_205" from="1070" to="1072" />
    <span id="t_206" from="1073" to="1076" />
    <span id="t_207" from="1077" to="1079" />
    <span id="t_208" from="1080" to="1081" />
    <span id="t_209" from="1082" to="1090" />
    <span id="t_210" from="1091" to="1092" />
    <span id="t_211" from="1092" to="1093" />
    <span id="t_212" from="1094" to="1100" />
    <span id="t_213" from="1101" to="1104" />
    <span id="t_214" from="1105" to="1118" />
    <span id="t_215" from="1119" to="1125" />
    <span id="t_216" from="1126" to="1127" />
    <span id="t_217" from="1128" to="1131" />
    <span id="t_218" from="1132" to="1135" />
    <span id="t_219" from="1136" to="1138" />
    <span id="t_220" from="1138" to="1139" />
    <span id="t_221" from="1139" to="1141" />
    <span id="t_222" from="1142" to="1147" />
    <span id="t_223" from="1148" to="1150" />
    <span id="t_224" from="1151" to="1161" />
    <span id="t_225" from="1162" to="1163" />
    <span id="t_226" from="1164" to="1172" />
    <span id="t_227" from="1173" to="1176" />
    <span id="t_228" from="1177" to="1183" />
    <span id="t_229" from="1184" to="1189" />
    <span id="t_230" from="1190" to="1195" />
    <span id="t_231" from="1196" to="1198" />
    <span id="t_232" from="1199" to="1202" />
    <span id="t_233" from="1203" to="1217" />
    <span id="t_234" from="1218" to="1220" />
    <span id="t_235" from="1221" to="1233" />
    <span id="t_236" from="1234" to="1246" />
    <span id="t_237" from="1247" to="1252" />
    <span id="t_238" from="1252" to="1253" />
    <span id="t_239" from="1253" to="1264" />
    <span id="t_240" from="1265" to="1270" />
    <span id="t_241" from="1271" to="1276" />
    <span id="t_242" from="1277" to="1284" />
    <span id="t_243" from="1285" to="1288" />
    <span id="t_244" from="1289" to="1298" />
    <span id="t_245" from="1299" to="1309" />
    <span id="t_246" from="1310" to="1312" />
    <span id="t_247" from="1313" to="1318" />
    <span id="t_248" from="1319" to="1321" />
    <span id="t_249" from="1322" to="1330" />
    <span id="t_250" from="1331" to="1345" />
    <span id="t_251" from="1346" to="1349" />
    <span id="t_252" from="1350" to="1352" />
    <span id="t_253" from="1353" to="1357" />
    <span id="t_254" from="1358" to="1360" />
    <span id="t_255" from="1361" to="1369" />
    <span id="t_256" from="1370" to="1374" />
    <span id="t_257" from="1375" to="1387" />
    <span id="t_258" from="1387" to="1388" />
    <span id="t_259" from="1389" to="1391" />
    <span id="t_260" from="1392" to="1396" />
    <span id="t_261" from="1397" to="1400" />
    <span id="t_262" from="1401" to="1407" />
    <span id="t_263" from="1408" to="1418" />
    <span id="t_264" from="1419" to="1426" />
    <span id="t_265" from="1427" to="1430" />
    <span id="t_266" from="1431" to="1436" />
    <span id="t_267" from="1437" to="1447" />
    <span id="t_268" from="1448" to="1453" />
    <span id="t_269" from="1454" to="1458" />
    <span id="t_270" from="1459" to="1463" />
    <span id="t_271" from="1464" to="1467" />
    <span id="t_272" from="1468" to="1470" />
    <span id="t_273" from="1471" to="1475" />
    <span id="t_274" from="1476" to="1480" />
    <span id="t_275" from="1481" to="1488" />
    <span id="t_276" from="1489" to="1492" />
    <span id="t_277" from="1493" to="1497" />
    <span id="t_278" from="1498" to="1500" />
    <span id="t_279" from="1502" to="1512" />
    <span id="t_280" from="1512" to="1513" />
    <span id="t_281" from="1514" to="1521" />
    <span id="t_282" from="1522" to="1523" />
    <span id="t_283" from="1524" to="1527" />
    <span id="t_284" from="1528" to="1532" />
    <span id="t_285" from="1533" to="1534" />
    <span id="t_286" from="1535" to="1540" />
    <span id="t_287" from="1541" to="1542" />
    <span id="t_288" from="1542" to="1546" />
    <span id="t_289" from="1546" to="1547" />
    <span id="t_290" from="1548" to="1550" />
    <span id="t_291" from="1551" to="1555" />
    <span id="t_292" from="1556" to="1560" />
    <span id="t_293" from="1561" to="1564" />
    <span id="t_294" from="1566" to="1568" />
    <span id="t_295" from="1569" to="1601" />
    <span id="t_296" from="1602" to="1603" />
    <span id="t_297" from="1604" to="1606" />
    <span id="t_298" from="1607" to="1615" />
    <span id="t_299" from="1616" to="1617" />
    <span id="t_300" from="1617" to="1624" />
    <span id="t_301" from="1624" to="1625" />
    <span id="t_302" from="1626" to="1635" />
    <span id="t_303" from="1636" to="1639" />
    <span id="t_304" from="1640" to="1641" />
    <span id="t_305" from="1642" to="1643" />
    <span id="t_306" from="1643" to="1645" />
    <span id="t_307" from="1646" to="1654" />
    <span id="t_308" from="1655" to="1659" />
    <span id="t_309" from="1660" to="1667" />
    <span id="t_310" from="1668" to="1670" />
    <span id="t_311" from="1671" to="1676" />
    <span id="t_312" from="1677" to="1684" />
    <span id="t_313" from="1685" to="1693" />
    <span id="t_314" from="1694" to="1696" />
    <span id="t_315" from="1697" to="1705" />
    <span id="t_316" from="1706" to="1709" />
    <span id="t_317" from="1710" to="1719" />
    <span id="t_318" from="1720" to="1722" />
    <span id="t_319" from="1723" to="1731" />
    <span id="t_320" from="1732" to="1740" />
    <span id="t_321" from="1740" to="1741" />
    <span id="t_322" from="1742" to="1743" />
    <span id="t_323" from="1744" to="1745" />
    <span id="t_324" from="1746" to="1748" />
    <span id="t_325" from="1749" to="1754" />
    <span id="t_326" from="1755" to="1758" />
    <span id="t_327" from="1759" to="1762" />
    <span id="t_328" from="1763" to="1773" />
    <span id="t_329" from="1773" to="1774" />
    <span id="t_330" from="1775" to="1779" />
    <span id="t_331" from="1780" to="1782" />
    <span id="t_332" from="1783" to="1786" />
    <span id="t_333" from="1787" to="1795" />
    <span id="t_334" from="1796" to="1804" />
    <span id="t_335" from="1805" to="1807" />
    <span id="t_336" from="1808" to="1817" />
    <span id="t_337" from="1818" to="1819" />
    <span id="t_338" from="1820" to="1829" />
    <span id="t_339" from="1830" to="1831" />
    <span id="t_340" from="1832" to="1835" />
    <span id="t_341" from="1836" to="1840" />
    <span id="t_342" from="1841" to="1842" />
    <span id="t_343" from="1843" to="1848" />
    <span id="t_344" from="1849" to="1850" />
    <span id="t_345" from="1850" to="1854" />
    <span id="t_346" from="1854" to="1855" />
    <span id="t_347" from="1856" to="1861" />
    <span id="t_348" from="1861" to="1862" />
    <span id="t_349" from="1863" to="1864" />
    <span id="t_350" from="1864" to="1865" />
    <span id="t_351" from="1866" to="1868" />
    <span id="t_352" from="1869" to="1874" />
    <span id="t_353" from="1874" to="1875" />
    <span id="t_354" from="1876" to="1884" />
    <span id="t_355" from="1885" to="1887" />
    <span id="t_356" from="1888" to="1893" />
    <span id="t_357" from="1894" to="1898" />
    <span id="t_358" from="1899" to="1908" />
    <span id="t_359" from="1909" to="1913" />
    <span id="t_360" from="1914" to="1916" />
    <span id="t_361" from="1917" to="1924" />
    <span id="t_362" from="1925" to="1927" />
    <span id="t_363" from="1928" to="1937" />
    <span id="t_364" from="1937" to="1940" />
    <span id="t_365" from="1941" to="1948" />
    <span id="t_366" from="1949" to="1950" />
    <span id="t_367" from="1951" to="1954" />
    <span id="t_368" from="1955" to="1959" />
    <span id="t_369" from="1960" to="1961" />
    <span id="t_370" from="1962" to="1967" />
    <span id="t_371" from="1968" to="1969" />
    <span id="t_372" from="1969" to="1973" />
    <span id="t_373" from="1973" to="1974" />
    <span id="t_374" from="1975" to="1983" />
    <span id="t_375" from="1985" to="1991" />
    <span id="t_376" from="1992" to="2000" />
    <span id="t_377" from="2001" to="2009" />
    <span id="t_378" from="2010" to="2016" />
    <span id="t_379" from="2017" to="2019" />
    <span id="t_380" from="2019" to="2020" />
    <span id="t_381" from="2020" to="2024" />
    <span id="t_382" from="2025" to="2031" />
    <span id="t_383" from="2032" to="2036" />
    <span id="t_384" from="2036" to="2037" />
    <span id="t_385" from="2038" to="2039" />
    <span id="t_386" from="2039" to="2046" />
    <span id="t_387" from="2046" to="2047" />
    <span id="t_388" from="2047" to="2048" />
    <span id="t_389" from="2049" to="2056" />
    <span id="t_390" from="2058" to="2059" />
    <span id="t_391" from="2061" to="2063" />
    <span id="t_392" from="2064" to="2073" />
    <span id="t_393" from="2074" to="2078" />
    <span id="t_394" from="2079" to="2080" />
    <span id="t_395" from="2081" to="2086" />
    <span id="t_396" from="2087" to="2088" />
    <span id="t_397" from="2088" to="2092" />
    <span id="t_398" from="2092" to="2093" />
    <span id="t_399" from="2094" to="2095" />
    <span id="t_400" from="2096" to="2105" />
    <span id="t_401" from="2105" to="2108" />
    <span id="t_402" from="2110" to="2112" />
    <span id="t_403" from="2113" to="2114" />
    <span id="t_404" from="2115" to="2121" />
    <span id="t_405" from="2122" to="2130" />
    <span id="t_406" from="2131" to="2132" />
    <span id="t_407" from="2133" to="2138" />
    <span id="t_408" from="2139" to="2143" />
    <span id="t_409" from="2144" to="2153" />
    <span id="t_410" from="2154" to="2156" />
    <span id="t_411" from="2157" to="2163" />
    <span id="t_412" from="2164" to="2173" />
    <span id="t_413" from="2174" to="2176" />
    <span id="t_414" from="2177" to="2186" />
    <span id="t_415" from="2186" to="2187" />
    <span id="t_416" from="2189" to="2198" />
    <span id="t_417" from="2199" to="2202" />
    <span id="t_418" from="2203" to="2204" />
    <span id="t_419" from="2204" to="2211" />
    <span id="t_420" from="2211" to="2212" />
    <span id="t_421" from="2213" to="2214" />
    <span id="t_422" from="2214" to="2222" />
    <span id="t_423" from="2223" to="2229" />
    <span id="t_424" from="2230" to="2236" />
    <span id="t_425" from="2237" to="2239" />
    <span id="t_426" from="2240" to="2248" />
    <span id="t_427" from="2249" to="2257" />
    <span id="t_428" from="2258" to="2260" />
    <span id="t_429" from="2261" to="2263" />
    <span id="t_430" from="2263" to="2264" />
    <span id="t_431" from="2265" to="2270" />
    <span id="t_432" from="2271" to="2273" />
    <span id="t_433" from="2274" to="2276" />
    <span id="t_434" from="2277" to="2280" />
    <span id="t_435" from="2281" to="2283" />
    <span id="t_436" from="2283" to="2285" />
    <span id="t_437" from="2287" to="2289" />
    <span id="t_438" from="2290" to="2298" />
    <span id="t_439" from="2299" to="2304" />
    <span id="t_440" from="2305" to="2319" />
    <span id="t_441" from="2320" to="2322" />
    <span id="t_442" from="2323" to="2326" />
    <span id="t_443" from="2327" to="2329" />
    <span id="t_444" from="2330" to="2335" />
    <span id="t_445" from="2336" to="2338" />
    <span id="t_446" from="2339" to="2341" />
    <span id="t_447" from="2342" to="2343" />
    <span id="t_448" from="2343" to="2355" />
    <span id="t_449" from="2355" to="2356" />
    <span id="t_450" from="2356" to="2357" />
    <span id="t_451" from="2358" to="2360" />
    <span id="t_452" from="2361" to="2365" />
    <span id="t_453" from="2366" to="2368" />
    <span id="t_454" from="2369" to="2375" />
    <span id="t_455" from="2376" to="2389" />
    <span id="t_456" from="2389" to="2390" />
    <span id="t_457" from="2391" to="2401" />
    <span id="t_458" from="2402" to="2404" />
    <span id="t_459" from="2405" to="2410" />
    <span id="t_460" from="2411" to="2413" />
    <span id="t_461" from="2414" to="2417" />
    <span id="t_462" from="2418" to="2427" />
    <span id="t_463" from="2427" to="2428" />
    <span id="t_464" from="2429" to="2431" />
    <span id="t_465" from="2432" to="2437" />
    <span id="t_466" from="2438" to="2443" />
    <span id="t_467" from="2444" to="2453" />
    <span id="t_468" from="2453" to="2454" />
    <span id="t_469" from="2455" to="2457" />
    <span id="t_470" from="2458" to="2462" />
    <span id="t_471" from="2463" to="2467" />
    <span id="t_472" from="2468" to="2471" />
    <span id="t_473" from="2472" to="2474" />
    <span id="t_474" from="2475" to="2480" />
    <span id="t_475" from="2481" to="2487" />
    <span id="t_476" from="2487" to="2488" />
    <span id="t_477" from="2490" to="2492" />
    <span id="t_478" from="2493" to="2500" />
    <span id="t_479" from="2501" to="2502" />
    <span id="t_480" from="2503" to="2506" />
    <span id="t_481" from="2507" to="2511" />
    <span id="t_482" from="2512" to="2515" />
    <span id="t_483" from="2516" to="2520" />
    <span id="t_484" from="2521" to="2527" />
    <span id="t_485" from="2528" to="2529" />
    <span id="t_486" from="2530" to="2536" />
    <span id="t_487" from="2537" to="2540" />
    <span id="t_488" from="2541" to="2549" />
    <span id="t_489" from="2550" to="2556" />
    <span id="t_490" from="2557" to="2560" />
    <span id="t_491" from="2561" to="2569" />
    <span id="t_492" from="2570" to="2574" />
    <span id="t_493" from="2575" to="2578" />
    <span id="t_494" from="2579" to="2583" />
    <span id="t_495" from="2584" to="2591" />
    <span id="t_496" from="2592" to="2593" />
    <span id="t_497" from="2594" to="2645" />
    <span id="t_498" from="2647" to="2649" />
    <span id="t_499" from="2650" to="2654" />
    <span id="t_500" from="2655" to="2658" />
    <span id="t_501" from="2659" to="2663" />
    <span id="t_502" from="2664" to="2673" />
    <span id="t_503" from="2674" to="2676" />
    <span id="t_504" from="2677" to="2682" />
    <span id="t_505" from="2683" to="2685" />
    <span id="t_506" from="2686" to="2691" />
    <span id="t_507" from="2692" to="2694" />
    <span id="t_508" from="2695" to="2702" />
    <span id="t_509" from="2702" to="2705" />
    <span id="t_510" from="2707" to="2708" />
    <span id="t_511" from="2709" to="2712" />
    <span id="t_512" from="2713" to="2715" />
    <span id="t_513" from="2716" to="2720" />
    <span id="t_514" from="2721" to="2722" />
    <span id="t_515" from="2723" to="2725" />
    <span id="t_516" from="2726" to="2734" />
    <span id="t_517" from="2735" to="2739" />
    <span id="t_518" from="2740" to="2741" />
    <span id="t_519" from="2742" to="2744" />
    <span id="t_520" from="2744" to="2745" />
    <span id="t_521" from="2745" to="2747" />
    <span id="t_522" from="2748" to="2749" />
    <span id="t_523" from="2749" to="2752" />
    <span id="t_524" from="2752" to="2753" />
    <span id="t_525" from="2754" to="2756" />
    <span id="t_526" from="2756" to="2758" />
    <span id="t_527" from="2759" to="2764" />
    <span id="t_528" from="2765" to="2773" />
    <span id="t_529" from="2774" to="2778" />
    <span id="t_530" from="2779" to="2782" />
    <span id="t_531" from="2783" to="2794" />
    <span id="t_532" from="2796" to="2798" />
    <span id="t_533" from="2799" to="2803" />
    <span id="t_534" from="2804" to="2813" />
    <span id="t_535" from="2814" to="2818" />
    <span id="t_536" from="2819" to="2821" />
    <span id="t_537" from="2822" to="2829" />
    <span id="t_538" from="2830" to="2836" />
    <span id="t_539" from="2837" to="2841" />
    <span id="t_540" from="2842" to="2849" />
    <span id="t_541" from="2850" to="2852" />
    <span id="t_542" from="2853" to="2858" />
    <span id="t_543" from="2858" to="2859" />
    <span id="t_544" from="2860" to="2864" />
    <span id="t_545" from="2865" to="2867" />
    <span id="t_546" from="2868" to="2872" />
    <span id="t_547" from="2873" to="2875" />
    <span id="t_548" from="2876" to="2878" />
    <span id="t_549" from="2879" to="2883" />
    <span id="t_550" from="2883" to="2884" />
    <span id="t_551" from="2885" to="2887" />
    <span id="t_552" from="2888" to="2896" />
    <span id="t_553" from="2897" to="2900" />
    <span id="t_554" from="2901" to="2902" />
    <span id="t_555" from="2903" to="2912" />
    <span id="t_556" from="2913" to="2917" />
    <span id="t_557" from="2918" to="2920" />
    <span id="t_558" from="2921" to="2926" />
    <span id="t_559" from="2926" to="2927" />
    <span id="t_560" from="2928" to="2932" />
    <span id="t_561" from="2933" to="2935" />
    <span id="t_562" from="2936" to="2945" />
    <span id="t_563" from="2946" to="2948" />
    <span id="t_564" from="2949" to="2954" />
    <span id="t_565" from="2955" to="2959" />
    <span id="t_566" from="2960" to="2967" />
    <span id="t_567" from="2968" to="2975" />
    <span id="t_568" from="2976" to="2984" />
    <span id="t_569" from="2984" to="2985" />
    <span id="t_570" from="2986" to="2989" />
    <span id="t_571" from="2990" to="2994" />
    <span id="t_572" from="2995" to="3002" />
    <span id="t_573" from="3003" to="3008" />
    <span id="t_574" from="3008" to="3009" />
    <span id="t_575" from="3010" to="3021" />
    <span id="t_576" from="3022" to="3024" />
    <span id="t_577" from="3025" to="3038" />
    <span id="t_578" from="3038" to="3039" />
    <span id="t_579" from="3040" to="3042" />
    <span id="t_580" from="3043" to="3045" />
    <span id="t_581" from="3046" to="3052" />
    <span id="t_582" from="3053" to="3055" />
    <span id="t_583" from="3056" to="3058" />
    <span id="t_584" from="3059" to="3066" />
    <span id="t_585" from="3067" to="3071" />
    <span id="t_586" from="3072" to="3079" />
    <span id="t_587" from="3080" to="3085" />
    <span id="t_588" from="3086" to="3088" />
    <span id="t_589" from="3089" to="3093" />
    <span id="t_590" from="3094" to="3095" />
    <span id="t_591" from="3096" to="3103" />
    <span id="t_592" from="3104" to="3106" />
    <span id="t_593" from="3107" to="3114" />
    <span id="t_594" from="3115" to="3119" />
    <span id="t_595" from="3120" to="3121" />
    <span id="t_596" from="3122" to="3127" />
    <span id="t_597" from="3128" to="3129" />
    <span id="t_598" from="3129" to="3133" />
    <span id="t_599" from="3133" to="3134" />
    <span id="t_600" from="3135" to="3138" />
    <span id="t_601" from="3138" to="3141" />
    <span id="t_602" from="3142" to="3144" />
    <span id="t_603" from="3145" to="3153" />
    <span id="t_604" from="3153" to="3156" />
    <span id="t_605" from="3157" to="3162" />
    <span id="t_606" from="3163" to="3167" />
    <span id="t_607" from="3168" to="3175" />
    <span id="t_608" from="3176" to="3179" />
    <span id="t_609" from="3180" to="3191" />
    <span id="t_610" from="3192" to="3201" />
    <span id="t_611" from="3202" to="3204" />
    <span id="t_612" from="3205" to="3209" />
    <span id="t_613" from="3209" to="3210" />
    <span id="t_614" from="3211" to="3215" />
    <span id="t_615" from="3216" to="3218" />
    <span id="t_616" from="3219" to="3224" />
    <span id="t_617" from="3225" to="3230" />
    <span id="t_618" from="3231" to="3234" />
    <span id="t_619" from="3235" to="3240" />
    <span id="t_620" from="3240" to="3241" />
    <span id="t_621" from="3242" to="3247" />
    <span id="t_622" from="3248" to="3250" />
    <span id="t_623" from="3251" to="3256" />
    <span id="t_624" from="3257" to="3262" />
    <span id="t_625" from="3263" to="3277" />
    <span id="t_626" from="3278" to="3280" />
    <span id="t_627" from="3281" to="3288" />
    <span id="t_628" from="3289" to="3293" />
    <span id="t_629" from="3294" to="3295" />
    <span id="t_630" from="3296" to="3301" />
    <span id="t_631" from="3302" to="3303" />
    <span id="t_632" from="3303" to="3307" />
    <span id="t_633" from="3307" to="3308" />
    <span id="t_634" from="3309" to="3323" />
    <span id="t_635" from="3324" to="3336" />
    <span id="t_636" from="3337" to="3338" />
    <span id="t_637" from="3339" to="3347" />
    <span id="t_638" from="3348" to="3351" />
    <span id="t_639" from="3352" to="3360" />
    <span id="t_640" from="3362" to="3364" />
    <span id="t_641" from="3365" to="3367" />
    <span id="t_642" from="3368" to="3377" />
    <span id="t_643" from="3378" to="3381" />
    <span id="t_644" from="3382" to="3384" />
    <span id="t_645" from="3385" to="3392" />
    <span id="t_646" from="3393" to="3395" />
    <span id="t_647" from="3396" to="3403" />
    <span id="t_648" from="3404" to="3414" />
    <span id="t_649" from="3415" to="3422" />
    <span id="t_650" from="3423" to="3431" />
    <span id="t_651" from="3432" to="3435" />
    <span id="t_652" from="3436" to="3450" />
    <span id="t_653" from="3451" to="3463" />
    <span id="t_654" from="3464" to="3465" />
    <span id="t_655" from="3466" to="3474" />
    <span id="t_656" from="3475" to="3478" />
    <span id="t_657" from="3479" to="3487" />
    <span id="t_658" from="3487" to="3488" />
    <span id="t_659" from="3489" to="3501" />
    <span id="t_660" from="3501" to="3502" />
    <span id="t_661" from="3503" to="3505" />
    <span id="t_662" from="3506" to="3511" />
    <span id="t_663" from="3512" to="3515" />
    <span id="t_664" from="3516" to="3518" />
    <span id="t_665" from="3519" to="3524" />
    <span id="t_666" from="3525" to="3535" />
    <span id="t_667" from="3536" to="3546" />
    <span id="t_668" from="3547" to="3550" />
    <span id="t_669" from="3551" to="3557" />
    <span id="t_670" from="3558" to="3562" />
    <span id="t_671" from="3563" to="3566" />
    <span id="t_672" from="3567" to="3575" />
    <span id="t_673" from="3575" to="3576" />
    <span id="t_674" from="3577" to="3579" />
    <span id="t_675" from="3580" to="3584" />
    <span id="t_676" from="3584" to="3585" />
    <span id="t_677" from="3586" to="3588" />
    <span id="t_678" from="3589" to="3591" />
    <span id="t_679" from="3592" to="3602" />
    <span id="t_680" from="3603" to="3606" />
    <span id="t_681" from="3607" to="3611" />
    <span id="t_682" from="3612" to="3619" />
    <span id="t_683" from="3620" to="3633" />
    <span id="t_684" from="3634" to="3636" />
    <span id="t_685" from="3637" to="3641" />
    <span id="t_686" from="3642" to="3644" />
    <span id="t_687" from="3645" to="3647" />
    <span id="t_688" from="3648" to="3652" />
    <span id="t_689" from="3652" to="3653" />
    <span id="t_690" from="3654" to="3657" />
    <span id="t_691" from="3658" to="3660" />
    <span id="t_692" from="3661" to="3663" />
    <span id="t_693" from="3664" to="3669" />
    <span id="t_694" from="3670" to="3673" />
    <span id="t_695" from="3674" to="3682" />
    <span id="t_696" from="3683" to="3686" />
    <span id="t_697" from="3687" to="3694" />
    <span id="t_698" from="3694" to="3695" />
    <span id="t_699" from="3696" to="3700" />
    <span id="t_700" from="3701" to="3704" />
    <span id="t_701" from="3705" to="3709" />
    <span id="t_702" from="3710" to="3721" />
    <span id="t_703" from="3722" to="3724" />
    <span id="t_704" from="3725" to="3728" />
    <span id="t_705" from="3729" to="3734" />
    <span id="t_706" from="3735" to="3736" />
    <span id="t_707" from="3738" to="3744" />
    <span id="t_708" from="3744" to="3745" />
    <span id="t_709" from="3746" to="3757" />
    <span id="t_710" from="3758" to="3760" />
    <span id="t_711" from="3761" to="3766" />
    <span id="t_712" from="3768" to="3770" />
    <span id="t_713" from="3771" to="3778" />
    <span id="t_714" from="3779" to="3786" />
    <span id="t_715" from="3787" to="3789" />
    <span id="t_716" from="3790" to="3799" />
    <span id="t_717" from="3800" to="3810" />
    <span id="t_718" from="3811" to="3812" />
    <span id="t_719" from="3814" to="3815" />
    <span id="t_720" from="3815" to="3817" />
    <span id="t_721" from="3818" to="3822" />
    <span id="t_722" from="3822" to="3823" />
    <span id="t_723" from="3824" to="3829" />
    <span id="t_724" from="3830" to="3833" />
    <span id="t_725" from="3834" to="3836" />
    <span id="t_726" from="3837" to="3840" />
    <span id="t_727" from="3840" to="3841" />
    <span id="t_728" from="3842" to="3851" />
    <span id="t_729" from="3852" to="3859" />
    <span id="t_730" from="3860" to="3862" />
    <span id="t_731" from="3863" to="3871" />
    <span id="t_732" from="3872" to="3884" />
    <span id="t_733" from="3885" to="3893" />
    <span id="t_734" from="3894" to="3896" />
    <span id="t_735" from="3897" to="3907" />
    <span id="t_736" from="3907" to="3908" />
    <span id="t_737" from="3909" to="3911" />
    <span id="t_738" from="3912" to="3914" />
    <span id="t_739" from="3915" to="3918" />
    <span id="t_740" from="3919" to="3927" />
    <span id="t_741" from="3928" to="3932" />
    <span id="t_742" from="3932" to="3933" />
    <span id="t_743" from="3934" to="3939" />
    <span id="t_744" from="3940" to="3941" />
    <span id="t_745" from="3941" to="3942" />
    <span id="t_746" from="3942" to="3945" />
    <span id="t_747" from="3946" to="3949" />
    <span id="t_748" from="3950" to="3960" />
    <span id="t_749" from="3961" to="3970" />
    <span id="t_750" from="3970" to="3971" />
    <span id="t_751" from="3972" to="3976" />
    <span id="t_752" from="3977" to="3988" />
    <span id="t_753" from="3989" to="3991" />
    <span id="t_754" from="3992" to="3994" />
    <span id="t_755" from="3995" to="4006" />
    <span id="t_756" from="4007" to="4009" />
    <span id="t_757" from="4010" to="4017" />
    <span id="t_758" from="4018" to="4023" />
    <span id="t_759" from="4024" to="4036" />
    <span id="t_760" from="4036" to="4037" />
    <span id="t_761" from="4037" to="4038" />
    <span id="t_762" from="4040" to="4046" />
    <span id="t_763" from="4047" to="4050" />
    <span id="t_764" from="4051" to="4062" />
    <span id="t_765" from="4063" to="4067" />
    <span id="t_766" from="4068" to="4073" />
    <span id="t_767" from="4074" to="4079" />
    <span id="t_768" from="4080" to="4090" />
    <span id="t_769" from="4091" to="4095" />
    <span id="t_770" from="4096" to="4105" />
    <span id="t_771" from="4106" to="4111" />
    <span id="t_772" from="4112" to="4124" />
    <span id="t_773" from="4125" to="4126" />
    <span id="t_774" from="4128" to="4129" />
    <span id="t_775" from="4129" to="4132" />
    <span id="t_776" from="4133" to="4141" />
    <span id="t_777" from="4142" to="4154" />
    <span id="t_778" from="4155" to="4157" />
    <span id="t_779" from="4158" to="4163" />
    <span id="t_780" from="4164" to="4167" />
    <span id="t_781" from="4168" to="4171" />
    <span id="t_782" from="4172" to="4174" />
    <span id="t_783" from="4175" to="4179" />
    <span id="t_784" from="4180" to="4184" />
    <span id="t_785" from="4185" to="4187" />
    <span id="t_786" from="4188" to="4194" />
    <span id="t_787" from="4195" to="4200" />
    <span id="t_788" from="4201" to="4203" />
    <span id="t_789" from="4204" to="4207" />
    <span id="t_790" from="4208" to="4214" />
    <span id="t_791" from="4215" to="4217" />
    <span id="t_792" from="4218" to="4220" />
    <span id="t_793" from="4221" to="4225" />
    <span id="t_794" from="4226" to="4232" />
    <span id="t_795" from="4233" to="4236" />
    <span id="t_796" from="4237" to="4240" />
    <span id="t_797" from="4241" to="4242" />
    <span id="t_798" from="4243" to="4246" />
    <span id="t_799" from="4247" to="4256" />
    <span id="t_800" from="4257" to="4259" />
    <span id="t_801" from="4260" to="4265" />
    <span id="t_802" from="4266" to="4269" />
    <span id="t_803" from="4270" to="4271" />
    <span id="t_804" from="4272" to="4275" />
    <span id="t_805" from="4276" to="4283" />
    <span id="t_806" from="4284" to="4295" />
    <span id="t_807" from="4296" to="4303" />
    <span id="t_808" from="4304" to="4306" />
    <span id="t_809" from="4307" to="4311" />
    <span id="t_810" from="4311" to="4312" />
    <span id="t_811" from="4312" to="4313" />
    <span id="t_812" from="4315" to="4317" />
    <span id="t_813" from="4318" to="4324" />
    <span id="t_814" from="4325" to="4329" />
    <span id="t_815" from="4330" to="4332" />
    <span id="t_816" from="4333" to="4339" />
    <span id="t_817" from="4340" to="4343" />
    <span id="t_818" from="4344" to="4349" />
    <span id="t_819" from="4350" to="4359" />
    <span id="t_820" from="4360" to="4365" />
    <span id="t_821" from="4366" to="4369" />
    <span id="t_822" from="4370" to="4374" />
    <span id="t_823" from="4375" to="4383" />
    <span id="t_824" from="4383" to="4384" />
    <span id="t_825" from="4385" to="4396" />
    <span id="t_826" from="4397" to="4399" />
    <span id="t_827" from="4400" to="4402" />
    <span id="t_828" from="4403" to="4415" />
    <span id="t_829" from="4417" to="4421" />
    <span id="t_830" from="4422" to="4430" />
    <span id="t_831" from="4431" to="4433" />
    <span id="t_832" from="4434" to="4441" />
    <span id="t_833" from="4442" to="4452" />
    <span id="t_834" from="4453" to="4464" />
    <span id="t_835" from="4465" to="4467" />
    <span id="t_836" from="4468" to="4475" />
    <span id="t_837" from="4476" to="4486" />
    <span id="t_838" from="4486" to="4487" />
    <span id="t_839" from="4488" to="4490" />
    <span id="t_840" from="4491" to="4495" />
    <span id="t_841" from="4496" to="4498" />
    <span id="t_842" from="4499" to="4506" />
    <span id="t_843" from="4506" to="4507" />
    <span id="t_844" from="4508" to="4511" />
    <span id="t_845" from="4512" to="4520" />
    <span id="t_846" from="4521" to="4523" />
    <span id="t_847" from="4524" to="4529" />
    <span id="t_848" from="4530" to="4538" />
    <span id="t_849" from="4539" to="4553" />
    <span id="t_850" from="4554" to="4560" />
    <span id="t_851" from="4561" to="4563" />
    <span id="t_852" from="4564" to="4567" />
    <span id="t_853" from="4568" to="4573" />
    <span id="t_854" from="4574" to="4582" />
    <span id="t_855" from="4583" to="4590" />
    <span id="t_856" from="4591" to="4594" />
    <span id="t_857" from="4595" to="4597" />
    <span id="t_858" from="4598" to="4608" />
    <span id="t_859" from="4609" to="4611" />
    <span id="t_860" from="4612" to="4618" />
    <span id="t_861" from="4619" to="4621" />
    <span id="t_862" from="4622" to="4625" />
    <span id="t_863" from="4626" to="4631" />
    <span id="t_864" from="4632" to="4635" />
    <span id="t_865" from="4636" to="4644" />
    <span id="t_866" from="4645" to="4647" />
    <span id="t_867" from="4648" to="4652" />
    <span id="t_868" from="4653" to="4654" />
    <span id="t_869" from="4655" to="4656" />
    <span id="t_870" from="4656" to="4659" />
    <span id="t_871" from="4660" to="4673" />
    <span id="t_872" from="4673" to="4674" />
    <span id="t_873" from="4675" to="4678" />
    <span id="t_874" from="4678" to="4679" />
    <span id="t_875" from="4680" to="4681" />
    <span id="t_876" from="4682" to="4684" />
    <span id="t_877" from="4685" to="4688" />
    <span id="t_878" from="4689" to="4693" />
    <span id="t_879" from="4694" to="4701" />
    <span id="t_880" from="4702" to="4705" />
    <span id="t_881" from="4706" to="4714" />
    <span id="t_882" from="4715" to="4720" />
    <span id="t_883" from="4721" to="4723" />
    <span id="t_884" from="4724" to="4733" />
    <span id="t_885" from="4734" to="4744" />
    <span id="t_886" from="4744" to="4745" />
    <span id="t_887" from="4746" to="4748" />
    <span id="t_888" from="4749" to="4757" />
    <span id="t_889" from="4758" to="4761" />
    <span id="t_890" from="4761" to="4762" />
    <span id="t_891" from="4762" to="4763" />
    <span id="t_892" from="4764" to="4767" />
    <span id="t_893" from="4768" to="4777" />
    <span id="t_894" from="4778" to="4781" />
    <span id="t_895" from="4782" to="4792" />
    <span id="t_896" from="4793" to="4796" />
    <span id="t_897" from="4797" to="4799" />
    <span id="t_898" from="4800" to="4808" />
    <span id="t_899" from="4809" to="4812" />
    <span id="t_900" from="4813" to="4816" />
    <span id="t_901" from="4817" to="4820" />
    <span id="t_902" from="4821" to="4823" />
    <span id="t_903" from="4824" to="4829" />
    <span id="t_904" from="4830" to="4834" />
    <span id="t_905" from="4835" to="4837" />
    <span id="t_906" from="4838" to="4840" />
    <span id="t_907" from="4841" to="4843" />
    <span id="t_908" from="4844" to="4859" />
    <span id="t_909" from="4860" to="4862" />
    <span id="t_910" from="4863" to="4872" />
    <span id="t_911" from="4873" to="4877" />
    <span id="t_912" from="4878" to="4879" />
    <span id="t_913" from="4880" to="4885" />
    <span id="t_914" from="4886" to="4887" />
    <span id="t_915" from="4887" to="4891" />
    <span id="t_916" from="4891" to="4892" />
    <span id="t_917" from="4893" to="4898" />
    <span id="t_918" from="4899" to="4904" />
    <span id="t_919" from="4905" to="4917" />
    <span id="t_920" from="4918" to="4919" />
    <span id="t_921" from="4921" to="4928" />
    <span id="t_922" from="4928" to="4929" />
    <span id="t_923" from="4931" to="4933" />
    <span id="t_924" from="4934" to="4945" />
    <span id="t_925" from="4946" to="4951" />
    <span id="t_926" from="4952" to="4953" />
    <span id="t_927" from="4954" to="4956" />
    <span id="t_928" from="4957" to="4965" />
    <span id="t_929" from="4966" to="4968" />
    <span id="t_930" from="4969" to="4976" />
    <span id="t_931" from="4977" to="4979" />
    <span id="t_932" from="4979" to="4980" />
    <span id="t_933" from="4981" to="4983" />
    <span id="t_934" from="4983" to="4984" />
    <span id="t_935" from="4984" to="4986" />
    <span id="t_936" from="4987" to="4989" />
    <span id="t_937" from="4990" to="4995" />
    <span id="t_938" from="4996" to="5005" />
    <span id="t_939" from="5005" to="5006" />
    <span id="t_940" from="5007" to="5008" />
    <span id="t_941" from="5009" to="5015" />
    <span id="t_942" from="5015" to="5016" />
    <span id="t_943" from="5017" to="5019" />
    <span id="t_944" from="5020" to="5021" />
    <span id="t_945" from="5022" to="5029" />
    <span id="t_946" from="5030" to="5033" />
    <span id="t_947" from="5034" to="5035" />
    <span id="t_948" from="5036" to="5038" />
    <span id="t_949" from="5039" to="5046" />
    <span id="t_950" from="5047" to="5050" />
    <span id="t_951" from="5051" to="5054" />
    <span id="t_952" from="5055" to="5060" />
    <span id="t_953" from="5061" to="5064" />
    <span id="t_954" from="5065" to="5071" />
    <span id="t_955" from="5072" to="5080" />
    <span id="t_956" from="5080" to="5081" />
    <span id="t_957" from="5082" to="5084" />
    <span id="t_958" from="5085" to="5088" />
    <span id="t_959" from="5089" to="5092" />
    <span id="t_960" from="5093" to="5100" />
    <span id="t_961" from="5101" to="5106" />
    <span id="t_962" from="5107" to="5109" />
    <span id="t_963" from="5110" to="5116" />
    <span id="t_964" from="5117" to="5123" />
    <span id="t_965" from="5124" to="5131" />
    <span id="t_966" from="5132" to="5144" />
    <span id="t_967" from="5145" to="5146" />
    <span id="t_968" from="5146" to="5151" />
    <span id="t_969" from="5152" to="5157" />
    <span id="t_970" from="5158" to="5163" />
    <span id="t_971" from="5164" to="5166" />
    <span id="t_972" from="5167" to="5169" />
    <span id="t_973" from="5170" to="5178" />
    <span id="t_974" from="5179" to="5182" />
    <span id="t_975" from="5182" to="5183" />
    <span id="t_976" from="5183" to="5184" />
    <span id="t_977" from="5185" to="5193" />
    <span id="t_978" from="5194" to="5198" />
    <span id="t_979" from="5199" to="5202" />
    <span id="t_980" from="5203" to="5214" />
    <span id="t_981" from="5215" to="5218" />
    <span id="t_982" from="5219" to="5224" />
    <span id="t_983" from="5225" to="5231" />
    <span id="t_984" from="5232" to="5236" />
    <span id="t_985" from="5237" to="5246" />
    <span id="t_986" from="5247" to="5260" />
    <span id="t_987" from="5261" to="5262" />
    <span id="t_988" from="5263" to="5268" />
    <span id="t_989" from="5269" to="5276" />
    <span id="t_990" from="5276" to="5277" />
    <span id="t_991" from="5278" to="5280" />
    <span id="t_992" from="5281" to="5284" />
    <span id="t_993" from="5285" to="5288" />
    <span id="t_994" from="5289" to="5294" />
    <span id="t_995" from="5295" to="5300" />
    <span id="t_996" from="5301" to="5313" />
    <span id="t_997" from="5314" to="5318" />
    <span id="t_998" from="5319" to="5328" />
    <span id="t_999" from="5329" to="5333" />
    <span id="t_1000" from="5334" to="5335" />
    <span id="t_1001" from="5336" to="5337" />
    <span id="t_1002" from="5338" to="5339" />
    <span id="t_1003" from="5339" to="5340" />
    <span id="t_1004" from="5341" to="5345" />
    <span id="t_1005" from="5346" to="5357" />
    <span id="t_1006" from="5358" to="5360" />
    <span id="t_1007" from="5361" to="5370" />
    <span id="t_1008" from="5371" to="5373" />
    <span id="t_1009" from="5374" to="5381" />
    <span id="t_1010" from="5381" to="5382" />
    <span id="t_1011" from="5383" to="5387" />
    <span id="t_1012" from="5388" to="5398" />
    <span id="t_1013" from="5399" to="5406" />
    <span id="t_1014" from="5407" to="5412" />
    <span id="t_1015" from="5413" to="5418" />
    <span id="t_1016" from="5419" to="5423" />
    <span id="t_1017" from="5423" to="5424" />
    <span id="t_1018" from="5425" to="5426" />
    <span id="t_1019" from="5427" to="5439" />
    <span id="t_1020" from="5440" to="5442" />
    <span id="t_1021" from="5443" to="5447" />
    <span id="t_1022" from="5448" to="5452" />
    <span id="t_1023" from="5453" to="5454" />
    <span id="t_1024" from="5455" to="5460" />
    <span id="t_1025" from="5461" to="5462" />
    <span id="t_1026" from="5462" to="5466" />
    <span id="t_1027" from="5466" to="5467" />
    <span id="t_1028" from="5468" to="5470" />
    <span id="t_1029" from="5471" to="5480" />
    <span id="t_1030" from="5481" to="5483" />
    <span id="t_1031" from="5484" to="5491" />
    <span id="t_1032" from="5491" to="5492" />
    <span id="t_1033" from="5493" to="5495" />
    <span id="t_1034" from="5496" to="5503" />
    <span id="t_1035" from="5504" to="5505" />
    <span id="t_1036" from="5506" to="5508" />
    <span id="t_1037" from="5509" to="5521" />
    <span id="t_1038" from="5521" to="5522" />
    <span id="t_1039" from="5523" to="5524" />
    <span id="t_1040" from="5525" to="5537" />
    <span id="t_1041" from="5538" to="5539" />
    <span id="t_1042" from="5540" to="5547" />
    <span id="t_1043" from="5548" to="5552" />
    <span id="t_1044" from="5553" to="5554" />
    <span id="t_1045" from="5555" to="5560" />
    <span id="t_1046" from="5561" to="5562" />
    <span id="t_1047" from="5562" to="5566" />
    <span id="t_1048" from="5566" to="5567" />
  </spanList>
</layer>