<?xml version="1.0" encoding="UTF-8"?>
<?xml-model href="header.rng" type="application/xml" schematypens="http://relaxng.org/ns/structure/1.0"?>
<!DOCTYPE idsCorpus PUBLIC "-//IDS//DTD IDS-XCES 1.0//EN" "http://corpora.ids-mannheim.de/idsxces1/DTD/ids.xcesdoc.dtd">
<idsHeader type="text" pattern="text" status="new" version="1.1" TEIform="teiHeader">
    <fileDesc>
     <titleStmt>
      <textSigle>GOE/AGA.00000</textSigle>
      <t.title assemblage="regular">GOE/AGA.00000 Goethe: Campagne in Frankreich, [Autobiographie], (Geschr. 1820-1822), In: Goethes Werke, Bd. 10. - München, 1982</t.title>
     </titleStmt>
     <publicationStmt>
      <distributor/>
      <pubAddress/>
      <availability region="world">QAO-NC</availability>
      <pubDate/>
     </publicationStmt>
     <sourceDesc>
      <biblStruct>
       <analytic>
        <h.title type="main">Campagne in Frankreich</h.title>
        <h.title type="sub">1792</h.title>
        <h.title type="abbr" level="m">Goethe, Werke; Campagne</h.title>
        <h.title type="abbr" level="a">Goethe: Campagne in Frankreich, [Autobiographie], (Geschr. 1820-1822)</h.title>
        <h.author>Goethe, Johann Wolfgang von</h.author>
        <editor/>
        <imprint/>
        <biblScope type="subsume"/>
        <biblScope type="pp">S. 188-363</biblScope>
       </analytic>
       <monogr>
        <h.title type="main"/>
        <imprint/>
       </monogr>
      </biblStruct>
      <reference type="complete" assemblage="regular">GOE/AGA.00000 Goethe, Johann Wolfgang von: Campagne in Frankreich. 1792, (Geschrieben: 1820-1822), In: Goethe, Johann Wolfgang von: Goethes Werke, Bd. 10, Autobiographische Schriften II, Hrsg.: Trunz, Erich. München: Verlag C. H. Beck, 1982, S. 188-363</reference>
      <reference type="short" assemblage="regular">GOE/AGA.00000 Goethe, Werke; Campagne, (Geschr. 1820-1822), 1982, Bd. 10</reference>
     </sourceDesc>
    </fileDesc>
    <encodingDesc>
     <samplingDecl/>
     <tagsDecl>
      <tagUsage gi="pb" occurs="176"/>
      <tagUsage gi="vers" occurs="3"/>
      <tagUsage gi="quote" occurs="1"/>
      <tagUsage gi="p" occurs="13"/>
      <tagUsage gi="s" occurs="1770"/>
      <tagUsage gi="num" occurs="6"/>
      <tagUsage gi="orig" occurs="75"/>
     </tagsDecl>
    </encodingDesc>
    <profileDesc>
     <textClass/>
     <textDesc>
      <textDomain/>
     </textDesc>
    </profileDesc>
   </idsHeader>