<?xml version="1.0" encoding="UTF-8"?>
<?xml-model href="header.rng"
            type="application/xml"
            schematypens="http://relaxng.org/ns/structure/1.0"?>
<!DOCTYPE idsCorpus PUBLIC "-//IDS//DTD IDS-XCES 1.0//EN"
          "http://corpora.ids-mannheim.de/idsxces1/DTD/ids.xcesdoc.dtd">
<idsHeader pattern="text" type="text" version="1">
        <fileDesc>
          <titleStmt>
            <textSigle>WDF19/A0000.12006</textSigle>
            <t.title assemblage="external">WDF19/A0000.12006 Discussion:Axilisme. URL:https://fr.wikipedia.org/wiki/Discussion:Axilisme . In: Wikipedia, 2019</t.title>
          </titleStmt>
          <publicationStmt>
            <distributor>French-German-English Project Comparable Wikipedia Corpora 2019;
Leibniz-Institute for the German Language and Université de Toulouse Jean Jaurès</distributor>
            <pubAddress/>
            <idno type="cmc-core-filename">12006.tei.xml</idno>
            <availability region="world" status="free">CC-BY-SA</availability>
            <pubDate type="year">2020</pubDate>
            <pubPlace>Mannheim</pubPlace>
            <pubPlace>Toulouse</pubPlace>
          </publicationStmt>
          <sourceDesc>
            <biblStruct>
              <analytic>
                <h.title type="main">Discussion:Axilisme</h.title>
                <h.author>HerculeBot et al.</h.author>
                <imprint>
                  <pubPlace>
                    <ref target="https://fr.wikipedia.org/wiki/Discussion:Axilisme" type="page_url"/>
                  </pubPlace>
                </imprint>
                <idno type="wikipedia-id">12006</idno>
              </analytic>
              <monogr>
                <h.title>Wikipedia</h.title>
                <edition>
                  <further/>
                  <kind>French language version</kind>
                  <appearance/>
                </edition>
                <imprint>
                  <publisher>Wikimedia Foundation, Inc</publisher>
                  <pubPlace>
                    <ref target="https://wikipedia.org/"/>
                  </pubPlace>
                </imprint>
              </monogr>
              <monogr>
                <h.title>frwiki-20190801-pages-meta-current</h.title>
                <edition>
                  <further/>
                  <kind>Dump file</kind>
                  <appearance/>
                </edition>
                <imprint>
                  <publisher>Wikimedia Foundation, Inc</publisher>
                  <pubPlace>
                    <ref target="http://dumps.wikimedia.org"/>
                  </pubPlace>
                  <pubDate type="year">2019</pubDate>
                  <pubDate type="month">08</pubDate>
                  <pubDate type="day">01</pubDate>
                </imprint>
                <idno type="dump-filename">frwiki-20190801-pages-meta-current</idno>
              </monogr>
              <relatedItem type="langLink">
                <ref target="https://en.wikipedia.org/wiki/Armpit%20fetishism" targetLang="en">Armpit fetishism</ref>
              </relatedItem>
              <relatedItem type="articleLink">
                <ref n="8879" target="https://fr.wikipedia.org/wiki/Axilisme" targetLang="fr">Axilisme</ref>
              </relatedItem>
              <relatedItem type="articleTextSigle">
                <ref type="derekoTextSigle">WPF19/A0000.08879</ref>
              </relatedItem>
            </biblStruct>
            <reference assemblage="non-automatic" type="complete">WDF19/A0000.12006 Wikipedia: Discussion:Axilisme. URL: https://fr.wikipedia.org/wiki/Discussion:Axilisme (Letzte Änderung 11.8.2011). In: Wikipedia, Die freie Enzyklopädie - Dump vom 1.8.2019</reference>
            <reference assemblage="regular" type="short">WDF19/A0000.12006 Wikipedia: Discussion:Axilisme, (Letzte Änderung 11.8.2011), 2019</reference>
          </sourceDesc>
        </fileDesc>
        <profileDesc>
          <creation>
            <creatDate>2011.08.11</creatDate>
            <creatRef>(Letzte Änderung 11.8.2011)</creatRef>
            <creatRefShort>(Letzte Änderung 11.8.2011)</creatRefShort>
          </creation>
          <textClass>
            <classCode scheme="https://fr.wikipedia.org/wiki/Portail:Accueil">
              <ref target="https://fr.wikipedia.org/wiki/Portail:Sexualit%C3%A9" targetLang="fr">Portail:Sexualité</ref>
            </classCode>
            <classCode scheme="https://fr.wikipedia.org/wiki/Catégorie:Accueil">
              <ref target="https://fr.wikipedia.org/wiki/Catégorie:Pratique%20sexuelle" targetLang="fr">Catégorie:Pratique sexuelle</ref>
              <ref target="https://fr.wikipedia.org/wiki/Catégorie:Paraphilie" targetLang="fr">Catégorie:Paraphilie</ref>
            </classCode>
            <h.keywords>
              <keyTerm>Sexualité</keyTerm>
            </h.keywords>
            <classCode scheme="https://fr.wikipedia.org/wiki/Projet:Évaluation">
              <ref target="https://fr.wikipedia.org/wiki/Wikipédia:Article_d%27avancement_BD" targetLang="fr">bon début</ref>
            </classCode>
            <classCode scheme="https://en.wikipedia.org/wiki/Category:Contents">
              <ref target="https://en.wikipedia.org/wiki/Category:Sexual%20acts" targetLang="en">Category:Sexual acts</ref>
              <ref target="https://en.wikipedia.org/wiki/Category:Paraphilias" targetLang="en">Category:Paraphilias</ref>
            </classCode>
          </textClass>
          <textDesc>
            <textType>Diskussion</textType>
            <textTypeArt>Diskussion</textTypeArt>
            <textDomain/>
          </textDesc>
        </profileDesc>
      </idsHeader>