<?xml version="1.0" encoding="UTF-8"?>
<?xml-model href="span.rng"
            type="application/xml"
            schematypens="http://relaxng.org/ns/structure/1.0"?>
<layer docid="WDF19_A0000.12006"
       xmlns="http://ids-mannheim.de/ns/KorAP"
       version="KorAP-0.4">
  <spanList>
    <span id="t_0" from="0" to="8" />
    <span id="t_1" from="9" to="21" />
    <span id="t_2" from="22" to="32" />
    <span id="t_3" from="34" to="36" />
    <span id="t_4" from="37" to="39" />
    <span id="t_5" from="40" to="44" />
    <span id="t_6" from="45" to="50" />
    <span id="t_7" from="51" to="53" />
    <span id="t_8" from="54" to="62" />
    <span id="t_9" from="63" to="65" />
    <span id="t_10" from="66" to="70" />
    <span id="t_11" from="71" to="76" />
    <span id="t_12" from="77" to="80" />
    <span id="t_13" from="81" to="90" />
    <span id="t_14" from="91" to="94" />
    <span id="t_15" from="95" to="99" />
    <span id="t_16" from="100" to="106" />
    <span id="t_17" from="107" to="108" />
    <span id="t_18" from="110" to="111" />
    <span id="t_19" from="111" to="119" />
    <span id="t_20" from="120" to="121" />
    <span id="t_21" from="122" to="124" />
    <span id="t_22" from="125" to="134" />
    <span id="t_23" from="135" to="142" />
    <span id="t_24" from="142" to="143" />
    <span id="t_25" from="144" to="147" />
    <span id="t_26" from="148" to="150" />
    <span id="t_27" from="151" to="153" />
    <span id="t_28" from="154" to="164" />
    <span id="t_29" from="165" to="168" />
    <span id="t_30" from="169" to="173" />
    <span id="t_31" from="174" to="186" />
    <span id="t_32" from="188" to="190" />
    <span id="t_33" from="191" to="193" />
    <span id="t_34" from="194" to="195" />
    <span id="t_35" from="195" to="200" />
    <span id="t_36" from="201" to="205" />
    <span id="t_37" from="206" to="208" />
    <span id="t_38" from="209" to="214" />
    <span id="t_39" from="214" to="215" />
    <span id="t_40" from="216" to="219" />
    <span id="t_41" from="220" to="229" />
    <span id="t_42" from="230" to="237" />
    <span id="t_43" from="238" to="241" />
    <span id="t_44" from="242" to="247" />
    <span id="t_45" from="248" to="256" />
    <span id="t_46" from="256" to="257" />
    <span id="t_47" from="257" to="258" />
    <span id="t_48" from="259" to="262" />
    <span id="t_49" from="263" to="267" />
    <span id="t_50" from="268" to="276" />
    <span id="t_51" from="277" to="287" />
    <span id="t_52" from="288" to="290" />
    <span id="t_53" from="291" to="297" />
    <span id="t_54" from="298" to="302" />
    <span id="t_55" from="303" to="306" />
    <span id="t_56" from="307" to="320" />
    <span id="t_57" from="321" to="324" />
    <span id="t_58" from="325" to="335" />
    <span id="t_59" from="335" to="336" />
    <span id="t_60" from="337" to="339" />
    <span id="t_61" from="340" to="342" />
    <span id="t_62" from="343" to="347" />
    <span id="t_63" from="348" to="351" />
    <span id="t_64" from="352" to="355" />
    <span id="t_65" from="356" to="363" />
    <span id="t_66" from="363" to="364" />
    <span id="t_67" from="365" to="367" />
    <span id="t_68" from="368" to="371" />
    <span id="t_69" from="372" to="377" />
    <span id="t_70" from="378" to="380" />
    <span id="t_71" from="381" to="383" />
    <span id="t_72" from="384" to="391" />
    <span id="t_73" from="392" to="397" />
    <span id="t_74" from="398" to="405" />
    <span id="t_75" from="406" to="408" />
    <span id="t_76" from="409" to="416" />
    <span id="t_77" from="416" to="419" />
    <span id="t_78" from="421" to="424" />
    <span id="t_79" from="424" to="425" />
    <span id="t_80" from="426" to="432" />
    <span id="t_81" from="432" to="433" />
    <span id="t_82" from="435" to="437" />
    <span id="t_83" from="439" to="443" />
    <span id="t_84" from="444" to="450" />
    <span id="t_85" from="451" to="453" />
    <span id="t_86" from="454" to="460" />
    <span id="t_87" from="461" to="464" />
    <span id="t_88" from="465" to="468" />
    <span id="t_89" from="469" to="474" />
    <span id="t_90" from="474" to="475" />
    <span id="t_91" from="476" to="479" />
    <span id="t_92" from="480" to="485" />
    <span id="t_93" from="486" to="494" />
    <span id="t_94" from="495" to="500" />
    <span id="t_95" from="501" to="503" />
    <span id="t_96" from="504" to="508" />
    <span id="t_97" from="509" to="519" />
    <span id="t_98" from="520" to="523" />
    <span id="t_99" from="524" to="529" />
    <span id="t_100" from="530" to="532" />
    <span id="t_101" from="533" to="540" />
    <span id="t_102" from="540" to="541" />
    <span id="t_103" from="543" to="545" />
    <span id="t_104" from="546" to="552" />
    <span id="t_105" from="553" to="556" />
    <span id="t_106" from="557" to="559" />
    <span id="t_107" from="560" to="572" />
    <span id="t_108" from="573" to="576" />
    <span id="t_109" from="577" to="582" />
    <span id="t_110" from="583" to="586" />
    <span id="t_111" from="587" to="598" />
    <span id="t_112" from="599" to="607" />
    <span id="t_113" from="608" to="609" />
    <span id="t_114" from="609" to="620" />
    <span id="t_115" from="620" to="621" />
    <span id="t_116" from="622" to="625" />
    <span id="t_117" from="626" to="629" />
    <span id="t_118" from="630" to="639" />
    <span id="t_119" from="640" to="647" />
    <span id="t_120" from="648" to="655" />
    <span id="t_121" from="656" to="663" />
    <span id="t_122" from="664" to="668" />
    <span id="t_123" from="668" to="669" />
    <span id="t_124" from="670" to="672" />
    <span id="t_125" from="673" to="677" />
    <span id="t_126" from="678" to="686" />
    <span id="t_127" from="687" to="689" />
    <span id="t_128" from="690" to="692" />
    <span id="t_129" from="693" to="702" />
    <span id="t_130" from="702" to="703" />
    <span id="t_131" from="704" to="707" />
    <span id="t_132" from="709" to="712" />
    <span id="t_133" from="713" to="718" />
    <span id="t_134" from="719" to="722" />
    <span id="t_135" from="723" to="725" />
    <span id="t_136" from="725" to="726" />
    <span id="t_137" from="727" to="731" />
    <span id="t_138" from="732" to="733" />
    <span id="t_139" from="733" to="736" />
    <span id="t_140" from="736" to="737" />
    <span id="t_141" from="738" to="743" />
    <span id="t_142" from="743" to="744" />
    <span id="t_143" from="745" to="747" />
    <span id="t_144" from="748" to="752" />
    <span id="t_145" from="753" to="757" />
    <span id="t_146" from="758" to="762" />
    <span id="t_147" from="763" to="770" />
    <span id="t_148" from="771" to="773" />
    <span id="t_149" from="774" to="778" />
    <span id="t_150" from="779" to="782" />
    <span id="t_151" from="783" to="785" />
    <span id="t_152" from="786" to="799" />
    <span id="t_153" from="799" to="802" />
    <span id="t_154" from="802" to="807" />
    <span id="t_155" from="808" to="810" />
    <span id="t_156" from="811" to="818" />
    <span id="t_157" from="819" to="821" />
    <span id="t_158" from="822" to="826" />
    <span id="t_159" from="827" to="829" />
    <span id="t_160" from="830" to="834" />
    <span id="t_161" from="835" to="839" />
    <span id="t_162" from="840" to="843" />
    <span id="t_163" from="844" to="849" />
    <span id="t_164" from="850" to="852" />
    <span id="t_165" from="853" to="856" />
    <span id="t_166" from="857" to="861" />
    <span id="t_167" from="862" to="866" />
    <span id="t_168" from="867" to="869" />
    <span id="t_169" from="870" to="877" />
    <span id="t_170" from="878" to="880" />
    <span id="t_171" from="881" to="885" />
    <span id="t_172" from="886" to="890" />
    <span id="t_173" from="891" to="893" />
    <span id="t_174" from="894" to="895" />
    <span id="t_175" from="895" to="900" />
    <span id="t_176" from="901" to="904" />
    <span id="t_177" from="904" to="905" />
    <span id="t_178" from="906" to="908" />
    <span id="t_179" from="910" to="913" />
    <span id="t_180" from="914" to="918" />
    <span id="t_181" from="919" to="924" />
    <span id="t_182" from="925" to="933" />
    <span id="t_183" from="934" to="937" />
    <span id="t_184" from="938" to="940" />
    <span id="t_185" from="941" to="951" />
    <span id="t_186" from="952" to="953" />
    <span id="t_187" from="953" to="956" />
    <span id="t_188" from="957" to="961" />
    <span id="t_189" from="962" to="969" />
    <span id="t_190" from="970" to="979" />
    <span id="t_191" from="980" to="989" />
    <span id="t_192" from="990" to="994" />
    <span id="t_193" from="995" to="999" />
    <span id="t_194" from="1000" to="1004" />
    <span id="t_195" from="1004" to="1005" />
    <span id="t_196" from="1006" to="1008" />
    <span id="t_197" from="1009" to="1018" />
    <span id="t_198" from="1019" to="1022" />
    <span id="t_199" from="1023" to="1032" />
    <span id="t_200" from="1033" to="1034" />
    <span id="t_201" from="1034" to="1037" />
    <span id="t_202" from="1038" to="1048" />
    <span id="t_203" from="1049" to="1053" />
    <span id="t_204" from="1054" to="1062" />
    <span id="t_205" from="1063" to="1065" />
    <span id="t_206" from="1066" to="1070" />
    <span id="t_207" from="1071" to="1075" />
    <span id="t_208" from="1075" to="1076" />
    <span id="t_209" from="1076" to="1077" />
    <span id="t_210" from="1078" to="1080" />
    <span id="t_211" from="1081" to="1084" />
    <span id="t_212" from="1085" to="1087" />
    <span id="t_213" from="1088" to="1091" />
    <span id="t_214" from="1092" to="1096" />
    <span id="t_215" from="1097" to="1102" />
    <span id="t_216" from="1102" to="1103" />
    <span id="t_217" from="1104" to="1106" />
    <span id="t_218" from="1107" to="1109" />
    <span id="t_219" from="1110" to="1112" />
    <span id="t_220" from="1113" to="1120" />
    <span id="t_221" from="1121" to="1124" />
    <span id="t_222" from="1125" to="1126" />
    <span id="t_223" from="1127" to="1128" />
    <span id="t_224" from="1128" to="1133" />
    <span id="t_225" from="1134" to="1136" />
    <span id="t_226" from="1137" to="1142" />
    <span id="t_227" from="1142" to="1143" />
    <span id="t_228" from="1144" to="1148" />
    <span id="t_229" from="1149" to="1156" />
    <span id="t_230" from="1156" to="1157" />
    <span id="t_231" from="1157" to="1158" />
    <span id="t_232" from="1159" to="1162" />
    <span id="t_233" from="1164" to="1167" />
    <span id="t_234" from="1168" to="1173" />
    <span id="t_235" from="1174" to="1177" />
    <span id="t_236" from="1178" to="1180" />
    <span id="t_237" from="1180" to="1181" />
    <span id="t_238" from="1182" to="1186" />
    <span id="t_239" from="1187" to="1188" />
    <span id="t_240" from="1188" to="1191" />
    <span id="t_241" from="1191" to="1192" />
    <span id="t_242" from="1194" to="1198" />
    <span id="t_243" from="1199" to="1202" />
    <span id="t_244" from="1202" to="1203" />
    <span id="t_245" from="1204" to="1206" />
    <span id="t_246" from="1207" to="1211" />
    <span id="t_247" from="1212" to="1219" />
    <span id="t_248" from="1220" to="1223" />
    <span id="t_249" from="1224" to="1226" />
    <span id="t_250" from="1227" to="1233" />
    <span id="t_251" from="1234" to="1237" />
    <span id="t_252" from="1238" to="1240" />
    <span id="t_253" from="1241" to="1253" />
    <span id="t_254" from="1253" to="1254" />
    <span id="t_255" from="1255" to="1260" />
    <span id="t_256" from="1261" to="1263" />
    <span id="t_257" from="1264" to="1271" />
    <span id="t_258" from="1272" to="1279" />
    <span id="t_259" from="1279" to="1280" />
    <span id="t_260" from="1281" to="1284" />
    <span id="t_261" from="1285" to="1288" />
    <span id="t_262" from="1289" to="1291" />
    <span id="t_263" from="1292" to="1297" />
    <span id="t_264" from="1298" to="1306" />
    <span id="t_265" from="1307" to="1309" />
    <span id="t_266" from="1310" to="1319" />
    <span id="t_267" from="1320" to="1321" />
    <span id="t_268" from="1322" to="1326" />
    <span id="t_269" from="1327" to="1331" />
    <span id="t_270" from="1332" to="1336" />
    <span id="t_271" from="1337" to="1344" />
    <span id="t_272" from="1345" to="1347" />
    <span id="t_273" from="1348" to="1351" />
    <span id="t_274" from="1352" to="1358" />
    <span id="t_275" from="1359" to="1369" />
    <span id="t_276" from="1370" to="1371" />
    <span id="t_277" from="1373" to="1375" />
    <span id="t_278" from="1376" to="1381" />
    <span id="t_279" from="1382" to="1386" />
    <span id="t_280" from="1386" to="1388" />
    <span id="t_281" from="1388" to="1393" />
    <span id="t_282" from="1394" to="1396" />
    <span id="t_283" from="1397" to="1405" />
    <span id="t_284" from="1406" to="1408" />
    <span id="t_285" from="1409" to="1413" />
    <span id="t_286" from="1414" to="1417" />
    <span id="t_287" from="1418" to="1420" />
    <span id="t_288" from="1421" to="1429" />
    <span id="t_289" from="1429" to="1430" />
    <span id="t_290" from="1431" to="1433" />
    <span id="t_291" from="1434" to="1436" />
    <span id="t_292" from="1437" to="1441" />
    <span id="t_293" from="1442" to="1448" />
    <span id="t_294" from="1449" to="1455" />
    <span id="t_295" from="1456" to="1462" />
    <span id="t_296" from="1463" to="1469" />
    <span id="t_297" from="1470" to="1472" />
    <span id="t_298" from="1473" to="1482" />
    <span id="t_299" from="1483" to="1490" />
    <span id="t_300" from="1491" to="1496" />
    <span id="t_301" from="1497" to="1499" />
    <span id="t_302" from="1500" to="1504" />
    <span id="t_303" from="1505" to="1515" />
    <span id="t_304" from="1515" to="1516" />
    <span id="t_305" from="1517" to="1519" />
    <span id="t_306" from="1520" to="1528" />
    <span id="t_307" from="1529" to="1532" />
    <span id="t_308" from="1533" to="1535" />
    <span id="t_309" from="1536" to="1540" />
    <span id="t_310" from="1541" to="1547" />
    <span id="t_311" from="1548" to="1551" />
    <span id="t_312" from="1552" to="1554" />
    <span id="t_313" from="1555" to="1563" />
    <span id="t_314" from="1564" to="1570" />
    <span id="t_315" from="1570" to="1571" />
    <span id="t_316" from="1572" to="1574" />
    <span id="t_317" from="1575" to="1578" />
    <span id="t_318" from="1579" to="1583" />
    <span id="t_319" from="1584" to="1588" />
    <span id="t_320" from="1589" to="1591" />
    <span id="t_321" from="1592" to="1599" />
    <span id="t_322" from="1600" to="1602" />
    <span id="t_323" from="1603" to="1612" />
    <span id="t_324" from="1612" to="1613" />
    <span id="t_325" from="1614" to="1617" />
    <span id="t_326" from="1619" to="1622" />
    <span id="t_327" from="1623" to="1628" />
    <span id="t_328" from="1629" to="1632" />
    <span id="t_329" from="1633" to="1635" />
    <span id="t_330" from="1635" to="1636" />
    <span id="t_331" from="1637" to="1641" />
    <span id="t_332" from="1642" to="1643" />
    <span id="t_333" from="1643" to="1646" />
    <span id="t_334" from="1646" to="1647" />
    <span id="t_335" from="1648" to="1650" />
    <span id="t_336" from="1651" to="1656" />
    <span id="t_337" from="1657" to="1660" />
    <span id="t_338" from="1661" to="1664" />
    <span id="t_339" from="1665" to="1668" />
    <span id="t_340" from="1669" to="1681" />
    <span id="t_341" from="1682" to="1687" />
    <span id="t_342" from="1688" to="1695" />
    <span id="t_343" from="1696" to="1699" />
    <span id="t_344" from="1700" to="1704" />
    <span id="t_345" from="1705" to="1712" />
    <span id="t_346" from="1713" to="1716" />
    <span id="t_347" from="1717" to="1727" />
    <span id="t_348" from="1728" to="1729" />
    <span id="t_349" from="1730" to="1732" />
    <span id="t_350" from="1733" to="1744" />
    <span id="t_351" from="1745" to="1748" />
    <span id="t_352" from="1749" to="1758" />
    <span id="t_353" from="1759" to="1768" />
    <span id="t_354" from="1769" to="1774" />
    <span id="t_355" from="1774" to="1775" />
    <span id="t_356" from="1776" to="1778" />
    <span id="t_357" from="1779" to="1781" />
    <span id="t_358" from="1782" to="1788" />
    <span id="t_359" from="1789" to="1792" />
    <span id="t_360" from="1793" to="1795" />
    <span id="t_361" from="1796" to="1803" />
    <span id="t_362" from="1804" to="1807" />
    <span id="t_363" from="1808" to="1814" />
    <span id="t_364" from="1815" to="1819" />
    <span id="t_365" from="1820" to="1823" />
    <span id="t_366" from="1824" to="1831" />
    <span id="t_367" from="1832" to="1834" />
    <span id="t_368" from="1835" to="1842" />
    <span id="t_369" from="1843" to="1853" />
    <span id="t_370" from="1854" to="1858" />
    <span id="t_371" from="1858" to="1859" />
    <span id="t_372" from="1860" to="1863" />
    <span id="t_373" from="1865" to="1868" />
    <span id="t_374" from="1869" to="1874" />
    <span id="t_375" from="1875" to="1878" />
    <span id="t_376" from="1879" to="1881" />
    <span id="t_377" from="1881" to="1882" />
    <span id="t_378" from="1883" to="1887" />
    <span id="t_379" from="1888" to="1889" />
    <span id="t_380" from="1889" to="1892" />
    <span id="t_381" from="1892" to="1893" />
    <span id="t_382" from="1894" to="1899" />
    <span id="t_383" from="1900" to="1907" />
    <span id="t_384" from="1908" to="1913" />
    <span id="t_385" from="1914" to="1916" />
    <span id="t_386" from="1917" to="1931" />
    <span id="t_387" from="1932" to="1934" />
    <span id="t_388" from="1935" to="1941" />
    <span id="t_389" from="1942" to="1943" />
    <span id="t_390" from="1943" to="1948" />
    <span id="t_391" from="1948" to="1949" />
    <span id="t_392" from="1950" to="1954" />
    <span id="t_393" from="1955" to="1958" />
    <span id="t_394" from="1959" to="1963" />
    <span id="t_395" from="1964" to="1967" />
    <span id="t_396" from="1968" to="1970" />
    <span id="t_397" from="1971" to="1982" />
    <span id="t_398" from="1982" to="1984" />
    <span id="t_399" from="1984" to="1985" />
    <span id="t_400" from="1985" to="1986" />
    <span id="t_401" from="1987" to="1989" />
    <span id="t_402" from="1990" to="1994" />
    <span id="t_403" from="1995" to="1997" />
    <span id="t_404" from="1998" to="2005" />
    <span id="t_405" from="2006" to="2009" />
    <span id="t_406" from="2010" to="2014" />
    <span id="t_407" from="2015" to="2025" />
    <span id="t_408" from="2026" to="2028" />
    <span id="t_409" from="2029" to="2038" />
    <span id="t_410" from="2039" to="2048" />
    <span id="t_411" from="2048" to="2049" />
    <span id="t_412" from="2050" to="2057" />
    <span id="t_413" from="2058" to="2063" />
    <span id="t_414" from="2064" to="2067" />
    <span id="t_415" from="2068" to="2070" />
    <span id="t_416" from="2070" to="2071" />
    <span id="t_417" from="2072" to="2076" />
    <span id="t_418" from="2077" to="2078" />
    <span id="t_419" from="2078" to="2081" />
    <span id="t_420" from="2081" to="2082" />
    <span id="t_421" from="2084" to="2086" />
    <span id="t_422" from="2087" to="2093" />
    <span id="t_423" from="2094" to="2103" />
    <span id="t_424" from="2104" to="2109" />
    <span id="t_425" from="2110" to="2112" />
    <span id="t_426" from="2113" to="2116" />
    <span id="t_427" from="2116" to="2117" />
    <span id="t_428" from="2118" to="2122" />
    <span id="t_429" from="2123" to="2126" />
    <span id="t_430" from="2127" to="2129" />
    <span id="t_431" from="2130" to="2135" />
    <span id="t_432" from="2136" to="2140" />
    <span id="t_433" from="2141" to="2147" />
    <span id="t_434" from="2148" to="2150" />
    <span id="t_435" from="2151" to="2156" />
    <span id="t_436" from="2157" to="2160" />
    <span id="t_437" from="2161" to="2167" />
    <span id="t_438" from="2168" to="2169" />
    <span id="t_439" from="2170" to="2175" />
    <span id="t_440" from="2176" to="2180" />
    <span id="t_441" from="2181" to="2187" />
    <span id="t_442" from="2188" to="2190" />
    <span id="t_443" from="2191" to="2195" />
    <span id="t_444" from="2196" to="2203" />
    <span id="t_445" from="2204" to="2205" />
  </spanList>
</layer>