<?xml version="1.0" encoding="UTF-8"?>
<?xml-model href="header.rng"
            type="application/xml"
            schematypens="http://relaxng.org/ns/structure/1.0"?>
<!DOCTYPE idsCorpus PUBLIC "-//IDS//DTD IDS-XCES 1.0//EN"
          "http://corpora.ids-mannheim.de/idsxces1/DTD/ids.xcesdoc.dtd">
<idsHeader pattern="text" type="text" version="1">
        <fileDesc>
          <titleStmt>
            <textSigle>WDF19/A0000.13072</textSigle>
            <t.title assemblage="external">WDF19/A0000.13072 Discussion:Australasien. URL:https://fr.wikipedia.org/wiki/Discussion:Australasien . In: Wikipedia, 2019</t.title>
          </titleStmt>
          <publicationStmt>
            <distributor>French-German-English Project Comparable Wikipedia Corpora 2019;
Leibniz-Institute for the German Language and Université de Toulouse Jean Jaurès</distributor>
            <pubAddress/>
            <idno type="cmc-core-filename">13072.tei.xml</idno>
            <availability region="world" status="free">CC-BY-SA</availability>
            <pubDate type="year">2020</pubDate>
            <pubPlace>Mannheim</pubPlace>
            <pubPlace>Toulouse</pubPlace>
          </publicationStmt>
          <sourceDesc>
            <biblStruct>
              <analytic>
                <h.title type="main">Discussion:Australasien</h.title>
                <h.author>Guillaume70 et al.</h.author>
                <imprint>
                  <pubPlace>
                    <ref target="https://fr.wikipedia.org/wiki/Discussion:Australasien" type="page_url"/>
                  </pubPlace>
                </imprint>
                <idno type="wikipedia-id">13072</idno>
              </analytic>
              <monogr>
                <h.title>Wikipedia</h.title>
                <edition>
                  <further/>
                  <kind>French language version</kind>
                  <appearance/>
                </edition>
                <imprint>
                  <publisher>Wikimedia Foundation, Inc</publisher>
                  <pubPlace>
                    <ref target="https://wikipedia.org/"/>
                  </pubPlace>
                </imprint>
              </monogr>
              <monogr>
                <h.title>frwiki-20190801-pages-meta-current</h.title>
                <edition>
                  <further/>
                  <kind>Dump file</kind>
                  <appearance/>
                </edition>
                <imprint>
                  <publisher>Wikimedia Foundation, Inc</publisher>
                  <pubPlace>
                    <ref target="http://dumps.wikimedia.org"/>
                  </pubPlace>
                  <pubDate type="year">2019</pubDate>
                  <pubDate type="month">08</pubDate>
                  <pubDate type="day">01</pubDate>
                </imprint>
                <idno type="dump-filename">frwiki-20190801-pages-meta-current</idno>
              </monogr>
              <relatedItem type="langLink">
                <ref target="https://de.wikipedia.org/wiki/Australis" targetLang="de">Australis</ref>
              </relatedItem>
              <relatedItem type="langLink">
                <ref target="https://en.wikipedia.org/wiki/Australasian%20realm" targetLang="en">Australasian realm</ref>
              </relatedItem>
              <relatedItem type="articleLink">
                <ref n="13064" target="https://fr.wikipedia.org/wiki/Australasien" targetLang="fr">Australasien</ref>
              </relatedItem>
              <relatedItem type="articleTextSigle">
                <ref type="derekoTextSigle">WPF19/A0000.13064</ref>
              </relatedItem>
            </biblStruct>
            <reference assemblage="non-automatic" type="complete">WDF19/A0000.13072 Wikipedia: Discussion:Australasien. URL: https://fr.wikipedia.org/wiki/Discussion:Australasien (Letzte Änderung 11.1.2017). In: Wikipedia, Die freie Enzyklopädie - Dump vom 1.8.2019</reference>
            <reference assemblage="regular" type="short">WDF19/A0000.13072 Wikipedia: Discussion:Australasien, (Letzte Änderung 11.1.2017), 2019</reference>
          </sourceDesc>
        </fileDesc>
        <profileDesc>
          <creation>
            <creatDate>2017.01.11</creatDate>
            <creatRef>(Letzte Änderung 11.1.2017)</creatRef>
            <creatRefShort>(Letzte Änderung 11.1.2017)</creatRefShort>
          </creation>
          <textClass>
            <classCode scheme="https://fr.wikipedia.org/wiki/Portail:Accueil">
              <ref target="https://fr.wikipedia.org/wiki/Portail:G%C3%A9ographie" targetLang="fr">Portail:Géographie</ref>
              <ref target="https://fr.wikipedia.org/wiki/Portail:Sciences" targetLang="fr">Portail:Sciences</ref>
              <ref target="https://fr.wikipedia.org/wiki/Portail:%C3%89coatlas" targetLang="fr">Portail:Écoatlas</ref>
              <ref target="https://fr.wikipedia.org/wiki/Portail:Oc%C3%A9anie" targetLang="fr">Portail:Océanie</ref>
              <ref target="https://fr.wikipedia.org/wiki/Portail:Biologie" targetLang="fr">Portail:Biologie</ref>
              <ref target="https://fr.wikipedia.org/wiki/Portail:Oc%C3%A9anie" targetLang="fr">Portail:Océanie</ref>
            </classCode>
            <classCode scheme="https://fr.wikipedia.org/wiki/Catégorie:Accueil">
              <ref target="https://fr.wikipedia.org/wiki/Catégorie:%C3%89cozone%20australasienne" targetLang="fr">Catégorie:Écozone australasienne</ref>
            </classCode>
            <h.keywords>
              <keyTerm>Écoatlas</keyTerm>
              <keyTerm>Océanie</keyTerm>
            </h.keywords>
            <classCode scheme="https://fr.wikipedia.org/wiki/Projet:Évaluation">
              <ref target="https://fr.wikipedia.org/wiki/Catégorie:Article_d%27avancement_ébauche" targetLang="fr">ébauche</ref>
            </classCode>
            <classCode scheme="https://en.wikipedia.org/wiki/Category:Contents">
              <ref target="https://en.wikipedia.org/wiki/Category:Australasian%20ecozone" targetLang="en">Category:Australasian ecozone</ref>
            </classCode>
            <classCode scheme="https://en.wikipedia.org/wiki/Wikipedia:Contents/Portals">
              <ref target="https://en.wikipedia.org/wiki/Portal:Geography" targetLang="en">Portal:Geography</ref>
              <ref target="https://en.wikipedia.org/wiki/Portal:Science" targetLang="en">Portal:Science</ref>
              <ref target="https://en.wikipedia.org/wiki/Portal:Biology" targetLang="en">Portal:Biology</ref>
              <ref target="https://en.wikipedia.org/wiki/Portal:Oceania" targetLang="en">Portal:Oceania</ref>
            </classCode>
          </textClass>
          <textDesc>
            <textType>Diskussion</textType>
            <textTypeArt>Diskussion</textTypeArt>
            <textDomain/>
          </textDesc>
        </profileDesc>
      </idsHeader>