<?xml version="1.0" encoding="UTF-8"?>
<?xml-model href="span.rng" type="application/xml" schematypens="http://relaxng.org/ns/structure/1.0"?>

<layer xmlns="http://ids-mannheim.de/ns/KorAP" version="KorAP-0.4" docid="WDF19_A0000.10894">
 <spanList>
  <span id="t_0" from="0" to="4">
   <fs type="lex" xmlns="http://www.tei-c.org/ns/1.0">
    <f name="lex">
     <fs>
      <f name="lemma">art</f>
      <f name="certainty">0.607955</f>
      <f name="ctag">NOM</f>
     </fs>
    </f>
    <f name="lex">
     <fs>
      <f name="lemma">UNKNOWN</f>
      <f name="certainty">0.368645</f>
      <f name="ctag">NAM</f>
     </fs>
    </f>
   </fs>
  </span>
  <span id="t_1" from="5" to="12">
   <fs type="lex" xmlns="http://www.tei-c.org/ns/1.0">
    <f name="lex">
     <fs>
      <f name="lemma">visuel</f>
      <f name="certainty">0.986588</f>
      <f name="ctag">ADJ</f>
     </fs>
    </f>
   </fs>
  </span>
  <span id="t_2" from="14" to="22">
   <fs type="lex" xmlns="http://www.tei-c.org/ns/1.0">
    <f name="lex">
     <fs>
      <f name="lemma">pourquoi</f>
      <f name="certainty">0.723115</f>
      <f name="ctag">NOM</f>
     </fs>
    </f>
    <f name="lex">
     <fs>
      <f name="lemma">UNKNOWN</f>
      <f name="certainty">0.276885</f>
      <f name="ctag">NAM</f>
     </fs>
    </f>
   </fs>
  </span>
  <span id="t_3" from="23" to="31">
   <fs type="lex" xmlns="http://www.tei-c.org/ns/1.0">
    <f name="lex">
     <fs>
      <f name="lemma">toujours</f>
      <f name="certainty">1.000000</f>
      <f name="ctag">ADV</f>
     </fs>
    </f>
   </fs>
  </span>
  <span id="t_4" from="32" to="39">
   <fs type="lex" xmlns="http://www.tei-c.org/ns/1.0">
    <f name="lex">
     <fs>
      <f name="lemma">vouloir</f>
      <f name="certainty">0.999090</f>
      <f name="ctag">VER:infi</f>
     </fs>
    </f>
   </fs>
  </span>
  <span id="t_5" from="40" to="47">
   <fs type="lex" xmlns="http://www.tei-c.org/ns/1.0">
    <f name="lex">
     <fs>
      <f name="lemma">séparer</f>
      <f name="certainty">1.000000</f>
      <f name="ctag">VER:infi</f>
     </fs>
    </f>
   </fs>
  </span>
  <span id="t_6" from="48" to="50">
   <fs type="lex" xmlns="http://www.tei-c.org/ns/1.0">
    <f name="lex">
     <fs>
      <f name="lemma">BD</f>
      <f name="certainty">1.000000</f>
      <f name="ctag">ABR</f>
     </fs>
    </f>
   </fs>
  </span>
  <span id="t_7" from="51" to="53">
   <fs type="lex" xmlns="http://www.tei-c.org/ns/1.0">
    <f name="lex">
     <fs>
      <f name="lemma">et</f>
      <f name="certainty">1.000000</f>
      <f name="ctag">KON</f>
     </fs>
    </f>
   </fs>
  </span>
  <span id="t_8" from="54" to="59">
   <fs type="lex" xmlns="http://www.tei-c.org/ns/1.0">
    <f name="lex">
     <fs>
      <f name="lemma">UNKNOWN</f>
      <f name="certainty">0.914111</f>
      <f name="ctag">NOM</f>
     </fs>
    </f>
   </fs>
  </span>
  <span id="t_9" from="60" to="61">
   <fs type="lex" xmlns="http://www.tei-c.org/ns/1.0">
    <f name="lex">
     <fs>
      <f name="lemma">?</f>
      <f name="certainty">1.000000</f>
      <f name="ctag">SENT</f>
     </fs>
    </f>
   </fs>
  </span>
  <span id="t_10" from="62" to="65">
   <fs type="lex" xmlns="http://www.tei-c.org/ns/1.0">
    <f name="lex">
     <fs>
      <f name="lemma">UNKNOWN</f>
      <f name="certainty">0.484879</f>
      <f name="ctag">NAM</f>
     </fs>
    </f>
    <f name="lex">
     <fs>
      <f name="lemma">UNKNOWN</f>
      <f name="certainty">0.278880</f>
      <f name="ctag">ABR</f>
     </fs>
    </f>
    <f name="lex">
     <fs>
      <f name="lemma">UNKNOWN</f>
      <f name="certainty">0.236241</f>
      <f name="ctag">NOM</f>
     </fs>
    </f>
   </fs>
  </span>
  <span id="t_11" from="66" to="71">
   <fs type="lex" xmlns="http://www.tei-c.org/ns/1.0">
    <f name="lex">
     <fs>
      <f name="lemma">@card@</f>
      <f name="certainty">0.999385</f>
      <f name="ctag">NUM</f>
     </fs>
    </f>
   </fs>
  </span>
  <span id="t_12" from="72" to="75">
   <fs type="lex" xmlns="http://www.tei-c.org/ns/1.0">
    <f name="lex">
     <fs>
      <f name="lemma">UNKNOWN</f>
      <f name="certainty">1.000000</f>
      <f name="ctag">NOM</f>
     </fs>
    </f>
   </fs>
  </span>
  <span id="t_13" from="76" to="78">
   <fs type="lex" xmlns="http://www.tei-c.org/ns/1.0">
    <f name="lex">
     <fs>
      <f name="lemma">@card@</f>
      <f name="certainty">0.995387</f>
      <f name="ctag">NUM</f>
     </fs>
    </f>
   </fs>
  </span>
  <span id="t_14" from="78" to="79">
   <fs type="lex" xmlns="http://www.tei-c.org/ns/1.0">
    <f name="lex">
     <fs>
      <f name="lemma">,</f>
      <f name="certainty">1.000000</f>
      <f name="ctag">PUN</f>
     </fs>
    </f>
   </fs>
  </span>
  <span id="t_15" from="80" to="84">
   <fs type="lex" xmlns="http://www.tei-c.org/ns/1.0">
    <f name="lex">
     <fs>
      <f name="lemma">@card@</f>
      <f name="certainty">0.995344</f>
      <f name="ctag">NUM</f>
     </fs>
    </f>
   </fs>
  </span>
  <span id="t_16" from="85" to="86">
   <fs type="lex" xmlns="http://www.tei-c.org/ns/1.0">
    <f name="lex">
     <fs>
      <f name="lemma">(</f>
      <f name="certainty">1.000000</f>
      <f name="ctag">PUN</f>
     </fs>
    </f>
   </fs>
  </span>
  <span id="t_17" from="86" to="89">
   <fs type="lex" xmlns="http://www.tei-c.org/ns/1.0">
    <f name="lex">
     <fs>
      <f name="lemma">UNKNOWN</f>
      <f name="certainty">0.998794</f>
      <f name="ctag">NAM</f>
     </fs>
    </f>
   </fs>
  </span>
  <span id="t_18" from="89" to="90">
   <fs type="lex" xmlns="http://www.tei-c.org/ns/1.0">
    <f name="lex">
     <fs>
      <f name="lemma">)</f>
      <f name="certainty">1.000000</f>
      <f name="ctag">PUN</f>
     </fs>
    </f>
   </fs>
  </span>
  <span id="t_19" from="92" to="96">
   <fs type="lex" xmlns="http://www.tei-c.org/ns/1.0">
    <f name="lex">
     <fs>
      <f name="lemma">soit</f>
      <f name="certainty">0.956379</f>
      <f name="ctag">KON</f>
     </fs>
    </f>
   </fs>
  </span>
  <span id="t_20" from="97" to="99">
   <fs type="lex" xmlns="http://www.tei-c.org/ns/1.0">
    <f name="lex">
     <fs>
      <f name="lemma">on</f>
      <f name="certainty">1.000000</f>
      <f name="ctag">PRO:PER</f>
     </fs>
    </f>
   </fs>
  </span>
  <span id="t_21" from="100" to="102">
   <fs type="lex" xmlns="http://www.tei-c.org/ns/1.0">
    <f name="lex">
     <fs>
      <f name="lemma">ne</f>
      <f name="certainty">1.000000</f>
      <f name="ctag">ADV</f>
     </fs>
    </f>
   </fs>
  </span>
  <span id="t_22" from="103" to="109">
   <fs type="lex" xmlns="http://www.tei-c.org/ns/1.0">
    <f name="lex">
     <fs>
      <f name="lemma">séparer</f>
      <f name="certainty">1.000000</f>
      <f name="ctag">VER:simp</f>
     </fs>
    </f>
   </fs>
  </span>
  <span id="t_23" from="110" to="113">
   <fs type="lex" xmlns="http://www.tei-c.org/ns/1.0">
    <f name="lex">
     <fs>
      <f name="lemma">pas</f>
      <f name="certainty">0.992478</f>
      <f name="ctag">ADV</f>
     </fs>
    </f>
   </fs>
  </span>
  <span id="t_24" from="113" to="114">
   <fs type="lex" xmlns="http://www.tei-c.org/ns/1.0">
    <f name="lex">
     <fs>
      <f name="lemma">,</f>
      <f name="certainty">1.000000</f>
      <f name="ctag">PUN</f>
     </fs>
    </f>
   </fs>
  </span>
  <span id="t_25" from="115" to="119">
   <fs type="lex" xmlns="http://www.tei-c.org/ns/1.0">
    <f name="lex">
     <fs>
      <f name="lemma">soit</f>
      <f name="certainty">0.691722</f>
      <f name="ctag">KON</f>
     </fs>
    </f>
    <f name="lex">
     <fs>
      <f name="lemma">être</f>
      <f name="certainty">0.260401</f>
      <f name="ctag">VER:subp</f>
     </fs>
    </f>
   </fs>
  </span>
  <span id="t_26" from="120" to="125">
   <fs type="lex" xmlns="http://www.tei-c.org/ns/1.0">
    <f name="lex">
     <fs>
      <f name="lemma">alors</f>
      <f name="certainty">0.937082</f>
      <f name="ctag">ADV</f>
     </fs>
    </f>
   </fs>
  </span>
  <span id="t_27" from="126" to="128">
   <fs type="lex" xmlns="http://www.tei-c.org/ns/1.0">
    <f name="lex">
     <fs>
      <f name="lemma">on</f>
      <f name="certainty">1.000000</f>
      <f name="ctag">PRO:PER</f>
     </fs>
    </f>
   </fs>
  </span>
  <span id="t_28" from="129" to="138">
   <fs type="lex" xmlns="http://www.tei-c.org/ns/1.0">
    <f name="lex">
     <fs>
      <f name="lemma">distinguer</f>
      <f name="certainty">0.998878</f>
      <f name="ctag">VER:pres</f>
     </fs>
    </f>
   </fs>
  </span>
  <span id="t_29" from="139" to="144">
   <fs type="lex" xmlns="http://www.tei-c.org/ns/1.0">
    <f name="lex">
     <fs>
      <f name="lemma">aussi</f>
      <f name="certainty">0.999550</f>
      <f name="ctag">ADV</f>
     </fs>
    </f>
   </fs>
  </span>
  <span id="t_30" from="144" to="145">
   <fs type="lex" xmlns="http://www.tei-c.org/ns/1.0">
    <f name="lex">
     <fs>
      <f name="lemma">,</f>
      <f name="certainty">1.000000</f>
      <f name="ctag">PUN</f>
     </fs>
    </f>
   </fs>
  </span>
  <span id="t_31" from="146" to="148">
   <fs type="lex" xmlns="http://www.tei-c.org/ns/1.0">
    <f name="lex">
     <fs>
      <f name="lemma">le</f>
      <f name="certainty">0.999632</f>
      <f name="ctag">DET:ART</f>
     </fs>
    </f>
   </fs>
  </span>
  <span id="t_32" from="149" to="155">
   <fs type="lex" xmlns="http://www.tei-c.org/ns/1.0">
    <f name="lex">
     <fs>
      <f name="lemma">comics</f>
      <f name="certainty">1.000000</f>
      <f name="ctag">NOM</f>
     </fs>
    </f>
   </fs>
  </span>
  <span id="t_33" from="155" to="156">
   <fs type="lex" xmlns="http://www.tei-c.org/ns/1.0">
    <f name="lex">
     <fs>
      <f name="lemma">,</f>
      <f name="certainty">1.000000</f>
      <f name="ctag">PUN</f>
     </fs>
    </f>
   </fs>
  </span>
  <span id="t_34" from="157" to="159">
   <fs type="lex" xmlns="http://www.tei-c.org/ns/1.0">
    <f name="lex">
     <fs>
      <f name="lemma">le</f>
      <f name="certainty">0.982419</f>
      <f name="ctag">DET:ART</f>
     </fs>
    </f>
   </fs>
  </span>
  <span id="t_35" from="160" to="165">
   <fs type="lex" xmlns="http://www.tei-c.org/ns/1.0">
    <f name="lex">
     <fs>
      <f name="lemma">UNKNOWN</f>
      <f name="certainty">0.980961</f>
      <f name="ctag">NOM</f>
     </fs>
    </f>
   </fs>
  </span>
  <span id="t_36" from="165" to="166">
   <fs type="lex" xmlns="http://www.tei-c.org/ns/1.0">
    <f name="lex">
     <fs>
      <f name="lemma">,</f>
      <f name="certainty">1.000000</f>
      <f name="ctag">PUN</f>
     </fs>
    </f>
   </fs>
  </span>
  <span id="t_37" from="167" to="169">
   <fs type="lex" xmlns="http://www.tei-c.org/ns/1.0">
    <f name="lex">
     <fs>
      <f name="lemma">le</f>
      <f name="certainty">0.999630</f>
      <f name="ctag">DET:ART</f>
     </fs>
    </f>
   </fs>
  </span>
  <span id="t_38" from="170" to="175">
   <fs type="lex" xmlns="http://www.tei-c.org/ns/1.0">
    <f name="lex">
     <fs>
      <f name="lemma">UNKNOWN</f>
      <f name="certainty">0.996264</f>
      <f name="ctag">NOM</f>
     </fs>
    </f>
   </fs>
  </span>
  <span id="t_39" from="176" to="178">
   <fs type="lex" xmlns="http://www.tei-c.org/ns/1.0">
    <f name="lex">
     <fs>
      <f name="lemma">UNKNOWN</f>
      <f name="certainty">0.255572</f>
      <f name="ctag">VER:subi</f>
     </fs>
    </f>
    <f name="lex">
     <fs>
      <f name="lemma">UNKNOWN</f>
      <f name="certainty">0.155511</f>
      <f name="ctag">VER:futu</f>
     </fs>
    </f>
    <f name="lex">
     <fs>
      <f name="lemma">UNKNOWN</f>
      <f name="certainty">0.151561</f>
      <f name="ctag">VER:simp</f>
     </fs>
    </f>
    <f name="lex">
     <fs>
      <f name="lemma">UNKNOWN</f>
      <f name="certainty">0.087265</f>
      <f name="ctag">VER:cond</f>
     </fs>
    </f>
    <f name="lex">
     <fs>
      <f name="lemma">UNKNOWN</f>
      <f name="certainty">0.080463</f>
      <f name="ctag">VER:impf</f>
     </fs>
    </f>
    <f name="lex">
     <fs>
      <f name="lemma">UNKNOWN</f>
      <f name="certainty">0.060591</f>
      <f name="ctag">ABR</f>
     </fs>
    </f>
    <f name="lex">
     <fs>
      <f name="lemma">UNKNOWN</f>
      <f name="certainty">0.059291</f>
      <f name="ctag">VER:ppre</f>
     </fs>
    </f>
    <f name="lex">
     <fs>
      <f name="lemma">UNKNOWN</f>
      <f name="certainty">0.048128</f>
      <f name="ctag">VER:pper</f>
     </fs>
    </f>
    <f name="lex">
     <fs>
      <f name="lemma">UNKNOWN</f>
      <f name="certainty">0.042408</f>
      <f name="ctag">VER:pres</f>
     </fs>
    </f>
    <f name="lex">
     <fs>
      <f name="lemma">UNKNOWN</f>
      <f name="certainty">0.040996</f>
      <f name="ctag">VER:subp</f>
     </fs>
    </f>
   </fs>
  </span>
  <span id="t_40" from="179" to="181">
   <fs type="lex" xmlns="http://www.tei-c.org/ns/1.0">
    <f name="lex">
     <fs>
      <f name="lemma">le</f>
      <f name="certainty">0.999942</f>
      <f name="ctag">DET:ART</f>
     </fs>
    </f>
   </fs>
  </span>
  <span id="t_41" from="182" to="184">
   <fs type="lex" xmlns="http://www.tei-c.org/ns/1.0">
    <f name="lex">
     <fs>
      <f name="lemma">UNKNOWN</f>
      <f name="certainty">0.999960</f>
      <f name="ctag">NOM</f>
     </fs>
    </f>
   </fs>
  </span>
  <span id="t_42" from="185" to="190">
   <fs type="lex" xmlns="http://www.tei-c.org/ns/1.0">
    <f name="lex">
     <fs>
      <f name="lemma">belge</f>
      <f name="certainty">0.990389</f>
      <f name="ctag">ADJ</f>
     </fs>
    </f>
   </fs>
  </span>
  <span id="t_43" from="191" to="193">
   <fs type="lex" xmlns="http://www.tei-c.org/ns/1.0">
    <f name="lex">
     <fs>
      <f name="lemma">et</f>
      <f name="certainty">1.000000</f>
      <f name="ctag">KON</f>
     </fs>
    </f>
   </fs>
  </span>
  <span id="t_44" from="194" to="199">
   <fs type="lex" xmlns="http://www.tei-c.org/ns/1.0">
    <f name="lex">
     <fs>
      <f name="lemma">UNKNOWN</f>
      <f name="certainty">0.991044</f>
      <f name="ctag">NOM</f>
     </fs>
    </f>
   </fs>
  </span>
  <span id="t_45" from="200" to="203">
   <fs type="lex" xmlns="http://www.tei-c.org/ns/1.0">
    <f name="lex">
     <fs>
      <f name="lemma">le</f>
      <f name="certainty">0.999507</f>
      <f name="ctag">DET:ART</f>
     </fs>
    </f>
   </fs>
  </span>
  <span id="t_46" from="204" to="211">
   <fs type="lex" xmlns="http://www.tei-c.org/ns/1.0">
    <f name="lex">
     <fs>
      <f name="lemma">auteur</f>
      <f name="certainty">1.000000</f>
      <f name="ctag">NOM</f>
     </fs>
    </f>
   </fs>
  </span>
  <span id="t_47" from="212" to="221">
   <fs type="lex" xmlns="http://www.tei-c.org/ns/1.0">
    <f name="lex">
     <fs>
      <f name="lemma">européen</f>
      <f name="certainty">0.961667</f>
      <f name="ctag">ADJ</f>
     </fs>
    </f>
   </fs>
  </span>
  <span id="t_48" from="222" to="224">
   <fs type="lex" xmlns="http://www.tei-c.org/ns/1.0">
    <f name="lex">
     <fs>
      <f name="lemma">UNKNOWN</f>
      <f name="certainty">0.344788</f>
      <f name="ctag">VER:futu</f>
     </fs>
    </f>
    <f name="lex">
     <fs>
      <f name="lemma">UNKNOWN</f>
      <f name="certainty">0.291740</f>
      <f name="ctag">VER:simp</f>
     </fs>
    </f>
    <f name="lex">
     <fs>
      <f name="lemma">UNKNOWN</f>
      <f name="certainty">0.108479</f>
      <f name="ctag">VER:pres</f>
     </fs>
    </f>
    <f name="lex">
     <fs>
      <f name="lemma">UNKNOWN</f>
      <f name="certainty">0.080651</f>
      <f name="ctag">NOM</f>
     </fs>
    </f>
    <f name="lex">
     <fs>
      <f name="lemma">UNKNOWN</f>
      <f name="certainty">0.076183</f>
      <f name="ctag">VER:pper</f>
     </fs>
    </f>
    <f name="lex">
     <fs>
      <f name="lemma">UNKNOWN</f>
      <f name="certainty">0.070580</f>
      <f name="ctag">VER:impf</f>
     </fs>
    </f>
   </fs>
  </span>
  <span id="t_49" from="225" to="227">
   <fs type="lex" xmlns="http://www.tei-c.org/ns/1.0">
    <f name="lex">
     <fs>
      <f name="lemma">on</f>
      <f name="certainty">1.000000</f>
      <f name="ctag">PRO:PER</f>
     </fs>
    </f>
   </fs>
  </span>
  <span id="t_50" from="228" to="236">
   <fs type="lex" xmlns="http://www.tei-c.org/ns/1.0">
    <f name="lex">
     <fs>
      <f name="lemma">commencer</f>
      <f name="certainty">0.999102</f>
      <f name="ctag">VER:pres</f>
     </fs>
    </f>
   </fs>
  </span>
  <span id="t_51" from="237" to="242">
   <fs type="lex" xmlns="http://www.tei-c.org/ns/1.0">
    <f name="lex">
     <fs>
      <f name="lemma">aussi</f>
      <f name="certainty">0.998784</f>
      <f name="ctag">ADV</f>
     </fs>
    </f>
   </fs>
  </span>
  <span id="t_52" from="243" to="244">
   <fs type="lex" xmlns="http://www.tei-c.org/ns/1.0">
    <f name="lex">
     <fs>
      <f name="lemma">avoir</f>
      <f name="certainty">1.000000</f>
      <f name="ctag">VER:pres</f>
     </fs>
    </f>
   </fs>
  </span>
  <span id="t_53" from="245" to="250">
   <fs type="lex" xmlns="http://www.tei-c.org/ns/1.0">
    <f name="lex">
     <fs>
      <f name="lemma">parler</f>
      <f name="certainty">0.992930</f>
      <f name="ctag">VER:pper</f>
     </fs>
    </f>
   </fs>
  </span>
  <span id="t_54" from="251" to="253">
   <fs type="lex" xmlns="http://www.tei-c.org/ns/1.0">
    <f name="lex">
     <fs>
      <f name="lemma">de</f>
      <f name="certainty">1.000000</f>
      <f name="ctag">PRP</f>
     </fs>
    </f>
   </fs>
  </span>
  <span id="t_55" from="254" to="256">
   <fs type="lex" xmlns="http://www.tei-c.org/ns/1.0">
    <f name="lex">
     <fs>
      <f name="lemma">le</f>
      <f name="certainty">0.999973</f>
      <f name="ctag">DET:ART</f>
     </fs>
    </f>
   </fs>
  </span>
  <span id="t_56" from="257" to="259">
   <fs type="lex" xmlns="http://www.tei-c.org/ns/1.0">
    <f name="lex">
     <fs>
      <f name="lemma">UNKNOWN</f>
      <f name="certainty">0.999978</f>
      <f name="ctag">NOM</f>
     </fs>
    </f>
   </fs>
  </span>
  <span id="t_57" from="260" to="269">
   <fs type="lex" xmlns="http://www.tei-c.org/ns/1.0">
    <f name="lex">
     <fs>
      <f name="lemma">africain</f>
      <f name="certainty">0.990390</f>
      <f name="ctag">ADJ</f>
     </fs>
    </f>
   </fs>
  </span>
  <span id="t_58" from="270" to="272">
   <fs type="lex" xmlns="http://www.tei-c.org/ns/1.0">
    <f name="lex">
     <fs>
      <f name="lemma">et</f>
      <f name="certainty">1.000000</f>
      <f name="ctag">KON</f>
     </fs>
    </f>
   </fs>
  </span>
  <span id="t_59" from="273" to="277">
   <fs type="lex" xmlns="http://www.tei-c.org/ns/1.0">
    <f name="lex">
     <fs>
      <f name="lemma">donc</f>
      <f name="certainty">1.000000</f>
      <f name="ctag">ADV</f>
     </fs>
    </f>
   </fs>
  </span>
  <span id="t_60" from="278" to="281">
   <fs type="lex" xmlns="http://www.tei-c.org/ns/1.0">
    <f name="lex">
     <fs>
      <f name="lemma">...</f>
      <f name="certainty">1.000000</f>
      <f name="ctag">PUN</f>
     </fs>
    </f>
   </fs>
  </span>
  <span id="t_61" from="283" to="292">
   <fs type="lex" xmlns="http://www.tei-c.org/ns/1.0">
    <f name="lex">
     <fs>
      <f name="lemma">UNKNOWN</f>
      <f name="certainty">0.566053</f>
      <f name="ctag">NOM</f>
     </fs>
    </f>
    <f name="lex">
     <fs>
      <f name="lemma">UNKNOWN</f>
      <f name="certainty">0.427108</f>
      <f name="ctag">ADJ</f>
     </fs>
    </f>
   </fs>
  </span>
  <span id="t_62" from="293" to="295">
   <fs type="lex" xmlns="http://www.tei-c.org/ns/1.0">
    <f name="lex">
     <fs>
      <f name="lemma">ce</f>
      <f name="certainty">1.000000</f>
      <f name="ctag">PRO:DEM</f>
     </fs>
    </f>
   </fs>
  </span>
  <span id="t_63" from="296" to="301">
   <fs type="lex" xmlns="http://www.tei-c.org/ns/1.0">
    <f name="lex">
     <fs>
      <f name="lemma">UNKNOWN</f>
      <f name="certainty">1.000000</f>
      <f name="ctag">NOM</f>
     </fs>
    </f>
   </fs>
  </span>
  <span id="t_64" from="302" to="314">
   <fs type="lex" xmlns="http://www.tei-c.org/ns/1.0">
    <f name="lex">
     <fs>
      <f name="lemma">parfaitement</f>
      <f name="certainty">1.000000</f>
      <f name="ctag">ADV</f>
     </fs>
    </f>
   </fs>
  </span>
  <span id="t_65" from="315" to="316">
   <fs type="lex" xmlns="http://www.tei-c.org/ns/1.0">
    <f name="lex">
     <fs>
      <f name="lemma">à</f>
      <f name="certainty">1.000000</f>
      <f name="ctag">PRP</f>
     </fs>
    </f>
   </fs>
  </span>
  <span id="t_66" from="317" to="319">
   <fs type="lex" xmlns="http://www.tei-c.org/ns/1.0">
    <f name="lex">
     <fs>
      <f name="lemma">ce</f>
      <f name="certainty">1.000000</f>
      <f name="ctag">PRO:DEM</f>
     </fs>
    </f>
   </fs>
  </span>
  <span id="t_67" from="320" to="325">
   <fs type="lex" xmlns="http://www.tei-c.org/ns/1.0">
    <f name="lex">
     <fs>
      <f name="lemma">genre</f>
      <f name="certainty">1.000000</f>
      <f name="ctag">NOM</f>
     </fs>
    </f>
   </fs>
  </span>
  <span id="t_68" from="326" to="328">
   <fs type="lex" xmlns="http://www.tei-c.org/ns/1.0">
    <f name="lex">
     <fs>
      <f name="lemma">de</f>
      <f name="certainty">1.000000</f>
      <f name="ctag">PRP</f>
     </fs>
    </f>
   </fs>
  </span>
  <span id="t_69" from="329" to="339">
   <fs type="lex" xmlns="http://www.tei-c.org/ns/1.0">
    <f name="lex">
     <fs>
      <f name="lemma">UNKNOWN</f>
      <f name="certainty">1.000000</f>
      <f name="ctag">NOM</f>
     </fs>
    </f>
   </fs>
  </span>
  <span id="t_70" from="339" to="340">
   <fs type="lex" xmlns="http://www.tei-c.org/ns/1.0">
    <f name="lex">
     <fs>
      <f name="lemma">.</f>
      <f name="certainty">1.000000</f>
      <f name="ctag">SENT</f>
     </fs>
    </f>
   </fs>
  </span>
  <span id="t_71" from="341" to="344">
   <fs type="lex" xmlns="http://www.tei-c.org/ns/1.0">
    <f name="lex">
     <fs>
      <f name="lemma">UNKNOWN</f>
      <f name="certainty">0.618445</f>
      <f name="ctag">NAM</f>
     </fs>
    </f>
    <f name="lex">
     <fs>
      <f name="lemma">UNKNOWN</f>
      <f name="certainty">0.130730</f>
      <f name="ctag">VER:pper</f>
     </fs>
    </f>
    <f name="lex">
     <fs>
      <f name="lemma">UNKNOWN</f>
      <f name="certainty">0.128888</f>
      <f name="ctag">VER:cond</f>
     </fs>
    </f>
   </fs>
  </span>
  <span id="t_72" from="345" to="346">
   <fs type="lex" xmlns="http://www.tei-c.org/ns/1.0">
    <f name="lex">
     <fs>
      <f name="lemma">@card@</f>
      <f name="certainty">0.999642</f>
      <f name="ctag">NUM</f>
     </fs>
    </f>
   </fs>
  </span>
  <span id="t_73" from="347" to="350">
   <fs type="lex" xmlns="http://www.tei-c.org/ns/1.0">
    <f name="lex">
     <fs>
      <f name="lemma">UNKNOWN</f>
      <f name="certainty">1.000000</f>
      <f name="ctag">NOM</f>
     </fs>
    </f>
   </fs>
  </span>
  <span id="t_74" from="351" to="355">
   <fs type="lex" xmlns="http://www.tei-c.org/ns/1.0">
    <f name="lex">
     <fs>
      <f name="lemma">@card@</f>
      <f name="certainty">0.986206</f>
      <f name="ctag">NUM</f>
     </fs>
    </f>
   </fs>
  </span>
  <span id="t_75" from="356" to="357">
   <fs type="lex" xmlns="http://www.tei-c.org/ns/1.0">
    <f name="lex">
     <fs>
      <f name="lemma">à</f>
      <f name="certainty">1.000000</f>
      <f name="ctag">PRP</f>
     </fs>
    </f>
   </fs>
  </span>
  <span id="t_76" from="358" to="363">
   <fs type="lex" xmlns="http://www.tei-c.org/ns/1.0">
    <f name="lex">
     <fs>
      <f name="lemma">@card@</f>
      <f name="certainty">0.999591</f>
      <f name="ctag">NUM</f>
     </fs>
    </f>
   </fs>
  </span>
  <span id="t_77" from="364" to="365">
   <fs type="lex" xmlns="http://www.tei-c.org/ns/1.0">
    <f name="lex">
     <fs>
      <f name="lemma">(</f>
      <f name="certainty">1.000000</f>
      <f name="ctag">PUN</f>
     </fs>
    </f>
   </fs>
  </span>
  <span id="t_78" from="365" to="369">
   <fs type="lex" xmlns="http://www.tei-c.org/ns/1.0">
    <f name="lex">
     <fs>
      <f name="lemma">UNKNOWN</f>
      <f name="certainty">0.998680</f>
      <f name="ctag">NAM</f>
     </fs>
    </f>
   </fs>
  </span>
  <span id="t_79" from="369" to="370">
   <fs type="lex" xmlns="http://www.tei-c.org/ns/1.0">
    <f name="lex">
     <fs>
      <f name="lemma">)</f>
      <f name="certainty">1.000000</f>
      <f name="ctag">PUN</f>
     </fs>
    </f>
   </fs>
  </span>
  <span id="t_80" from="372" to="374">
   <fs type="lex" xmlns="http://www.tei-c.org/ns/1.0">
    <f name="lex">
     <fs>
      <f name="lemma">UNKNOWN</f>
      <f name="certainty">0.748638</f>
      <f name="ctag">NAM</f>
     </fs>
    </f>
    <f name="lex">
     <fs>
      <f name="lemma">UNKNOWN</f>
      <f name="certainty">0.127207</f>
      <f name="ctag">ADJ</f>
     </fs>
    </f>
    <f name="lex">
     <fs>
      <f name="lemma">UNKNOWN</f>
      <f name="certainty">0.124154</f>
      <f name="ctag">NOM</f>
     </fs>
    </f>
   </fs>
  </span>
  <span id="t_81" from="374" to="379">
   <fs type="lex" xmlns="http://www.tei-c.org/ns/1.0">
    <f name="lex">
     <fs>
      <f name="lemma">adorer</f>
      <f name="certainty">0.997253</f>
      <f name="ctag">VER:pres</f>
     </fs>
    </f>
   </fs>
  </span>
  <span id="t_82" from="380" to="382">
   <fs type="lex" xmlns="http://www.tei-c.org/ns/1.0">
    <f name="lex">
     <fs>
      <f name="lemma">le</f>
      <f name="certainty">0.999993</f>
      <f name="ctag">DET:ART</f>
     </fs>
    </f>
   </fs>
  </span>
  <span id="t_83" from="382" to="385">
   <fs type="lex" xmlns="http://www.tei-c.org/ns/1.0">
    <f name="lex">
     <fs>
      <f name="lemma">Art</f>
      <f name="certainty">1.000000</f>
      <f name="ctag">NAM</f>
     </fs>
    </f>
   </fs>
  </span>
  <span id="t_84" from="386" to="392">
   <fs type="lex" xmlns="http://www.tei-c.org/ns/1.0">
    <f name="lex">
     <fs>
      <f name="lemma">UNKNOWN</f>
      <f name="certainty">0.999006</f>
      <f name="ctag">NAM</f>
     </fs>
    </f>
   </fs>
  </span>
  <span id="t_85" from="393" to="394">
   <fs type="lex" xmlns="http://www.tei-c.org/ns/1.0">
    <f name="lex">
     <fs>
      <f name="lemma">!</f>
      <f name="certainty">1.000000</f>
      <f name="ctag">SENT</f>
     </fs>
    </f>
   </fs>
  </span>
 </spanList>
</layer>
