<?xml version="1.0" encoding="UTF-8"?>
<?xml-model href="span.rng"
            type="application/xml"
            schematypens="http://relaxng.org/ns/structure/1.0"?>
<layer docid="WDF19_A0000.14548"
       xmlns="http://ids-mannheim.de/ns/KorAP"
       version="KorAP-0.4">
  <spanList>
    <span id="t_0" from="0" to="9" />
    <span id="t_1" from="11" to="12" />
    <span id="t_2" from="12" to="17" />
    <span id="t_3" from="17" to="19" />
    <span id="t_4" from="19" to="21" />
    <span id="t_5" from="23" to="25" />
    <span id="t_6" from="26" to="28" />
    <span id="t_7" from="29" to="35" />
    <span id="t_8" from="36" to="39" />
    <span id="t_9" from="40" to="47" />
    <span id="t_10" from="48" to="57" />
    <span id="t_11" from="58" to="59" />
    <span id="t_12" from="60" to="64" />
    <span id="t_13" from="65" to="68" />
    <span id="t_14" from="69" to="76" />
    <span id="t_15" from="77" to="80" />
    <span id="t_16" from="80" to="81" />
    <span id="t_17" from="82" to="91" />
    <span id="t_18" from="92" to="95" />
    <span id="t_19" from="96" to="103" />
    <span id="t_20" from="104" to="122" />
    <span id="t_21" from="123" to="124" />
    <span id="t_22" from="124" to="125" />
    <span id="t_23" from="125" to="127" />
    <span id="t_24" from="128" to="133" />
    <span id="t_25" from="134" to="137" />
    <span id="t_26" from="138" to="144" />
    <span id="t_27" from="145" to="151" />
    <span id="t_28" from="151" to="152" />
    <span id="t_29" from="152" to="153" />
    <span id="t_30" from="153" to="154" />
    <span id="t_31" from="155" to="161" />
    <span id="t_32" from="162" to="165" />
    <span id="t_33" from="166" to="175" />
    <span id="t_34" from="176" to="180" />
    <span id="t_35" from="181" to="190" />
    <span id="t_36" from="191" to="193" />
    <span id="t_37" from="194" to="196" />
    <span id="t_38" from="197" to="210" />
    <span id="t_39" from="211" to="220" />
    <span id="t_40" from="221" to="222" />
    <span id="t_41" from="223" to="232" />
    <span id="t_42" from="233" to="234" />
    <span id="t_43" from="235" to="240" />
    <span id="t_44" from="241" to="249" />
    <span id="t_45" from="249" to="250" />
    <span id="t_46" from="251" to="253" />
    <span id="t_47" from="254" to="256" />
    <span id="t_48" from="257" to="259" />
    <span id="t_49" from="260" to="268" />
    <span id="t_50" from="269" to="273" />
    <span id="t_51" from="273" to="276" />
    <span id="t_52" from="277" to="283" />
    <span id="t_53" from="284" to="287" />
    <span id="t_54" from="288" to="290" />
    <span id="t_55" from="291" to="300" />
    <span id="t_56" from="301" to="303" />
    <span id="t_57" from="304" to="307" />
    <span id="t_58" from="308" to="315" />
    <span id="t_59" from="316" to="318" />
    <span id="t_60" from="319" to="322" />
    <span id="t_61" from="323" to="327" />
    <span id="t_62" from="328" to="329" />
    <span id="t_63" from="330" to="335" />
    <span id="t_64" from="336" to="337" />
    <span id="t_65" from="337" to="341" />
    <span id="t_66" from="341" to="342" />
    <span id="t_67" from="344" to="348" />
    <span id="t_68" from="349" to="355" />
    <span id="t_69" from="356" to="359" />
    <span id="t_70" from="360" to="378" />
    <span id="t_71" from="379" to="380" />
    <span id="t_72" from="380" to="381" />
    <span id="t_73" from="381" to="386" />
    <span id="t_74" from="387" to="391" />
    <span id="t_75" from="392" to="394" />
    <span id="t_76" from="395" to="401" />
    <span id="t_77" from="402" to="408" />
    <span id="t_78" from="408" to="409" />
    <span id="t_79" from="409" to="410" />
    <span id="t_80" from="411" to="416" />
    <span id="t_81" from="417" to="420" />
    <span id="t_82" from="421" to="424" />
    <span id="t_83" from="425" to="427" />
    <span id="t_84" from="428" to="433" />
    <span id="t_85" from="434" to="436" />
    <span id="t_86" from="437" to="440" />
    <span id="t_87" from="441" to="450" />
    <span id="t_88" from="451" to="452" />
    <span id="t_89" from="452" to="453" />
    <span id="t_90" from="453" to="455" />
    <span id="t_91" from="456" to="461" />
    <span id="t_92" from="462" to="465" />
    <span id="t_93" from="466" to="471" />
    <span id="t_94" from="471" to="472" />
    <span id="t_95" from="472" to="473" />
    <span id="t_96" from="474" to="479" />
    <span id="t_97" from="480" to="483" />
    <span id="t_98" from="484" to="493" />
    <span id="t_99" from="493" to="494" />
    <span id="t_100" from="495" to="497" />
    <span id="t_101" from="498" to="502" />
    <span id="t_102" from="503" to="505" />
    <span id="t_103" from="506" to="511" />
    <span id="t_104" from="512" to="517" />
    <span id="t_105" from="518" to="524" />
    <span id="t_106" from="524" to="525" />
    <span id="t_107" from="526" to="531" />
    <span id="t_108" from="532" to="536" />
    <span id="t_109" from="537" to="540" />
    <span id="t_110" from="541" to="549" />
    <span id="t_111" from="549" to="550" />
    <span id="t_112" from="551" to="555" />
    <span id="t_113" from="556" to="559" />
    <span id="t_114" from="560" to="562" />
    <span id="t_115" from="563" to="569" />
    <span id="t_116" from="570" to="572" />
    <span id="t_117" from="573" to="577" />
    <span id="t_118" from="578" to="581" />
    <span id="t_119" from="582" to="584" />
    <span id="t_120" from="585" to="594" />
    <span id="t_121" from="594" to="595" />
    <span id="t_122" from="596" to="600" />
    <span id="t_123" from="601" to="603" />
    <span id="t_124" from="604" to="606" />
    <span id="t_125" from="607" to="609" />
    <span id="t_126" from="610" to="616" />
    <span id="t_127" from="617" to="620" />
    <span id="t_128" from="620" to="621" />
    <span id="t_129" from="622" to="625" />
    <span id="t_130" from="626" to="630" />
    <span id="t_131" from="631" to="635" />
    <span id="t_132" from="636" to="639" />
    <span id="t_133" from="640" to="648" />
    <span id="t_134" from="648" to="649" />
    <span id="t_135" from="650" to="657" />
    <span id="t_136" from="659" to="661" />
    <span id="t_137" from="662" to="666" />
    <span id="t_138" from="666" to="667" />
    <span id="t_139" from="668" to="670" />
    <span id="t_140" from="671" to="674" />
    <span id="t_141" from="675" to="677" />
    <span id="t_142" from="678" to="680" />
    <span id="t_143" from="681" to="685" />
    <span id="t_144" from="686" to="689" />
    <span id="t_145" from="689" to="690" />
    <span id="t_146" from="691" to="696" />
    <span id="t_147" from="697" to="699" />
    <span id="t_148" from="700" to="704" />
    <span id="t_149" from="705" to="706" />
    <span id="t_150" from="707" to="709" />
    <span id="t_151" from="710" to="712" />
    <span id="t_152" from="713" to="716" />
    <span id="t_153" from="717" to="723" />
    <span id="t_154" from="724" to="729" />
    <span id="t_155" from="730" to="732" />
    <span id="t_156" from="733" to="743" />
    <span id="t_157" from="744" to="753" />
    <span id="t_158" from="754" to="755" />
    <span id="t_159" from="755" to="773" />
    <span id="t_160" from="773" to="775" />
    <span id="t_161" from="775" to="776" />
    <span id="t_162" from="776" to="777" />
    <span id="t_163" from="778" to="785" />
    <span id="t_164" from="786" to="788" />
    <span id="t_165" from="789" to="792" />
    <span id="t_166" from="793" to="797" />
    <span id="t_167" from="798" to="799" />
    <span id="t_168" from="800" to="805" />
    <span id="t_169" from="806" to="807" />
    <span id="t_170" from="807" to="811" />
    <span id="t_171" from="811" to="812" />
    <span id="t_172" from="814" to="819" />
    <span id="t_173" from="820" to="823" />
    <span id="t_174" from="824" to="831" />
    <span id="t_175" from="832" to="835" />
    <span id="t_176" from="836" to="844" />
    <span id="t_177" from="845" to="849" />
    <span id="t_178" from="850" to="860" />
    <span id="t_179" from="861" to="874" />
    <span id="t_180" from="874" to="875" />
    <span id="t_181" from="876" to="881" />
    <span id="t_182" from="882" to="888" />
    <span id="t_183" from="889" to="893" />
    <span id="t_184" from="894" to="895" />
    <span id="t_185" from="896" to="901" />
    <span id="t_186" from="902" to="907" />
    <span id="t_187" from="908" to="910" />
    <span id="t_188" from="911" to="915" />
    <span id="t_189" from="916" to="927" />
    <span id="t_190" from="927" to="928" />
    <span id="t_191" from="929" to="931" />
    <span id="t_192" from="932" to="941" />
    <span id="t_193" from="942" to="944" />
    <span id="t_194" from="945" to="955" />
    <span id="t_195" from="956" to="963" />
    <span id="t_196" from="964" to="975" />
    <span id="t_197" from="976" to="978" />
    <span id="t_198" from="979" to="983" />
    <span id="t_199" from="984" to="992" />
    <span id="t_200" from="993" to="996" />
    <span id="t_201" from="997" to="1002" />
    <span id="t_202" from="1003" to="1012" />
    <span id="t_203" from="1013" to="1015" />
    <span id="t_204" from="1016" to="1018" />
    <span id="t_205" from="1019" to="1024" />
    <span id="t_206" from="1025" to="1030" />
    <span id="t_207" from="1031" to="1042" />
    <span id="t_208" from="1042" to="1043" />
    <span id="t_209" from="1044" to="1048" />
    <span id="t_210" from="1049" to="1055" />
    <span id="t_211" from="1056" to="1060" />
    <span id="t_212" from="1061" to="1063" />
    <span id="t_213" from="1064" to="1067" />
    <span id="t_214" from="1068" to="1070" />
    <span id="t_215" from="1071" to="1073" />
    <span id="t_216" from="1074" to="1078" />
    <span id="t_217" from="1078" to="1079" />
    <span id="t_218" from="1080" to="1084" />
    <span id="t_219" from="1085" to="1091" />
    <span id="t_220" from="1092" to="1097" />
    <span id="t_221" from="1098" to="1105" />
    <span id="t_222" from="1106" to="1108" />
    <span id="t_223" from="1109" to="1112" />
    <span id="t_224" from="1113" to="1124" />
    <span id="t_225" from="1125" to="1131" />
    <span id="t_226" from="1132" to="1139" />
    <span id="t_227" from="1140" to="1142" />
    <span id="t_228" from="1143" to="1150" />
    <span id="t_229" from="1151" to="1155" />
    <span id="t_230" from="1156" to="1158" />
    <span id="t_231" from="1159" to="1168" />
    <span id="t_232" from="1169" to="1171" />
    <span id="t_233" from="1172" to="1176" />
    <span id="t_234" from="1176" to="1177" />
    <span id="t_235" from="1178" to="1186" />
    <span id="t_236" from="1187" to="1192" />
    <span id="t_237" from="1193" to="1198" />
    <span id="t_238" from="1199" to="1203" />
    <span id="t_239" from="1204" to="1211" />
    <span id="t_240" from="1212" to="1213" />
    <span id="t_241" from="1214" to="1216" />
    <span id="t_242" from="1217" to="1225" />
    <span id="t_243" from="1226" to="1229" />
    <span id="t_244" from="1230" to="1237" />
    <span id="t_245" from="1238" to="1240" />
    <span id="t_246" from="1241" to="1248" />
    <span id="t_247" from="1249" to="1252" />
    <span id="t_248" from="1253" to="1254" />
    <span id="t_249" from="1255" to="1257" />
    <span id="t_250" from="1258" to="1266" />
    <span id="t_251" from="1267" to="1270" />
    <span id="t_252" from="1271" to="1278" />
    <span id="t_253" from="1279" to="1281" />
    <span id="t_254" from="1282" to="1287" />
    <span id="t_255" from="1288" to="1294" />
    <span id="t_256" from="1294" to="1295" />
    <span id="t_257" from="1296" to="1300" />
    <span id="t_258" from="1301" to="1305" />
    <span id="t_259" from="1306" to="1310" />
    <span id="t_260" from="1311" to="1313" />
    <span id="t_261" from="1314" to="1320" />
    <span id="t_262" from="1321" to="1327" />
    <span id="t_263" from="1328" to="1332" />
    <span id="t_264" from="1333" to="1335" />
    <span id="t_265" from="1336" to="1342" />
    <span id="t_266" from="1343" to="1349" />
    <span id="t_267" from="1349" to="1350" />
    <span id="t_268" from="1351" to="1356" />
    <span id="t_269" from="1357" to="1362" />
    <span id="t_270" from="1364" to="1366" />
    <span id="t_271" from="1367" to="1371" />
    <span id="t_272" from="1372" to="1374" />
    <span id="t_273" from="1375" to="1380" />
    <span id="t_274" from="1381" to="1383" />
    <span id="t_275" from="1384" to="1389" />
    <span id="t_276" from="1390" to="1392" />
    <span id="t_277" from="1393" to="1398" />
    <span id="t_278" from="1399" to="1403" />
    <span id="t_279" from="1404" to="1407" />
    <span id="t_280" from="1408" to="1412" />
    <span id="t_281" from="1413" to="1414" />
    <span id="t_282" from="1415" to="1419" />
    <span id="t_283" from="1420" to="1424" />
    <span id="t_284" from="1425" to="1430" />
    <span id="t_285" from="1431" to="1436" />
    <span id="t_286" from="1437" to="1440" />
    <span id="t_287" from="1441" to="1443" />
    <span id="t_288" from="1444" to="1448" />
    <span id="t_289" from="1450" to="1458" />
    <span id="t_290" from="1459" to="1467" />
    <span id="t_291" from="1468" to="1469" />
    <span id="t_292" from="1470" to="1472" />
    <span id="t_293" from="1472" to="1478" />
    <span id="t_294" from="1480" to="1486" />
    <span id="t_295" from="1487" to="1489" />
    <span id="t_296" from="1490" to="1494" />
    <span id="t_297" from="1495" to="1499" />
    <span id="t_298" from="1500" to="1501" />
    <span id="t_299" from="1502" to="1507" />
    <span id="t_300" from="1508" to="1509" />
    <span id="t_301" from="1509" to="1512" />
    <span id="t_302" from="1512" to="1513" />
    <span id="t_303" from="1514" to="1529" />
    <span id="t_304" from="1530" to="1541" />
    <span id="t_305" from="1543" to="1547" />
    <span id="t_306" from="1548" to="1549" />
    <span id="t_307" from="1549" to="1552" />
    <span id="t_308" from="1553" to="1559" />
    <span id="t_309" from="1560" to="1565" />
    <span id="t_310" from="1566" to="1568" />
    <span id="t_311" from="1569" to="1577" />
    <span id="t_312" from="1578" to="1586" />
    <span id="t_313" from="1586" to="1587" />
    <span id="t_314" from="1587" to="1588" />
    <span id="t_315" from="1589" to="1598" />
    <span id="t_316" from="1599" to="1603" />
    <span id="t_317" from="1604" to="1610" />
    <span id="t_318" from="1611" to="1621" />
    <span id="t_319" from="1622" to="1625" />
    <span id="t_320" from="1626" to="1640" />
    <span id="t_321" from="1641" to="1643" />
    <span id="t_322" from="1644" to="1649" />
    <span id="t_323" from="1650" to="1661" />
    <span id="t_324" from="1662" to="1663" />
    <span id="t_325" from="1663" to="1668" />
    <span id="t_326" from="1669" to="1678" />
    <span id="t_327" from="1679" to="1683" />
    <span id="t_328" from="1684" to="1694" />
    <span id="t_329" from="1695" to="1699" />
    <span id="t_330" from="1700" to="1701" />
    <span id="t_331" from="1701" to="1710" />
    <span id="t_332" from="1711" to="1713" />
    <span id="t_333" from="1714" to="1723" />
    <span id="t_334" from="1723" to="1724" />
    <span id="t_335" from="1725" to="1727" />
    <span id="t_336" from="1728" to="1734" />
    <span id="t_337" from="1735" to="1742" />
    <span id="t_338" from="1742" to="1743" />
    <span id="t_339" from="1743" to="1744" />
    <span id="t_340" from="1745" to="1748" />
    <span id="t_341" from="1749" to="1751" />
    <span id="t_342" from="1752" to="1756" />
    <span id="t_343" from="1757" to="1760" />
    <span id="t_344" from="1761" to="1767" />
    <span id="t_345" from="1768" to="1770" />
    <span id="t_346" from="1770" to="1771" />
    <span id="t_347" from="1771" to="1772" />
    <span id="t_348" from="1773" to="1778" />
    <span id="t_349" from="1779" to="1783" />
    <span id="t_350" from="1783" to="1784" />
    <span id="t_351" from="1785" to="1787" />
    <span id="t_352" from="1788" to="1794" />
    <span id="t_353" from="1795" to="1797" />
    <span id="t_354" from="1798" to="1802" />
    <span id="t_355" from="1803" to="1809" />
    <span id="t_356" from="1810" to="1813" />
    <span id="t_357" from="1814" to="1817" />
    <span id="t_358" from="1818" to="1823" />
    <span id="t_359" from="1824" to="1833" />
    <span id="t_360" from="1834" to="1839" />
    <span id="t_361" from="1840" to="1843" />
    <span id="t_362" from="1844" to="1852" />
    <span id="t_363" from="1853" to="1855" />
    <span id="t_364" from="1856" to="1861" />
    <span id="t_365" from="1862" to="1866" />
    <span id="t_366" from="1867" to="1876" />
    <span id="t_367" from="1877" to="1886" />
    <span id="t_368" from="1887" to="1888" />
    <span id="t_369" from="1889" to="1893" />
    <span id="t_370" from="1894" to="1897" />
    <span id="t_371" from="1898" to="1901" />
    <span id="t_372" from="1902" to="1912" />
    <span id="t_373" from="1913" to="1922" />
    <span id="t_374" from="1922" to="1923" />
    <span id="t_375" from="1924" to="1933" />
    <span id="t_376" from="1934" to="1941" />
    <span id="t_377" from="1942" to="1946" />
    <span id="t_378" from="1947" to="1950" />
    <span id="t_379" from="1951" to="1962" />
    <span id="t_380" from="1963" to="1965" />
    <span id="t_381" from="1966" to="1972" />
    <span id="t_382" from="1973" to="1978" />
    <span id="t_383" from="1979" to="1990" />
    <span id="t_384" from="1990" to="1991" />
    <span id="t_385" from="1992" to="1996" />
    <span id="t_386" from="1997" to="2003" />
    <span id="t_387" from="2004" to="2009" />
    <span id="t_388" from="2010" to="2018" />
    <span id="t_389" from="2019" to="2031" />
    <span id="t_390" from="2032" to="2035" />
    <span id="t_391" from="2036" to="2042" />
    <span id="t_392" from="2043" to="2050" />
    <span id="t_393" from="2051" to="2059" />
    <span id="t_394" from="2060" to="2062" />
    <span id="t_395" from="2063" to="2070" />
    <span id="t_396" from="2071" to="2073" />
    <span id="t_397" from="2074" to="2078" />
    <span id="t_398" from="2079" to="2081" />
    <span id="t_399" from="2082" to="2085" />
    <span id="t_400" from="2086" to="2091" />
    <span id="t_401" from="2092" to="2097" />
    <span id="t_402" from="2098" to="2100" />
    <span id="t_403" from="2101" to="2103" />
    <span id="t_404" from="2104" to="2111" />
    <span id="t_405" from="2112" to="2114" />
    <span id="t_406" from="2115" to="2120" />
    <span id="t_407" from="2121" to="2124" />
    <span id="t_408" from="2125" to="2131" />
    <span id="t_409" from="2132" to="2137" />
    <span id="t_410" from="2138" to="2147" />
    <span id="t_411" from="2148" to="2150" />
    <span id="t_412" from="2151" to="2160" />
    <span id="t_413" from="2161" to="2164" />
    <span id="t_414" from="2165" to="2171" />
    <span id="t_415" from="2172" to="2174" />
    <span id="t_416" from="2175" to="2181" />
    <span id="t_417" from="2181" to="2182" />
    <span id="t_418" from="2183" to="2188" />
    <span id="t_419" from="2189" to="2192" />
    <span id="t_420" from="2192" to="2193" />
    <span id="t_421" from="2194" to="2197" />
    <span id="t_422" from="2198" to="2208" />
    <span id="t_423" from="2209" to="2211" />
    <span id="t_424" from="2212" to="2216" />
    <span id="t_425" from="2217" to="2220" />
    <span id="t_426" from="2221" to="2227" />
    <span id="t_427" from="2228" to="2233" />
    <span id="t_428" from="2234" to="2237" />
    <span id="t_429" from="2238" to="2240" />
    <span id="t_430" from="2241" to="2245" />
    <span id="t_431" from="2246" to="2248" />
    <span id="t_432" from="2249" to="2257" />
    <span id="t_433" from="2258" to="2267" />
    <span id="t_434" from="2268" to="2270" />
    <span id="t_435" from="2271" to="2274" />
    <span id="t_436" from="2275" to="2279" />
    <span id="t_437" from="2280" to="2285" />
    <span id="t_438" from="2285" to="2286" />
    <span id="t_439" from="2287" to="2291" />
    <span id="t_440" from="2292" to="2296" />
    <span id="t_441" from="2297" to="2300" />
    <span id="t_442" from="2301" to="2306" />
    <span id="t_443" from="2307" to="2311" />
    <span id="t_444" from="2312" to="2314" />
    <span id="t_445" from="2315" to="2323" />
    <span id="t_446" from="2324" to="2335" />
    <span id="t_447" from="2336" to="2341" />
    <span id="t_448" from="2342" to="2344" />
    <span id="t_449" from="2345" to="2348" />
    <span id="t_450" from="2349" to="2358" />
    <span id="t_451" from="2359" to="2361" />
    <span id="t_452" from="2362" to="2365" />
    <span id="t_453" from="2366" to="2376" />
    <span id="t_454" from="2377" to="2381" />
    <span id="t_455" from="2382" to="2384" />
    <span id="t_456" from="2385" to="2400" />
    <span id="t_457" from="2401" to="2403" />
    <span id="t_458" from="2404" to="2406" />
    <span id="t_459" from="2407" to="2417" />
    <span id="t_460" from="2418" to="2420" />
    <span id="t_461" from="2421" to="2423" />
    <span id="t_462" from="2424" to="2432" />
    <span id="t_463" from="2433" to="2434" />
    <span id="t_464" from="2435" to="2443" />
    <span id="t_465" from="2444" to="2445" />
    <span id="t_466" from="2445" to="2454" />
    <span id="t_467" from="2454" to="2455" />
    <span id="t_468" from="2456" to="2458" />
    <span id="t_469" from="2459" to="2463" />
    <span id="t_470" from="2464" to="2465" />
    <span id="t_471" from="2466" to="2469" />
    <span id="t_472" from="2470" to="2482" />
    <span id="t_473" from="2483" to="2490" />
    <span id="t_474" from="2491" to="2492" />
    <span id="t_475" from="2492" to="2495" />
    <span id="t_476" from="2496" to="2505" />
    <span id="t_477" from="2506" to="2510" />
    <span id="t_478" from="2511" to="2513" />
    <span id="t_479" from="2514" to="2522" />
    <span id="t_480" from="2523" to="2527" />
    <span id="t_481" from="2528" to="2535" />
    <span id="t_482" from="2536" to="2540" />
    <span id="t_483" from="2541" to="2544" />
    <span id="t_484" from="2545" to="2550" />
    <span id="t_485" from="2550" to="2551" />
    <span id="t_486" from="2552" to="2554" />
    <span id="t_487" from="2555" to="2561" />
    <span id="t_488" from="2562" to="2564" />
    <span id="t_489" from="2565" to="2573" />
    <span id="t_490" from="2574" to="2575" />
    <span id="t_491" from="2575" to="2581" />
    <span id="t_492" from="2581" to="2582" />
    <span id="t_493" from="2582" to="2583" />
    <span id="t_494" from="2584" to="2586" />
    <span id="t_495" from="2587" to="2591" />
    <span id="t_496" from="2592" to="2599" />
    <span id="t_497" from="2600" to="2605" />
    <span id="t_498" from="2606" to="2609" />
    <span id="t_499" from="2610" to="2612" />
    <span id="t_500" from="2613" to="2621" />
    <span id="t_501" from="2622" to="2632" />
    <span id="t_502" from="2633" to="2638" />
    <span id="t_503" from="2639" to="2643" />
    <span id="t_504" from="2644" to="2647" />
    <span id="t_505" from="2648" to="2655" />
    <span id="t_506" from="2656" to="2658" />
    <span id="t_507" from="2659" to="2671" />
    <span id="t_508" from="2672" to="2673" />
    <span id="t_509" from="2673" to="2674" />
    <span id="t_510" from="2675" to="2682" />
    <span id="t_511" from="2683" to="2686" />
    <span id="t_512" from="2687" to="2692" />
    <span id="t_513" from="2693" to="2700" />
    <span id="t_514" from="2701" to="2704" />
    <span id="t_515" from="2705" to="2708" />
    <span id="t_516" from="2709" to="2716" />
    <span id="t_517" from="2717" to="2720" />
    <span id="t_518" from="2721" to="2723" />
    <span id="t_519" from="2724" to="2730" />
    <span id="t_520" from="2730" to="2731" />
    <span id="t_521" from="2732" to="2738" />
    <span id="t_522" from="2739" to="2746" />
    <span id="t_523" from="2747" to="2749" />
    <span id="t_524" from="2750" to="2753" />
    <span id="t_525" from="2754" to="2756" />
    <span id="t_526" from="2757" to="2761" />
    <span id="t_527" from="2762" to="2764" />
    <span id="t_528" from="2765" to="2770" />
    <span id="t_529" from="2771" to="2780" />
    <span id="t_530" from="2781" to="2786" />
    <span id="t_531" from="2787" to="2791" />
    <span id="t_532" from="2792" to="2795" />
    <span id="t_533" from="2796" to="2800" />
    <span id="t_534" from="2801" to="2810" />
    <span id="t_535" from="2811" to="2818" />
    <span id="t_536" from="2819" to="2823" />
    <span id="t_537" from="2824" to="2826" />
    <span id="t_538" from="2827" to="2833" />
    <span id="t_539" from="2834" to="2836" />
    <span id="t_540" from="2837" to="2849" />
    <span id="t_541" from="2850" to="2853" />
    <span id="t_542" from="2854" to="2858" />
    <span id="t_543" from="2859" to="2862" />
    <span id="t_544" from="2863" to="2870" />
    <span id="t_545" from="2871" to="2874" />
    <span id="t_546" from="2875" to="2878" />
    <span id="t_547" from="2879" to="2892" />
    <span id="t_548" from="2893" to="2905" />
    <span id="t_549" from="2906" to="2911" />
    <span id="t_550" from="2912" to="2915" />
    <span id="t_551" from="2915" to="2916" />
    <span id="t_552" from="2918" to="2927" />
    <span id="t_553" from="2928" to="2936" />
    <span id="t_554" from="2937" to="2949" />
    <span id="t_555" from="2950" to="2953" />
    <span id="t_556" from="2954" to="2959" />
    <span id="t_557" from="2960" to="2974" />
    <span id="t_558" from="2975" to="2977" />
    <span id="t_559" from="2978" to="2988" />
    <span id="t_560" from="2989" to="2990" />
    <span id="t_561" from="2991" to="2993" />
    <span id="t_562" from="2994" to="3000" />
    <span id="t_563" from="3001" to="3012" />
    <span id="t_564" from="3013" to="3015" />
    <span id="t_565" from="3016" to="3026" />
    <span id="t_566" from="3027" to="3029" />
    <span id="t_567" from="3030" to="3035" />
    <span id="t_568" from="3036" to="3038" />
    <span id="t_569" from="3039" to="3042" />
    <span id="t_570" from="3043" to="3044" />
    <span id="t_571" from="3045" to="3050" />
    <span id="t_572" from="3051" to="3058" />
    <span id="t_573" from="3059" to="3063" />
    <span id="t_574" from="3064" to="3073" />
    <span id="t_575" from="3073" to="3074" />
    <span id="t_576" from="3075" to="3077" />
    <span id="t_577" from="3077" to="3082" />
    <span id="t_578" from="3083" to="3086" />
    <span id="t_579" from="3087" to="3088" />
    <span id="t_580" from="3089" to="3096" />
    <span id="t_581" from="3097" to="3101" />
    <span id="t_582" from="3102" to="3103" />
    <span id="t_583" from="3104" to="3109" />
    <span id="t_584" from="3110" to="3111" />
    <span id="t_585" from="3111" to="3115" />
    <span id="t_586" from="3115" to="3116" />
    <span id="t_587" from="3117" to="3123" />
    <span id="t_588" from="3124" to="3134" />
    <span id="t_589" from="3135" to="3146" />
    <span id="t_590" from="3147" to="3151" />
    <span id="t_591" from="3153" to="3157" />
    <span id="t_592" from="3158" to="3160" />
    <span id="t_593" from="3161" to="3164" />
    <span id="t_594" from="3165" to="3167" />
    <span id="t_595" from="3168" to="3173" />
    <span id="t_596" from="3174" to="3182" />
    <span id="t_597" from="3182" to="3183" />
    <span id="t_598" from="3184" to="3186" />
    <span id="t_599" from="3187" to="3190" />
    <span id="t_600" from="3191" to="3200" />
    <span id="t_601" from="3201" to="3208" />
    <span id="t_602" from="3209" to="3221" />
    <span id="t_603" from="3222" to="3225" />
    <span id="t_604" from="3226" to="3231" />
    <span id="t_605" from="3231" to="3232" />
    <span id="t_606" from="3233" to="3235" />
    <span id="t_607" from="3236" to="3249" />
    <span id="t_608" from="3250" to="3254" />
    <span id="t_609" from="3255" to="3257" />
    <span id="t_610" from="3258" to="3269" />
    <span id="t_611" from="3270" to="3282" />
    <span id="t_612" from="3283" to="3289" />
    <span id="t_613" from="3290" to="3293" />
    <span id="t_614" from="3294" to="3296" />
    <span id="t_615" from="3297" to="3304" />
    <span id="t_616" from="3305" to="3316" />
    <span id="t_617" from="3317" to="3319" />
    <span id="t_618" from="3320" to="3323" />
    <span id="t_619" from="3324" to="3326" />
    <span id="t_620" from="3327" to="3331" />
    <span id="t_621" from="3332" to="3335" />
    <span id="t_622" from="3336" to="3343" />
    <span id="t_623" from="3344" to="3346" />
    <span id="t_624" from="3347" to="3349" />
    <span id="t_625" from="3350" to="3360" />
    <span id="t_626" from="3361" to="3364" />
    <span id="t_627" from="3365" to="3371" />
    <span id="t_628" from="3372" to="3378" />
    <span id="t_629" from="3379" to="3380" />
    <span id="t_630" from="3381" to="3389" />
    <span id="t_631" from="3390" to="3391" />
    <span id="t_632" from="3391" to="3393" />
    <span id="t_633" from="3394" to="3397" />
    <span id="t_634" from="3398" to="3407" />
    <span id="t_635" from="3408" to="3413" />
    <span id="t_636" from="3414" to="3415" />
    <span id="t_637" from="3415" to="3416" />
    <span id="t_638" from="3416" to="3418" />
    <span id="t_639" from="3418" to="3419" />
    <span id="t_640" from="3420" to="3424" />
    <span id="t_641" from="3425" to="3431" />
    <span id="t_642" from="3431" to="3432" />
    <span id="t_643" from="3433" to="3437" />
    <span id="t_644" from="3438" to="3449" />
    <span id="t_645" from="3450" to="3454" />
    <span id="t_646" from="3454" to="3455" />
    <span id="t_647" from="3456" to="3461" />
    <span id="t_648" from="3462" to="3467" />
    <span id="t_649" from="3468" to="3470" />
    <span id="t_650" from="3471" to="3476" />
    <span id="t_651" from="3477" to="3480" />
    <span id="t_652" from="3480" to="3481" />
    <span id="t_653" from="3482" to="3484" />
    <span id="t_654" from="3485" to="3488" />
    <span id="t_655" from="3489" to="3497" />
    <span id="t_656" from="3498" to="3509" />
    <span id="t_657" from="3510" to="3518" />
    <span id="t_658" from="3519" to="3524" />
    <span id="t_659" from="3524" to="3525" />
    <span id="t_660" from="3525" to="3526" />
    <span id="t_661" from="3527" to="3529" />
    <span id="t_662" from="3529" to="3534" />
    <span id="t_663" from="3535" to="3538" />
    <span id="t_664" from="3539" to="3540" />
    <span id="t_665" from="3541" to="3548" />
    <span id="t_666" from="3549" to="3553" />
    <span id="t_667" from="3554" to="3555" />
    <span id="t_668" from="3556" to="3561" />
    <span id="t_669" from="3562" to="3563" />
    <span id="t_670" from="3563" to="3567" />
    <span id="t_671" from="3567" to="3568" />
    <span id="t_672" from="3569" to="3574" />
    <span id="t_673" from="3575" to="3583" />
    <span id="t_674" from="3585" to="3587" />
    <span id="t_675" from="3588" to="3602" />
    <span id="t_676" from="3603" to="3607" />
    <span id="t_677" from="3608" to="3611" />
    <span id="t_678" from="3612" to="3614" />
    <span id="t_679" from="3615" to="3619" />
    <span id="t_680" from="3620" to="3629" />
    <span id="t_681" from="3630" to="3637" />
    <span id="t_682" from="3638" to="3640" />
    <span id="t_683" from="3641" to="3647" />
    <span id="t_684" from="3648" to="3655" />
    <span id="t_685" from="3655" to="3656" />
    <span id="t_686" from="3657" to="3659" />
    <span id="t_687" from="3660" to="3671" />
    <span id="t_688" from="3672" to="3675" />
    <span id="t_689" from="3676" to="3680" />
    <span id="t_690" from="3681" to="3686" />
    <span id="t_691" from="3687" to="3689" />
    <span id="t_692" from="3690" to="3698" />
    <span id="t_693" from="3699" to="3703" />
    <span id="t_694" from="3704" to="3706" />
    <span id="t_695" from="3707" to="3713" />
    <span id="t_696" from="3714" to="3721" />
    <span id="t_697" from="3722" to="3726" />
    <span id="t_698" from="3727" to="3730" />
    <span id="t_699" from="3731" to="3734" />
    <span id="t_700" from="3735" to="3738" />
    <span id="t_701" from="3739" to="3741" />
    <span id="t_702" from="3742" to="3748" />
    <span id="t_703" from="3749" to="3753" />
    <span id="t_704" from="3754" to="3756" />
    <span id="t_705" from="3757" to="3764" />
    <span id="t_706" from="3765" to="3769" />
    <span id="t_707" from="3770" to="3775" />
    <span id="t_708" from="3776" to="3779" />
    <span id="t_709" from="3780" to="3790" />
    <span id="t_710" from="3791" to="3793" />
    <span id="t_711" from="3794" to="3802" />
    <span id="t_712" from="3803" to="3807" />
    <span id="t_713" from="3808" to="3817" />
    <span id="t_714" from="3818" to="3820" />
    <span id="t_715" from="3821" to="3824" />
    <span id="t_716" from="3825" to="3834" />
    <span id="t_717" from="3835" to="3839" />
    <span id="t_718" from="3840" to="3842" />
    <span id="t_719" from="3843" to="3849" />
    <span id="t_720" from="3849" to="3850" />
    <span id="t_721" from="3852" to="3854" />
    <span id="t_722" from="3855" to="3862" />
    <span id="t_723" from="3863" to="3868" />
    <span id="t_724" from="3869" to="3872" />
    <span id="t_725" from="3873" to="3875" />
    <span id="t_726" from="3876" to="3878" />
    <span id="t_727" from="3879" to="3883" />
    <span id="t_728" from="3884" to="3887" />
    <span id="t_729" from="3888" to="3893" />
    <span id="t_730" from="3894" to="3905" />
    <span id="t_731" from="3906" to="3910" />
    <span id="t_732" from="3911" to="3915" />
    <span id="t_733" from="3916" to="3926" />
    <span id="t_734" from="3926" to="3927" />
    <span id="t_735" from="3929" to="3931" />
    <span id="t_736" from="3933" to="3934" />
    <span id="t_737" from="3935" to="3942" />
    <span id="t_738" from="3943" to="3947" />
    <span id="t_739" from="3948" to="3949" />
    <span id="t_740" from="3950" to="3952" />
    <span id="t_741" from="3952" to="3953" />
    <span id="t_742" from="3953" to="3955" />
    <span id="t_743" from="3956" to="3957" />
    <span id="t_744" from="3957" to="3961" />
    <span id="t_745" from="3961" to="3962" />
    <span id="t_746" from="3962" to="3965" />
    <span id="t_747" from="3966" to="3971" />
    <span id="t_748" from="3972" to="3976" />
    <span id="t_749" from="3977" to="3985" />
    <span id="t_750" from="3986" to="3988" />
    <span id="t_751" from="3988" to="3989" />
    <span id="t_752" from="3989" to="3998" />
    <span id="t_753" from="3999" to="4001" />
    <span id="t_754" from="4002" to="4010" />
    <span id="t_755" from="4011" to="4015" />
    <span id="t_756" from="4016" to="4018" />
    <span id="t_757" from="4019" to="4025" />
    <span id="t_758" from="4026" to="4030" />
    <span id="t_759" from="4031" to="4037" />
    <span id="t_760" from="4038" to="4041" />
    <span id="t_761" from="4042" to="4046" />
    <span id="t_762" from="4047" to="4054" />
    <span id="t_763" from="4055" to="4057" />
    <span id="t_764" from="4058" to="4064" />
    <span id="t_765" from="4065" to="4070" />
    <span id="t_766" from="4071" to="4073" />
    <span id="t_767" from="4074" to="4078" />
    <span id="t_768" from="4078" to="4079" />
    <span id="t_769" from="4080" to="4084" />
    <span id="t_770" from="4085" to="4091" />
    <span id="t_771" from="4091" to="4092" />
    <span id="t_772" from="4093" to="4096" />
    <span id="t_773" from="4097" to="4104" />
    <span id="t_774" from="4105" to="4107" />
    <span id="t_775" from="4108" to="4111" />
    <span id="t_776" from="4112" to="4118" />
    <span id="t_777" from="4119" to="4121" />
    <span id="t_778" from="4122" to="4134" />
    <span id="t_779" from="4135" to="4137" />
    <span id="t_780" from="4138" to="4143" />
    <span id="t_781" from="4144" to="4148" />
    <span id="t_782" from="4149" to="4154" />
    <span id="t_783" from="4155" to="4163" />
    <span id="t_784" from="4164" to="4166" />
    <span id="t_785" from="4167" to="4176" />
    <span id="t_786" from="4177" to="4179" />
    <span id="t_787" from="4180" to="4183" />
    <span id="t_788" from="4184" to="4190" />
    <span id="t_789" from="4191" to="4200" />
    <span id="t_790" from="4200" to="4201" />
    <span id="t_791" from="4203" to="4212" />
    <span id="t_792" from="4212" to="4213" />
    <span id="t_793" from="4214" to="4216" />
    <span id="t_794" from="4217" to="4222" />
    <span id="t_795" from="4223" to="4225" />
    <span id="t_796" from="4226" to="4230" />
    <span id="t_797" from="4231" to="4232" />
    <span id="t_798" from="4233" to="4241" />
    <span id="t_799" from="4242" to="4244" />
    <span id="t_800" from="4245" to="4247" />
    <span id="t_801" from="4248" to="4253" />
    <span id="t_802" from="4253" to="4254" />
    <span id="t_803" from="4255" to="4264" />
    <span id="t_804" from="4265" to="4270" />
    <span id="t_805" from="4271" to="4273" />
    <span id="t_806" from="4274" to="4278" />
    <span id="t_807" from="4279" to="4280" />
    <span id="t_808" from="4281" to="4288" />
    <span id="t_809" from="4289" to="4293" />
    <span id="t_810" from="4294" to="4296" />
    <span id="t_811" from="4297" to="4305" />
    <span id="t_812" from="4306" to="4310" />
    <span id="t_813" from="4311" to="4315" />
    <span id="t_814" from="4316" to="4321" />
    <span id="t_815" from="4322" to="4324" />
    <span id="t_816" from="4325" to="4333" />
    <span id="t_817" from="4333" to="4334" />
    <span id="t_818" from="4335" to="4337" />
    <span id="t_819" from="4338" to="4342" />
    <span id="t_820" from="4343" to="4345" />
    <span id="t_821" from="4346" to="4355" />
    <span id="t_822" from="4356" to="4358" />
    <span id="t_823" from="4359" to="4365" />
    <span id="t_824" from="4366" to="4371" />
    <span id="t_825" from="4372" to="4380" />
    <span id="t_826" from="4381" to="4383" />
    <span id="t_827" from="4384" to="4386" />
    <span id="t_828" from="4387" to="4391" />
    <span id="t_829" from="4392" to="4396" />
    <span id="t_830" from="4397" to="4407" />
    <span id="t_831" from="4408" to="4413" />
    <span id="t_832" from="4414" to="4416" />
    <span id="t_833" from="4417" to="4418" />
    <span id="t_834" from="4419" to="4427" />
    <span id="t_835" from="4428" to="4429" />
    <span id="t_836" from="4430" to="4434" />
    <span id="t_837" from="4435" to="4438" />
    <span id="t_838" from="4439" to="4443" />
    <span id="t_839" from="4444" to="4449" />
    <span id="t_840" from="4450" to="4453" />
    <span id="t_841" from="4454" to="4464" />
    <span id="t_842" from="4465" to="4469" />
    <span id="t_843" from="4470" to="4479" />
    <span id="t_844" from="4480" to="4482" />
    <span id="t_845" from="4483" to="4486" />
    <span id="t_846" from="4487" to="4496" />
    <span id="t_847" from="4497" to="4501" />
    <span id="t_848" from="4502" to="4504" />
    <span id="t_849" from="4505" to="4511" />
    <span id="t_850" from="4511" to="4512" />
    <span id="t_851" from="4513" to="4522" />
    <span id="t_852" from="4523" to="4530" />
    <span id="t_853" from="4531" to="4535" />
    <span id="t_854" from="4536" to="4537" />
    <span id="t_855" from="4538" to="4541" />
    <span id="t_856" from="4542" to="4546" />
    <span id="t_857" from="4547" to="4554" />
    <span id="t_858" from="4555" to="4559" />
    <span id="t_859" from="4560" to="4562" />
    <span id="t_860" from="4563" to="4568" />
    <span id="t_861" from="4569" to="4571" />
    <span id="t_862" from="4572" to="4578" />
    <span id="t_863" from="4579" to="4583" />
    <span id="t_864" from="4584" to="4586" />
    <span id="t_865" from="4587" to="4591" />
    <span id="t_866" from="4592" to="4593" />
    <span id="t_867" from="4593" to="4598" />
    <span id="t_868" from="4598" to="4599" />
    <span id="t_869" from="4600" to="4606" />
    <span id="t_870" from="4607" to="4609" />
    <span id="t_871" from="4610" to="4617" />
    <span id="t_872" from="4617" to="4618" />
    <span id="t_873" from="4619" to="4621" />
    <span id="t_874" from="4622" to="4624" />
    <span id="t_875" from="4625" to="4631" />
    <span id="t_876" from="4632" to="4635" />
    <span id="t_877" from="4636" to="4638" />
    <span id="t_878" from="4639" to="4648" />
    <span id="t_879" from="4649" to="4653" />
    <span id="t_880" from="4654" to="4658" />
    <span id="t_881" from="4659" to="4671" />
    <span id="t_882" from="4672" to="4678" />
    <span id="t_883" from="4679" to="4681" />
    <span id="t_884" from="4682" to="4690" />
    <span id="t_885" from="4691" to="4693" />
    <span id="t_886" from="4694" to="4696" />
    <span id="t_887" from="4697" to="4701" />
    <span id="t_888" from="4702" to="4707" />
    <span id="t_889" from="4708" to="4716" />
    <span id="t_890" from="4717" to="4719" />
    <span id="t_891" from="4720" to="4730" />
    <span id="t_892" from="4731" to="4734" />
    <span id="t_893" from="4735" to="4738" />
    <span id="t_894" from="4739" to="4741" />
    <span id="t_895" from="4742" to="4747" />
    <span id="t_896" from="4748" to="4750" />
    <span id="t_897" from="4751" to="4757" />
    <span id="t_898" from="4758" to="4760" />
    <span id="t_899" from="4761" to="4766" />
    <span id="t_900" from="4767" to="4770" />
    <span id="t_901" from="4771" to="4779" />
    <span id="t_902" from="4779" to="4780" />
    <span id="t_903" from="4782" to="4784" />
    <span id="t_904" from="4785" to="4793" />
    <span id="t_905" from="4794" to="4795" />
    <span id="t_906" from="4795" to="4796" />
    <span id="t_907" from="4796" to="4805" />
    <span id="t_908" from="4806" to="4809" />
    <span id="t_909" from="4810" to="4813" />
    <span id="t_910" from="4814" to="4819" />
    <span id="t_911" from="4820" to="4827" />
    <span id="t_912" from="4828" to="4830" />
    <span id="t_913" from="4831" to="4840" />
    <span id="t_914" from="4841" to="4843" />
    <span id="t_915" from="4844" to="4852" />
    <span id="t_916" from="4853" to="4862" />
    <span id="t_917" from="4863" to="4871" />
    <span id="t_918" from="4872" to="4875" />
    <span id="t_919" from="4876" to="4882" />
    <span id="t_920" from="4883" to="4885" />
    <span id="t_921" from="4886" to="4889" />
    <span id="t_922" from="4890" to="4901" />
    <span id="t_923" from="4902" to="4903" />
    <span id="t_924" from="4904" to="4912" />
    <span id="t_925" from="4913" to="4914" />
    <span id="t_926" from="4915" to="4917" />
    <span id="t_927" from="4918" to="4928" />
    <span id="t_928" from="4929" to="4931" />
    <span id="t_929" from="4932" to="4945" />
    <span id="t_930" from="4946" to="4948" />
    <span id="t_931" from="4949" to="4953" />
    <span id="t_932" from="4954" to="4959" />
    <span id="t_933" from="4959" to="4960" />
    <span id="t_934" from="4961" to="4963" />
    <span id="t_935" from="4964" to="4968" />
    <span id="t_936" from="4969" to="4971" />
    <span id="t_937" from="4972" to="4977" />
    <span id="t_938" from="4978" to="4986" />
    <span id="t_939" from="4987" to="4992" />
    <span id="t_940" from="4993" to="4998" />
    <span id="t_941" from="4999" to="5006" />
    <span id="t_942" from="5007" to="5010" />
    <span id="t_943" from="5011" to="5013" />
    <span id="t_944" from="5014" to="5019" />
    <span id="t_945" from="5020" to="5025" />
    <span id="t_946" from="5026" to="5028" />
    <span id="t_947" from="5029" to="5034" />
    <span id="t_948" from="5035" to="5043" />
    <span id="t_949" from="5044" to="5048" />
    <span id="t_950" from="5049" to="5053" />
    <span id="t_951" from="5054" to="5056" />
    <span id="t_952" from="5057" to="5066" />
    <span id="t_953" from="5067" to="5069" />
    <span id="t_954" from="5070" to="5075" />
    <span id="t_955" from="5076" to="5078" />
    <span id="t_956" from="5079" to="5085" />
    <span id="t_957" from="5086" to="5088" />
    <span id="t_958" from="5089" to="5094" />
    <span id="t_959" from="5095" to="5103" />
    <span id="t_960" from="5104" to="5110" />
    <span id="t_961" from="5110" to="5111" />
    <span id="t_962" from="5112" to="5114" />
    <span id="t_963" from="5115" to="5124" />
    <span id="t_964" from="5125" to="5127" />
    <span id="t_965" from="5128" to="5135" />
    <span id="t_966" from="5136" to="5141" />
    <span id="t_967" from="5142" to="5147" />
    <span id="t_968" from="5148" to="5150" />
    <span id="t_969" from="5151" to="5155" />
    <span id="t_970" from="5155" to="5156" />
    <span id="t_971" from="5157" to="5159" />
    <span id="t_972" from="5160" to="5166" />
    <span id="t_973" from="5167" to="5169" />
    <span id="t_974" from="5170" to="5172" />
    <span id="t_975" from="5173" to="5177" />
    <span id="t_976" from="5178" to="5181" />
    <span id="t_977" from="5182" to="5192" />
    <span id="t_978" from="5193" to="5201" />
    <span id="t_979" from="5202" to="5207" />
    <span id="t_980" from="5208" to="5210" />
    <span id="t_981" from="5211" to="5221" />
    <span id="t_982" from="5222" to="5223" />
    <span id="t_983" from="5224" to="5228" />
    <span id="t_984" from="5229" to="5233" />
    <span id="t_985" from="5234" to="5240" />
    <span id="t_986" from="5241" to="5247" />
    <span id="t_987" from="5248" to="5252" />
    <span id="t_988" from="5253" to="5256" />
    <span id="t_989" from="5257" to="5261" />
    <span id="t_990" from="5262" to="5264" />
    <span id="t_991" from="5265" to="5272" />
    <span id="t_992" from="5273" to="5275" />
    <span id="t_993" from="5276" to="5283" />
    <span id="t_994" from="5283" to="5284" />
    <span id="t_995" from="5285" to="5296" />
    <span id="t_996" from="5297" to="5301" />
    <span id="t_997" from="5302" to="5304" />
    <span id="t_998" from="5305" to="5311" />
    <span id="t_999" from="5312" to="5313" />
    <span id="t_1000" from="5313" to="5314" />
    <span id="t_1001" from="5314" to="5323" />
    <span id="t_1002" from="5324" to="5335" />
    <span id="t_1003" from="5336" to="5348" />
    <span id="t_1004" from="5349" to="5359" />
    <span id="t_1005" from="5360" to="5365" />
    <span id="t_1006" from="5366" to="5376" />
    <span id="t_1007" from="5377" to="5381" />
    <span id="t_1008" from="5382" to="5385" />
    <span id="t_1009" from="5386" to="5390" />
    <span id="t_1010" from="5391" to="5405" />
    <span id="t_1011" from="5406" to="5413" />
    <span id="t_1012" from="5414" to="5416" />
    <span id="t_1013" from="5417" to="5421" />
    <span id="t_1014" from="5422" to="5427" />
    <span id="t_1015" from="5428" to="5435" />
    <span id="t_1016" from="5436" to="5439" />
    <span id="t_1017" from="5440" to="5444" />
    <span id="t_1018" from="5444" to="5445" />
    <span id="t_1019" from="5447" to="5449" />
    <span id="t_1020" from="5450" to="5456" />
    <span id="t_1021" from="5457" to="5458" />
    <span id="t_1022" from="5459" to="5468" />
    <span id="t_1023" from="5469" to="5471" />
    <span id="t_1024" from="5472" to="5480" />
    <span id="t_1025" from="5481" to="5483" />
    <span id="t_1026" from="5484" to="5491" />
    <span id="t_1027" from="5492" to="5496" />
    <span id="t_1028" from="5497" to="5498" />
    <span id="t_1029" from="5499" to="5502" />
    <span id="t_1030" from="5503" to="5507" />
    <span id="t_1031" from="5508" to="5510" />
    <span id="t_1032" from="5511" to="5514" />
    <span id="t_1033" from="5515" to="5519" />
    <span id="t_1034" from="5520" to="5522" />
    <span id="t_1035" from="5523" to="5527" />
    <span id="t_1036" from="5528" to="5533" />
    <span id="t_1037" from="5534" to="5542" />
    <span id="t_1038" from="5543" to="5544" />
    <span id="t_1039" from="5545" to="5548" />
    <span id="t_1040" from="5549" to="5553" />
    <span id="t_1041" from="5553" to="5554" />
    <span id="t_1042" from="5555" to="5564" />
    <span id="t_1043" from="5565" to="5570" />
    <span id="t_1044" from="5571" to="5573" />
    <span id="t_1045" from="5574" to="5578" />
    <span id="t_1046" from="5578" to="5579" />
    <span id="t_1047" from="5580" to="5588" />
    <span id="t_1048" from="5589" to="5601" />
    <span id="t_1049" from="5602" to="5607" />
    <span id="t_1050" from="5608" to="5612" />
    <span id="t_1051" from="5613" to="5615" />
    <span id="t_1052" from="5616" to="5619" />
    <span id="t_1053" from="5620" to="5626" />
    <span id="t_1054" from="5626" to="5627" />
    <span id="t_1055" from="5628" to="5634" />
    <span id="t_1056" from="5635" to="5638" />
    <span id="t_1057" from="5639" to="5646" />
    <span id="t_1058" from="5647" to="5654" />
    <span id="t_1059" from="5655" to="5664" />
    <span id="t_1060" from="5665" to="5668" />
    <span id="t_1061" from="5669" to="5671" />
    <span id="t_1062" from="5672" to="5676" />
    <span id="t_1063" from="5676" to="5677" />
    <span id="t_1064" from="5678" to="5680" />
    <span id="t_1065" from="5681" to="5685" />
    <span id="t_1066" from="5686" to="5690" />
    <span id="t_1067" from="5691" to="5696" />
    <span id="t_1068" from="5697" to="5699" />
    <span id="t_1069" from="5700" to="5708" />
    <span id="t_1070" from="5709" to="5717" />
    <span id="t_1071" from="5718" to="5725" />
    <span id="t_1072" from="5726" to="5729" />
    <span id="t_1073" from="5730" to="5734" />
    <span id="t_1074" from="5735" to="5737" />
    <span id="t_1075" from="5738" to="5741" />
    <span id="t_1076" from="5742" to="5752" />
    <span id="t_1077" from="5753" to="5755" />
    <span id="t_1078" from="5756" to="5761" />
    <span id="t_1079" from="5762" to="5764" />
    <span id="t_1080" from="5765" to="5769" />
    <span id="t_1081" from="5770" to="5774" />
    <span id="t_1082" from="5775" to="5785" />
    <span id="t_1083" from="5786" to="5787" />
    <span id="t_1084" from="5787" to="5792" />
    <span id="t_1085" from="5793" to="5797" />
    <span id="t_1086" from="5798" to="5800" />
    <span id="t_1087" from="5801" to="5805" />
    <span id="t_1088" from="5806" to="5810" />
    <span id="t_1089" from="5811" to="5814" />
    <span id="t_1090" from="5815" to="5822" />
    <span id="t_1091" from="5822" to="5823" />
    <span id="t_1092" from="5824" to="5826" />
    <span id="t_1093" from="5827" to="5831" />
    <span id="t_1094" from="5832" to="5833" />
    <span id="t_1095" from="5833" to="5834" />
    <span id="t_1096" from="5834" to="5843" />
    <span id="t_1097" from="5844" to="5849" />
    <span id="t_1098" from="5850" to="5852" />
    <span id="t_1099" from="5853" to="5857" />
    <span id="t_1100" from="5858" to="5860" />
    <span id="t_1101" from="5861" to="5870" />
    <span id="t_1102" from="5871" to="5873" />
    <span id="t_1103" from="5874" to="5881" />
    <span id="t_1104" from="5882" to="5884" />
    <span id="t_1105" from="5885" to="5888" />
    <span id="t_1106" from="5889" to="5891" />
    <span id="t_1107" from="5892" to="5896" />
    <span id="t_1108" from="5897" to="5903" />
    <span id="t_1109" from="5904" to="5906" />
    <span id="t_1110" from="5907" to="5909" />
    <span id="t_1111" from="5910" to="5918" />
    <span id="t_1112" from="5919" to="5929" />
    <span id="t_1113" from="5929" to="5930" />
    <span id="t_1114" from="5932" to="5936" />
    <span id="t_1115" from="5937" to="5940" />
    <span id="t_1116" from="5941" to="5946" />
    <span id="t_1117" from="5947" to="5955" />
    <span id="t_1118" from="5955" to="5956" />
    <span id="t_1119" from="5957" to="5963" />
    <span id="t_1120" from="5964" to="5973" />
    <span id="t_1121" from="5974" to="5975" />
    <span id="t_1122" from="5975" to="5980" />
    <span id="t_1123" from="5980" to="5981" />
    <span id="t_1124" from="5981" to="5987" />
    <span id="t_1125" from="5988" to="5989" />
    <span id="t_1126" from="5989" to="5990" />
    <span id="t_1127" from="5990" to="5991" />
    <span id="t_1128" from="5992" to="5999" />
    <span id="t_1129" from="6000" to="6006" />
    <span id="t_1130" from="6007" to="6008" />
    <span id="t_1131" from="6008" to="6009" />
    <span id="t_1132" from="6009" to="6010" />
    <span id="t_1133" from="6011" to="6019" />
    <span id="t_1134" from="6020" to="6022" />
    <span id="t_1135" from="6023" to="6029" />
    <span id="t_1136" from="6030" to="6039" />
    <span id="t_1137" from="6040" to="6042" />
    <span id="t_1138" from="6043" to="6047" />
    <span id="t_1139" from="6048" to="6052" />
    <span id="t_1140" from="6053" to="6059" />
    <span id="t_1141" from="6060" to="6063" />
    <span id="t_1142" from="6064" to="6071" />
    <span id="t_1143" from="6072" to="6081" />
    <span id="t_1144" from="6082" to="6089" />
    <span id="t_1145" from="6090" to="6097" />
    <span id="t_1146" from="6098" to="6108" />
    <span id="t_1147" from="6108" to="6109" />
    <span id="t_1148" from="6110" to="6112" />
    <span id="t_1149" from="6113" to="6121" />
    <span id="t_1150" from="6122" to="6124" />
    <span id="t_1151" from="6125" to="6130" />
    <span id="t_1152" from="6131" to="6139" />
    <span id="t_1153" from="6140" to="6147" />
    <span id="t_1154" from="6148" to="6154" />
    <span id="t_1155" from="6155" to="6162" />
    <span id="t_1156" from="6163" to="6166" />
    <span id="t_1157" from="6167" to="6176" />
    <span id="t_1158" from="6177" to="6186" />
    <span id="t_1159" from="6187" to="6188" />
    <span id="t_1160" from="6189" to="6199" />
    <span id="t_1161" from="6199" to="6200" />
    <span id="t_1162" from="6201" to="6202" />
    <span id="t_1163" from="6203" to="6210" />
    <span id="t_1164" from="6210" to="6211" />
    <span id="t_1165" from="6212" to="6213" />
    <span id="t_1166" from="6214" to="6220" />
    <span id="t_1167" from="6221" to="6223" />
    <span id="t_1168" from="6224" to="6226" />
    <span id="t_1169" from="6227" to="6232" />
    <span id="t_1170" from="6232" to="6233" />
    <span id="t_1171" from="6234" to="6237" />
    <span id="t_1172" from="6238" to="6245" />
    <span id="t_1173" from="6246" to="6253" />
    <span id="t_1174" from="6254" to="6260" />
    <span id="t_1175" from="6261" to="6263" />
    <span id="t_1176" from="6264" to="6269" />
    <span id="t_1177" from="6270" to="6272" />
    <span id="t_1178" from="6273" to="6278" />
    <span id="t_1179" from="6279" to="6281" />
    <span id="t_1180" from="6282" to="6286" />
    <span id="t_1181" from="6287" to="6291" />
    <span id="t_1182" from="6292" to="6296" />
    <span id="t_1183" from="6297" to="6305" />
    <span id="t_1184" from="6306" to="6308" />
    <span id="t_1185" from="6309" to="6315" />
    <span id="t_1186" from="6316" to="6325" />
    <span id="t_1187" from="6326" to="6334" />
    <span id="t_1188" from="6335" to="6338" />
    <span id="t_1189" from="6339" to="6348" />
    <span id="t_1190" from="6348" to="6349" />
    <span id="t_1191" from="6350" to="6358" />
    <span id="t_1192" from="6359" to="6369" />
    <span id="t_1193" from="6370" to="6372" />
    <span id="t_1194" from="6373" to="6377" />
    <span id="t_1195" from="6378" to="6387" />
    <span id="t_1196" from="6388" to="6396" />
    <span id="t_1197" from="6397" to="6398" />
    <span id="t_1198" from="6398" to="6400" />
    <span id="t_1199" from="6401" to="6405" />
    <span id="t_1200" from="6406" to="6408" />
    <span id="t_1201" from="6409" to="6413" />
    <span id="t_1202" from="6414" to="6417" />
    <span id="t_1203" from="6418" to="6426" />
    <span id="t_1204" from="6427" to="6429" />
    <span id="t_1205" from="6430" to="6434" />
    <span id="t_1206" from="6435" to="6439" />
    <span id="t_1207" from="6440" to="6447" />
    <span id="t_1208" from="6448" to="6451" />
    <span id="t_1209" from="6452" to="6455" />
    <span id="t_1210" from="6456" to="6458" />
    <span id="t_1211" from="6459" to="6465" />
    <span id="t_1212" from="6466" to="6468" />
    <span id="t_1213" from="6469" to="6479" />
    <span id="t_1214" from="6479" to="6480" />
    <span id="t_1215" from="6480" to="6481" />
    <span id="t_1216" from="6482" to="6484" />
    <span id="t_1217" from="6485" to="6488" />
    <span id="t_1218" from="6489" to="6497" />
    <span id="t_1219" from="6498" to="6501" />
    <span id="t_1220" from="6502" to="6508" />
    <span id="t_1221" from="6509" to="6512" />
    <span id="t_1222" from="6513" to="6518" />
    <span id="t_1223" from="6519" to="6528" />
    <span id="t_1224" from="6529" to="6531" />
    <span id="t_1225" from="6532" to="6536" />
    <span id="t_1226" from="6537" to="6544" />
    <span id="t_1227" from="6545" to="6549" />
    <span id="t_1228" from="6550" to="6553" />
    <span id="t_1229" from="6554" to="6561" />
    <span id="t_1230" from="6561" to="6562" />
    <span id="t_1231" from="6563" to="6568" />
    <span id="t_1232" from="6569" to="6574" />
    <span id="t_1233" from="6575" to="6579" />
    <span id="t_1234" from="6580" to="6585" />
    <span id="t_1235" from="6586" to="6589" />
    <span id="t_1236" from="6590" to="6592" />
    <span id="t_1237" from="6593" to="6598" />
    <span id="t_1238" from="6599" to="6602" />
    <span id="t_1239" from="6603" to="6606" />
    <span id="t_1240" from="6607" to="6613" />
    <span id="t_1241" from="6614" to="6622" />
    <span id="t_1242" from="6622" to="6623" />
    <span id="t_1243" from="6624" to="6628" />
    <span id="t_1244" from="6629" to="6631" />
    <span id="t_1245" from="6632" to="6635" />
    <span id="t_1246" from="6636" to="6638" />
    <span id="t_1247" from="6639" to="6640" />
    <span id="t_1248" from="6641" to="6645" />
    <span id="t_1249" from="6646" to="6650" />
    <span id="t_1250" from="6651" to="6653" />
    <span id="t_1251" from="6654" to="6663" />
    <span id="t_1252" from="6664" to="6668" />
    <span id="t_1253" from="6669" to="6672" />
    <span id="t_1254" from="6673" to="6679" />
    <span id="t_1255" from="6680" to="6684" />
    <span id="t_1256" from="6685" to="6690" />
    <span id="t_1257" from="6691" to="6694" />
    <span id="t_1258" from="6695" to="6699" />
    <span id="t_1259" from="6700" to="6704" />
    <span id="t_1260" from="6705" to="6708" />
    <span id="t_1261" from="6709" to="6719" />
    <span id="t_1262" from="6720" to="6731" />
    <span id="t_1263" from="6731" to="6732" />
    <span id="t_1264" from="6734" to="6736" />
    <span id="t_1265" from="6737" to="6741" />
    <span id="t_1266" from="6742" to="6744" />
    <span id="t_1267" from="6745" to="6748" />
    <span id="t_1268" from="6749" to="6756" />
    <span id="t_1269" from="6757" to="6768" />
    <span id="t_1270" from="6769" to="6774" />
    <span id="t_1271" from="6775" to="6777" />
    <span id="t_1272" from="6778" to="6786" />
    <span id="t_1273" from="6787" to="6788" />
    <span id="t_1274" from="6788" to="6789" />
    <span id="t_1275" from="6789" to="6798" />
    <span id="t_1276" from="6799" to="6801" />
    <span id="t_1277" from="6802" to="6805" />
    <span id="t_1278" from="6806" to="6810" />
    <span id="t_1279" from="6811" to="6818" />
    <span id="t_1280" from="6819" to="6828" />
    <span id="t_1281" from="6829" to="6841" />
    <span id="t_1282" from="6842" to="6848" />
    <span id="t_1283" from="6848" to="6849" />
    <span id="t_1284" from="6850" to="6852" />
    <span id="t_1285" from="6853" to="6855" />
    <span id="t_1286" from="6856" to="6859" />
    <span id="t_1287" from="6860" to="6873" />
    <span id="t_1288" from="6874" to="6881" />
    <span id="t_1289" from="6882" to="6886" />
    <span id="t_1290" from="6887" to="6895" />
    <span id="t_1291" from="6896" to="6900" />
    <span id="t_1292" from="6901" to="6904" />
    <span id="t_1293" from="6905" to="6914" />
    <span id="t_1294" from="6915" to="6920" />
    <span id="t_1295" from="6921" to="6923" />
    <span id="t_1296" from="6924" to="6928" />
    <span id="t_1297" from="6929" to="6932" />
    <span id="t_1298" from="6933" to="6943" />
    <span id="t_1299" from="6944" to="6948" />
    <span id="t_1300" from="6949" to="6951" />
    <span id="t_1301" from="6952" to="6956" />
    <span id="t_1302" from="6957" to="6965" />
    <span id="t_1303" from="6966" to="6973" />
    <span id="t_1304" from="6974" to="6977" />
    <span id="t_1305" from="6978" to="6982" />
    <span id="t_1306" from="6983" to="6985" />
    <span id="t_1307" from="6986" to="6991" />
    <span id="t_1308" from="6992" to="7004" />
    <span id="t_1309" from="7005" to="7006" />
    <span id="t_1310" from="7007" to="7014" />
    <span id="t_1311" from="7015" to="7019" />
    <span id="t_1312" from="7020" to="7021" />
    <span id="t_1313" from="7022" to="7027" />
    <span id="t_1314" from="7028" to="7029" />
    <span id="t_1315" from="7029" to="7033" />
    <span id="t_1316" from="7033" to="7034" />
    <span id="t_1317" from="7035" to="7043" />
    <span id="t_1318" from="7045" to="7047" />
    <span id="t_1319" from="7048" to="7049" />
    <span id="t_1320" from="7050" to="7051" />
    <span id="t_1321" from="7052" to="7055" />
    <span id="t_1322" from="7056" to="7063" />
    <span id="t_1323" from="7064" to="7067" />
    <span id="t_1324" from="7068" to="7076" />
    <span id="t_1325" from="7077" to="7080" />
    <span id="t_1326" from="7081" to="7086" />
    <span id="t_1327" from="7086" to="7087" />
    <span id="t_1328" from="7088" to="7094" />
    <span id="t_1329" from="7095" to="7097" />
    <span id="t_1330" from="7098" to="7107" />
    <span id="t_1331" from="7108" to="7112" />
    <span id="t_1332" from="7113" to="7116" />
    <span id="t_1333" from="7117" to="7122" />
    <span id="t_1334" from="7123" to="7125" />
    <span id="t_1335" from="7126" to="7130" />
    <span id="t_1336" from="7131" to="7139" />
    <span id="t_1337" from="7139" to="7140" />
    <span id="t_1338" from="7141" to="7143" />
    <span id="t_1339" from="7143" to="7144" />
    <span id="t_1340" from="7145" to="7149" />
    <span id="t_1341" from="7150" to="7152" />
    <span id="t_1342" from="7153" to="7155" />
    <span id="t_1343" from="7156" to="7165" />
    <span id="t_1344" from="7166" to="7170" />
    <span id="t_1345" from="7171" to="7180" />
    <span id="t_1346" from="7180" to="7181" />
    <span id="t_1347" from="7183" to="7184" />
    <span id="t_1348" from="7184" to="7190" />
    <span id="t_1349" from="7191" to="7194" />
    <span id="t_1350" from="7195" to="7203" />
    <span id="t_1351" from="7204" to="7299" />
    <span id="t_1352" from="7299" to="7300" />
    <span id="t_1353" from="7302" to="7308" />
    <span id="t_1354" from="7309" to="7311" />
    <span id="t_1355" from="7312" to="7317" />
    <span id="t_1356" from="7318" to="7328" />
    <span id="t_1357" from="7329" to="7331" />
    <span id="t_1358" from="7332" to="7335" />
    <span id="t_1359" from="7335" to="7336" />
    <span id="t_1360" from="7338" to="7339" />
    <span id="t_1361" from="7339" to="7341" />
    <span id="t_1362" from="7342" to="7349" />
    <span id="t_1363" from="7350" to="7354" />
    <span id="t_1364" from="7355" to="7356" />
    <span id="t_1365" from="7357" to="7363" />
    <span id="t_1366" from="7364" to="7377" />
    <span id="t_1367" from="7377" to="7378" />
    <span id="t_1368" from="7379" to="7381" />
    <span id="t_1369" from="7382" to="7387" />
    <span id="t_1370" from="7389" to="7394" />
    <span id="t_1371" from="7395" to="7401" />
    <span id="t_1372" from="7402" to="7404" />
    <span id="t_1373" from="7405" to="7407" />
    <span id="t_1374" from="7408" to="7413" />
    <span id="t_1375" from="7414" to="7415" />
    <span id="t_1376" from="7416" to="7424" />
    <span id="t_1377" from="7425" to="7428" />
    <span id="t_1378" from="7429" to="7438" />
    <span id="t_1379" from="7439" to="7440" />
    <span id="t_1380" from="7441" to="7450" />
    <span id="t_1381" from="7451" to="7459" />
    <span id="t_1382" from="7461" to="7468" />
    <span id="t_1383" from="7468" to="7469" />
    <span id="t_1384" from="7470" to="7473" />
    <span id="t_1385" from="7474" to="7476" />
    <span id="t_1386" from="7477" to="7479" />
    <span id="t_1387" from="7480" to="7483" />
    <span id="t_1388" from="7484" to="7492" />
    <span id="t_1389" from="7493" to="7499" />
    <span id="t_1390" from="7500" to="7507" />
    <span id="t_1391" from="7508" to="7510" />
    <span id="t_1392" from="7511" to="7514" />
    <span id="t_1393" from="7515" to="7518" />
    <span id="t_1394" from="7519" to="7531" />
    <span id="t_1395" from="7532" to="7535" />
    <span id="t_1396" from="7536" to="7539" />
    <span id="t_1397" from="7540" to="7545" />
    <span id="t_1398" from="7546" to="7555" />
    <span id="t_1399" from="7556" to="7560" />
    <span id="t_1400" from="7561" to="7563" />
    <span id="t_1401" from="7564" to="7569" />
    <span id="t_1402" from="7570" to="7571" />
    <span id="t_1403" from="7572" to="7581" />
    <span id="t_1404" from="7581" to="7582" />
    <span id="t_1405" from="7583" to="7586" />
    <span id="t_1406" from="7587" to="7596" />
    <span id="t_1407" from="7597" to="7599" />
    <span id="t_1408" from="7600" to="7606" />
    <span id="t_1409" from="7607" to="7609" />
    <span id="t_1410" from="7610" to="7614" />
    <span id="t_1411" from="7615" to="7619" />
    <span id="t_1412" from="7621" to="7627" />
    <span id="t_1413" from="7628" to="7632" />
    <span id="t_1414" from="7633" to="7638" />
    <span id="t_1415" from="7639" to="7645" />
    <span id="t_1416" from="7646" to="7648" />
    <span id="t_1417" from="7649" to="7651" />
    <span id="t_1418" from="7652" to="7663" />
    <span id="t_1419" from="7664" to="7667" />
    <span id="t_1420" from="7668" to="7676" />
    <span id="t_1421" from="7677" to="7687" />
    <span id="t_1422" from="7688" to="7691" />
    <span id="t_1423" from="7692" to="7702" />
    <span id="t_1424" from="7703" to="7705" />
    <span id="t_1425" from="7706" to="7712" />
    <span id="t_1426" from="7713" to="7721" />
    <span id="t_1427" from="7723" to="7725" />
    <span id="t_1428" from="7726" to="7730" />
    <span id="t_1429" from="7731" to="7734" />
    <span id="t_1430" from="7735" to="7738" />
    <span id="t_1431" from="7739" to="7741" />
    <span id="t_1432" from="7742" to="7745" />
    <span id="t_1433" from="7746" to="7752" />
    <span id="t_1434" from="7753" to="7755" />
    <span id="t_1435" from="7756" to="7764" />
    <span id="t_1436" from="7765" to="7767" />
    <span id="t_1437" from="7768" to="7776" />
    <span id="t_1438" from="7777" to="7779" />
    <span id="t_1439" from="7780" to="7783" />
    <span id="t_1440" from="7785" to="7790" />
    <span id="t_1441" from="7792" to="7798" />
  </spanList>
</layer>