<?xml version="1.0" encoding="UTF-8"?>
<?xml-model href="span.rng"
            type="application/xml"
            schematypens="http://relaxng.org/ns/structure/1.0"?>
<layer docid="WDF19_A0000.13072"
       xmlns="http://ids-mannheim.de/ns/KorAP"
       version="KorAP-0.4">
  <spanList>
    <span id="t_0" from="0" to="12" />
    <span id="t_1" from="14" to="16" />
    <span id="t_2" from="17" to="24" />
    <span id="t_3" from="25" to="29" />
    <span id="t_4" from="30" to="34" />
    <span id="t_5" from="35" to="41" />
    <span id="t_6" from="42" to="43" />
    <span id="t_7" from="44" to="51" />
    <span id="t_8" from="52" to="59" />
    <span id="t_9" from="60" to="72" />
    <span id="t_10" from="73" to="74" />
    <span id="t_11" from="76" to="78" />
    <span id="t_12" from="79" to="81" />
    <span id="t_13" from="82" to="84" />
    <span id="t_14" from="85" to="91" />
    <span id="t_15" from="92" to="95" />
    <span id="t_16" from="96" to="98" />
    <span id="t_17" from="99" to="102" />
    <span id="t_18" from="103" to="110" />
    <span id="t_19" from="111" to="122" />
    <span id="t_20" from="122" to="123" />
    <span id="t_21" from="123" to="134" />
    <span id="t_22" from="135" to="139" />
    <span id="t_23" from="140" to="142" />
    <span id="t_24" from="143" to="146" />
    <span id="t_25" from="147" to="149" />
    <span id="t_26" from="150" to="162" />
    <span id="t_27" from="163" to="167" />
    <span id="t_28" from="168" to="178" />
    <span id="t_29" from="178" to="179" />
    <span id="t_30" from="179" to="188" />
    <span id="t_31" from="189" to="191" />
    <span id="t_32" from="192" to="197" />
    <span id="t_33" from="198" to="202" />
    <span id="t_34" from="203" to="204" />
    <span id="t_35" from="205" to="207" />
    <span id="t_36" from="207" to="208" />
    <span id="t_37" from="208" to="210" />
    <span id="t_38" from="211" to="212" />
    <span id="t_39" from="212" to="216" />
    <span id="t_40" from="216" to="217" />
    <span id="t_41" from="218" to="221" />
    <span id="t_42" from="222" to="226" />
    <span id="t_43" from="227" to="228" />
    <span id="t_44" from="229" to="233" />
    <span id="t_45" from="234" to="242" />
    <span id="t_46" from="242" to="243" />
    <span id="t_47" from="244" to="252" />
    <span id="t_48" from="253" to="255" />
    <span id="t_49" from="256" to="263" />
    <span id="t_50" from="264" to="268" />
    <span id="t_51" from="269" to="270" />
    <span id="t_52" from="271" to="276" />
    <span id="t_53" from="277" to="278" />
    <span id="t_54" from="278" to="282" />
    <span id="t_55" from="282" to="283" />
  </spanList>
</layer>